Date,Open,High,Low,Close,Volume,Color
1998-07-22,7950,7950,7820,7870,360,g
1998-07-23,7830,7859,7802,7825,190,g
1998-07-24,7750,7835,7740,7835,340,r
1998-07-27,7830,7835,7780,7786,150,g
1998-07-28,7809,7830,7741,7742,264,g
1998-07-29,7710,7729,7657,7680,323,g
1998-07-30,7665,7678,7620,7638,221,g
1998-07-31,7660,7683,7600,7600,257,g
1998-08-01,7557,7609,7550,7609,378,r
1998-08-03,7640,7657,7542,7552,293,g
1998-08-04,7555,7600,7548,7560,302,r
1998-08-05,7510,7520,7470,7487,455,g
1998-08-06,7515,7525,7451,7462,270,g
1998-08-07,7480,7520,7452,7515,453,r
1998-08-10,7500,7500,7350,7365,345,g
1998-08-11,7316,7379,7316,7360,386,r
1998-08-12,7335,7335,7281,7330,384,g
1998-08-13,7360,7378,7291,7291,496,g
1998-08-14,7275,7326,7140,7320,528,r
1998-08-15,7261,7338,7261,7300,361,r
1998-08-17,7285,7285,7219,7219,308,g
1998-08-18,7250,7250,7165,7220,574,g
1998-08-19,7269,7300,7260,7285,543,r
1998-08-20,7300,7300,7253,7274,322,g
1998-08-21,7255,7255,7220,7225,301,g
1998-08-24,7172,7175,6955,6955,919,g
1998-08-25,6938,6970,6844,6949,780,r
1998-08-26,6990,7014,6790,6790,839,g
1998-08-27,6681,6850,6651,6835,1137,r
1998-08-28,6699,6820,6655,6695,1285,g
1998-08-29,6700,6780,6700,6728,698,r
1998-08-31,6750,6756,6566,6566,922,g
1998-09-01,6352,6410,6216,6410,1584,r
1998-09-02,6494,6495,6380,6430,1417,g
1998-09-03,6400,6400,6200,6200,1459,g
1998-09-04,6120,6400,6120,6399,1789,r
1998-09-05,6420,6710,6420,6700,2198,r
1998-09-07,6730,6769,6603,6719,1632,g
1998-09-08,6719,6870,6700,6865,1410,r
1998-09-09,6930,6931,6735,6770,1901,g
1998-09-10,6720,6798,6702,6730,1371,r
1998-09-11,6680,6769,6630,6769,1804,r
1998-09-14,6789,6849,6769,6818,871,r
1998-09-15,6840,6850,6780,6825,612,g
1998-09-16,6815,6995,6815,6995,732,r
1998-09-17,6945,6964,6892,6906,1979,g
1998-09-18,6840,6876,6832,6842,1470,r
1998-09-19,6859,7040,6855,7039,2339,r
1998-09-21,7035,7060,6850,6861,2307,g
1998-09-22,6930,6958,6855,6926,1715,g
1998-09-23,6900,6946,6850,6852,1773,g
1998-09-24,6940,6940,6870,6890,1403,g
1998-09-25,6856,6881,6771,6871,1928,r
1998-09-28,6860,6880,6801,6840,1132,g
1998-09-29,6870,6875,6780,6806,1389,g
1998-09-30,6806,6827,6751,6787,1239,g
1998-10-01,6738,6745,6620,6620,2073,g
1998-10-02,6530,6530,6311,6398,2532,g
1998-10-03,6398,6555,6398,6550,2383,r
1998-10-06,6490,6493,6320,6450,2007,g
1998-10-07,6469,6640,6469,6639,2348,r
1998-10-08,6600,7035,6600,6981,3281,r
1998-10-09,6980,7028,6830,6900,3290,g
1998-10-12,6980,6980,6900,6935,1613,g
1998-10-13,6950,6990,6851,6852,2387,g
1998-10-14,6830,6830,6740,6775,2224,g
1998-10-15,6775,6781,6720,6760,1188,g
1998-10-17,6950,6975,6895,6908,1592,g
1998-10-19,6920,6926,6871,6900,641,g
1998-10-20,6885,6898,6812,6812,777,g
1998-10-21,6812,7055,6789,7054,926,r
1998-10-22,7030,7038,6905,6955,2243,g
1998-10-23,6975,7040,6962,7015,2586,r
1998-10-26,7000,7010,6951,7010,1463,r
1998-10-27,7020,7061,6980,7014,2071,g
1998-10-28,7005,7020,6906,6914,2947,g
1998-10-29,6912,6965,6907,6965,1515,r
1998-10-30,7000,7046,6950,7035,2302,r
1998-10-31,7058,7120,7035,7118,2753,r
1998-11-02,7129,7200,7118,7181,2530,r
1998-11-03,7150,7150,7073,7080,2876,g
1998-11-04,7051,7060,6920,6958,3434,g
1998-11-05,6970,7025,6903,7015,2888,r
1998-11-06,7018,7018,6915,6921,3000,g
1998-11-07,6930,7000,6930,7000,2117,r
1998-11-09,7001,7018,6940,6965,1374,g
1998-11-10,6901,6901,6828,6831,2496,g
1998-11-11,6781,6788,6707,6710,2317,g
1998-11-13,6850,6899,6820,6894,2411,r
1998-11-16,6914,7072,6914,7070,1784,r
1998-11-17,7070,7180,7041,7165,1252,r
1998-11-18,7195,7198,7052,7110,940,g
1998-11-19,7160,7365,7160,7350,3567,r
1998-11-20,7360,7390,7293,7390,2989,r
1998-11-21,7425,7456,7355,7380,3385,g
1998-11-23,7326,7380,7320,7344,1636,r
1998-11-24,7425,7538,7425,7525,3250,r
1998-11-25,7250,7380,7250,7366,4222,r
1998-11-26,7385,7550,7368,7529,3485,r
1998-11-27,7550,7558,7455,7490,2598,g
1998-11-30,7480,7484,7410,7413,2194,g
1998-12-01,7360,7415,7328,7336,2815,g
1998-12-02,7400,7420,7355,7380,2268,g
1998-12-03,7365,7370,7301,7321,1844,g
1998-12-04,7320,7384,7306,7384,2017,r
1998-12-07,7534,7540,7470,7470,2958,g
1998-12-08,7500,7510,7350,7352,2678,g
1998-12-09,7328,7338,7201,7226,2646,g
1998-12-10,7200,7250,7151,7186,2171,g
1998-12-11,7110,7190,6960,6965,2886,g
1998-12-14,6965,7040,6940,6959,1576,g
1998-12-15,6901,7010,6760,7000,2067,r
1998-12-16,6975,6985,6760,6760,1701,g
1998-12-17,6761,6870,6672,6691,5263,g
1998-12-18,6750,6830,6660,6769,5258,r
1998-12-19,6759,6759,6588,6612,4491,g
1998-12-21,6660,6747,6650,6705,3869,r
1998-12-22,6749,6950,6732,6940,4617,r
1998-12-23,6920,6930,6820,6835,3868,g
1998-12-24,6920,6949,6835,6840,3801,g
1998-12-28,6789,6789,6550,6591,4403,g
1998-12-29,6530,6645,6480,6630,3876,r
1998-12-30,6649,6720,6581,6608,4600,g
1998-12-31,6669,6680,6531,6531,3173,g
1999-01-05,6430,6430,6074,6120,5058,g
1999-01-06,6011,6330,6011,6245,5903,r
1999-01-07,6385,6510,6211,6510,5515,r
1999-01-08,6442,6520,6391,6452,4385,r
1999-01-11,6478,6500,6385,6435,2558,g
1999-01-12,6435,6470,6360,6390,3195,g
1999-01-13,6332,6360,6290,6352,2693,r
1999-01-14,6318,6335,6231,6280,2775,g
1999-01-15,6220,6600,6200,6600,3923,r
1999-01-16,6599,6619,6502,6530,2442,g
1999-01-18,6530,6530,6410,6412,885,g
1999-01-19,6421,6486,6355,6385,932,g
1999-01-20,6385,6395,6309,6321,1015,g
1999-01-21,6420,6548,6415,6417,4800,g
1999-01-22,6359,6391,6271,6285,3985,g
1999-01-25,6220,6220,6031,6040,3424,g
1999-01-26,6089,6230,6026,6220,5115,r
1999-01-27,6249,6270,6141,6145,3969,g
1999-01-28,6101,6140,6052,6070,3359,g
1999-01-29,6102,6120,6020,6080,3691,g
1999-01-30,6080,6200,6050,6110,5084,r
1999-02-01,6051,6051,5952,5954,3284,g
1999-02-02,6000,6010,5860,5880,3803,g
1999-02-03,5800,5940,5711,5890,5641,r
1999-02-04,5852,5870,5550,5558,5240,g
1999-02-05,5462,5775,5462,5580,5807,r
1999-02-06,5640,5770,5590,5767,5022,r
1999-02-08,5750,5890,5750,5835,3572,r
1999-02-09,5800,5810,5751,5770,1545,g
1999-02-10,5735,5849,5720,5840,1373,r
1999-02-20,5980,6149,5950,6140,1197,r
1999-02-22,6250,6550,6250,6530,5356,r
1999-02-23,6539,6540,6315,6315,5973,g
1999-02-24,6335,6426,6275,6425,5943,r
1999-02-25,6395,6499,6350,6380,5210,g
1999-02-26,6355,6470,6285,6469,4658,r
1999-03-01,6410,6456,6368,6419,3787,r
1999-03-02,6450,6450,6312,6345,4189,g
1999-03-03,6301,6495,6298,6450,5452,r
1999-03-04,6450,6478,6380,6388,5499,g
1999-03-05,6400,6445,6340,6425,4459,r
1999-03-06,6528,6534,6435,6440,4710,g
1999-03-08,6450,6465,6390,6465,2462,r
1999-03-09,6465,6535,6445,6489,4157,r
1999-03-10,6480,6520,6460,6520,2695,r
1999-03-11,6549,6549,6451,6451,2635,g
1999-03-12,6455,6489,6431,6489,1699,r
1999-03-15,6466,6630,6450,6619,2078,r
1999-03-16,6634,6698,6619,6659,1487,r
1999-03-17,6680,6790,6675,6776,1484,r
1999-03-18,6775,6940,6775,6934,4144,r
1999-03-19,6968,7080,6915,7070,4410,r
1999-03-20,7044,7080,7011,7075,3769,r
1999-03-22,7055,7135,7025,7100,2710,r
1999-03-23,7130,7157,7005,7005,4342,g
1999-03-24,6921,7000,6920,6981,4683,r
1999-03-25,7010,7035,6980,7010,2906,r
1999-03-26,7054,7110,7030,7095,3784,r
1999-03-29,7095,7095,6947,6947,3684,g
1999-03-30,6990,7000,6920,6984,3603,g
1999-03-31,6949,6971,6888,6935,3602,g
1999-04-01,6920,7117,6916,7110,4887,r
1999-04-02,7137,7390,7130,7366,5807,r
1999-04-03,7379,7388,7280,7305,4636,g
1999-04-06,7351,7365,7280,7314,2770,g
1999-04-07,7310,7320,7235,7274,3160,g
1999-04-08,7308,7435,7302,7380,4669,r
1999-04-09,7410,7434,7330,7330,4024,g
1999-04-12,7280,7325,7236,7275,3680,g
1999-04-13,7330,7380,7310,7377,3347,r
1999-04-14,7359,7429,7356,7365,3501,r
1999-04-15,7360,7480,7320,7480,3417,r
1999-04-16,7525,7540,7410,7460,2774,g
1999-04-17,7441,7570,7427,7570,1899,r
1999-04-19,7596,7669,7551,7620,1296,r
1999-04-20,7558,7668,7551,7640,901,r
1999-04-21,7662,7688,7480,7490,1798,g
1999-04-22,7589,7618,7535,7590,4262,r
1999-04-23,7630,7689,7616,7653,4592,r
1999-04-26,7631,7665,7585,7630,3108,g
1999-04-27,7640,7650,7550,7575,3256,g
1999-04-28,7561,7589,7540,7559,2636,g
1999-04-29,7502,7502,7381,7381,5961,g
1999-04-30,7350,7440,7335,7440,4727,r
1999-05-03,7450,7450,7382,7436,2622,g
1999-05-04,7479,7629,7479,7625,5721,r
1999-05-05,7581,7637,7568,7599,3291,r
1999-05-06,7650,7669,7581,7603,3294,g
1999-05-07,7551,7579,7501,7519,3685,g
1999-05-10,7495,7564,7460,7560,2902,r
1999-05-11,7565,7629,7460,7470,4013,g
1999-05-12,7505,7518,7455,7518,2694,r
1999-05-13,7490,7533,7463,7469,2389,g
1999-05-14,7515,7615,7515,7610,3525,r
1999-05-15,7561,7610,7559,7610,1700,r
1999-05-17,7608,7670,7580,7600,1811,g
1999-05-18,7608,7622,7530,7600,1095,g
1999-05-19,7620,7625,7554,7609,1753,g
1999-05-20,7663,7679,7610,7610,3978,g
1999-05-21,7620,7649,7600,7625,2195,r
1999-05-24,7620,7630,7580,7628,2455,r
1999-05-25,7580,7589,7500,7509,4904,g
1999-05-26,7462,7500,7430,7500,4280,r
1999-05-27,7526,7540,7480,7480,2901,g
1999-05-28,7430,7448,7402,7418,3395,g
1999-05-29,7438,7459,7410,7439,2123,r
1999-05-31,7428,7428,7321,7321,2891,g
1999-06-01,7323,7409,7323,7408,2952,r
1999-06-02,7386,7458,7381,7452,3163,r
1999-06-03,7486,7540,7472,7510,3292,r
1999-06-04,7510,7535,7500,7535,1614,r
1999-06-05,7579,7592,7560,7584,2194,r
1999-06-07,7600,7797,7600,7795,4588,r
1999-06-08,7898,7937,7850,7894,2870,g
1999-06-09,7893,7927,7855,7925,2287,r
1999-06-10,7942,8025,7941,7960,2548,r
1999-06-11,7960,7988,7902,7960,1857,r
1999-06-14,7940,7975,7920,7975,1284,r
1999-06-15,8090,8090,7920,7943,1714,g
1999-06-16,7950,8090,7913,8090,2128,r
1999-06-17,8193,8349,8170,8349,4654,r
1999-06-21,8389,8480,8320,8439,3935,r
1999-06-22,8459,8700,8422,8690,4372,r
1999-06-23,8630,8667,8522,8527,5303,g
1999-06-24,8561,8715,8503,8697,4819,r
1999-06-25,8601,8601,8380,8434,5512,g
1999-06-28,8429,8480,8380,8447,2883,r
1999-06-29,8524,8625,8520,8618,3720,r
1999-06-30,8650,8650,8522,8559,2884,g
1999-07-02,8618,8700,8590,8631,3213,r
1999-07-03,8680,8730,8581,8616,2856,g
1999-07-05,8580,8630,8540,8608,2068,r
1999-07-06,8589,8620,8510,8526,2582,g
1999-07-07,8500,8565,8475,8560,2970,r
1999-07-08,8580,8639,8560,8615,2519,r
1999-07-09,8595,8647,8563,8565,1759,g
1999-07-12,8581,8594,8520,8550,1704,g
1999-07-13,8510,8510,8280,8280,4296,g
1999-07-14,8250,8320,7870,7985,4794,g
1999-07-15,8021,8090,7876,8030,3510,r
1999-07-16,8060,8120,7468,7468,3767,g
1999-07-17,7110,7450,7051,7418,3694,r
1999-07-19,7360,7470,7052,7395,1156,r
1999-07-20,7500,7855,7500,7815,1332,r
1999-07-21,7690,7814,7627,7790,608,r
1999-07-22,7700,7750,7620,7623,2847,g
1999-07-23,7620,7749,7600,7749,2902,r
1999-07-26,7650,7695,7550,7567,2455,g
1999-07-27,7548,7550,7350,7395,3713,g
1999-07-28,7500,7525,7430,7479,2685,g
1999-07-29,7451,7469,7320,7329,2787,g
1999-07-30,7200,7451,7153,7449,3284,r
1999-07-31,7380,7460,7254,7268,2716,g
1999-08-02,7285,7350,7169,7210,3083,g
1999-08-03,7152,7260,7015,7195,4199,r
1999-08-04,7195,7268,7092,7095,3077,g
1999-08-05,7030,7079,6957,6958,3977,g
1999-08-06,6999,7048,6851,6870,3809,g
1999-08-07,6880,7088,6851,7035,4337,r
1999-08-09,7080,7082,6980,7015,2494,g
1999-08-10,7015,7300,6980,7290,4111,r
1999-08-11,7290,7340,7205,7230,3604,g
1999-08-12,7315,7405,7261,7316,3264,r
1999-08-13,7814,7814,7516,7685,3592,g
1999-08-16,7730,8222,7730,8195,2938,r
1999-08-17,8103,8150,7990,8130,1503,r
1999-08-18,8196,8196,7980,8000,695,g
1999-08-19,8030,8074,7985,8074,2673,r
1999-08-20,8100,8255,8078,8219,3446,r
1999-08-21,8299,8388,8260,8261,3329,g
1999-08-23,8249,8265,8151,8265,2056,r
1999-08-24,8355,8379,8000,8001,3708,g
1999-08-25,8011,8245,7988,8230,3643,r
1999-08-26,8265,8300,8050,8134,3108,g
1999-08-27,8100,8152,8056,8145,2626,r
1999-08-30,8090,8230,8075,8190,2748,r
1999-08-31,8134,8264,8130,8248,2852,r
1999-09-01,8300,8475,8300,8426,4238,r
1999-09-02,8470,8495,8331,8352,3228,g
1999-09-03,8340,8340,8132,8132,3542,g
1999-09-04,8276,8280,8070,8137,3514,g
1999-09-06,8150,8215,8060,8215,2251,r
1999-09-07,8200,8238,7926,7930,3275,g
1999-09-08,7950,8045,7871,7970,3716,r
1999-09-09,7933,8037,7912,8010,2531,r
1999-09-10,8059,8218,8052,8190,2345,r
1999-09-13,8185,8245,8150,8189,1380,r
1999-09-14,8160,8166,8051,8119,989,g
1999-09-15,8062,8115,7981,7983,1187,g
1999-09-16,7915,8005,7905,7975,2503,r
1999-09-17,8011,8037,7877,7921,2618,g
1999-09-18,7980,8040,7960,8018,2295,r
1999-09-20,7980,8030,7933,7987,1569,r
1999-09-27,7708,7708,7708,7708,103,r
1999-09-28,7439,7439,7439,7439,1005,r
1999-09-29,7439,7600,7392,7589,3666,r
1999-09-30,7539,7630,7530,7540,2448,r
1999-10-01,7613,7648,7555,7648,2507,r
1999-10-02,7620,7648,7532,7599,2083,g
1999-10-04,7570,7645,7543,7618,1787,r
1999-10-05,7665,7675,7510,7510,1889,g
1999-10-06,7511,7538,7456,7535,1781,r
1999-10-07,7580,7608,7552,7580,1790,r
1999-10-08,7560,7570,7500,7520,1178,g
1999-10-11,7536,7595,7535,7586,1242,r
1999-10-12,7600,7830,7590,7826,2914,r
1999-10-13,7780,7830,7756,7828,1723,r
1999-10-14,7753,7900,7745,7900,1646,r
1999-10-15,7900,7933,7810,7810,1296,g
1999-10-16,7741,7849,7725,7812,1191,r
1999-10-18,7780,7820,7720,7735,728,g
1999-10-19,7751,7775,7685,7690,759,g
1999-10-20,7730,7730,7656,7678,841,g
1999-10-21,7780,7785,7680,7683,2301,g
1999-10-22,7690,7730,7500,7597,3094,g
1999-10-25,7613,7690,7575,7688,2024,r
1999-10-26,7667,7770,7650,7736,2695,r
1999-10-27,7722,7775,7682,7737,1811,r
1999-10-28,7756,7765,7710,7727,1150,g
1999-10-29,7800,7819,7735,7776,2154,g
1999-10-30,7840,7965,7830,7948,3262,r
1999-11-01,7938,7938,7890,7911,1356,g
1999-11-02,7880,7890,7781,7820,2096,g
1999-11-03,7820,7820,7669,7678,2297,g
1999-11-04,7711,7719,7533,7565,2733,g
1999-11-05,7550,7620,7481,7619,2847,r
1999-11-06,7640,7640,7400,7400,3358,g
1999-11-08,7326,7488,7320,7441,2993,r
1999-11-09,7460,7490,7382,7382,1925,g
1999-11-10,7378,7570,7370,7443,2612,r
1999-11-11,7501,7590,7501,7575,2172,r
1999-11-15,7620,7628,7506,7582,874,g
1999-11-16,7595,7652,7550,7629,1176,r
1999-11-17,7659,7686,7635,7669,1374,r
1999-11-18,7640,7775,7640,7741,2557,r
1999-11-19,7798,7828,7751,7800,2221,r
1999-11-20,7901,7980,7878,7980,2507,r
1999-11-22,8030,8160,7980,8139,2716,r
1999-11-23,8180,8180,8051,8130,2358,g
1999-11-24,8000,8060,7961,7965,2736,g
1999-11-25,7971,8023,7882,8016,2677,r
1999-11-26,8016,8025,7581,7700,4559,g
1999-11-29,7761,7865,7751,7855,2862,r
1999-11-30,7885,7895,7752,7764,2492,g
1999-12-01,7750,7820,7710,7820,1408,r
1999-12-02,7810,7881,7793,7848,2085,r
1999-12-03,7885,7997,7881,7974,2320,r
1999-12-04,8084,8095,8015,8022,2012,g
1999-12-06,8010,8010,7885,7929,1850,g
1999-12-07,7909,7928,7845,7870,1719,g
1999-12-08,7850,7930,7838,7840,1352,g
1999-12-09,7810,7870,7770,7770,1570,g
1999-12-10,7785,7810,7716,7800,1326,r
1999-12-13,7820,7950,7820,7950,1247,r
1999-12-14,7950,7950,7860,7872,765,g
1999-12-15,7854,7890,7830,7883,1011,r
1999-12-16,7925,7950,7792,7795,2224,g
1999-12-17,7820,7859,7768,7816,1533,g
1999-12-18,7826,7873,7816,7860,1496,r
1999-12-20,7860,7860,7780,7841,1010,g
1999-12-21,7841,7998,7814,7970,1884,r
1999-12-22,8039,8080,8003,8020,1763,g
1999-12-23,8018,8115,8000,8106,1721,r
1999-12-24,8170,8350,8167,8329,2207,r
1999-12-27,8349,8560,8310,8560,2234,r
1999-12-28,8560,8565,8451,8564,1990,r
2000-01-04,8688,8939,8650,8843,2800,r
2000-01-05,8718,8870,8671,8810,2854,r
2000-01-06,8840,9005,8820,8850,2501,r
2000-01-07,8781,8870,8711,8829,2409,r
2000-01-10,8949,9200,8880,9200,2638,r
2000-01-11,9340,9340,8930,8951,3367,g
2000-01-12,8951,9190,8951,9190,2028,r
2000-01-13,9190,9195,9066,9115,1796,g
2000-01-14,9161,9190,8976,9073,2198,g
2000-01-15,9175,9230,9095,9230,1556,r
2000-01-17,9230,9390,9201,9300,1264,r
2000-01-18,9290,9298,9206,9278,607,g
2000-01-19,9240,9299,9176,9185,993,g
2000-01-20,9217,9269,9173,9269,2124,r
2000-01-21,9250,9399,9245,9350,2278,r
2000-01-24,9409,9498,9370,9498,2128,r
2000-01-25,9431,9452,9370,9452,1735,r
2000-01-26,9520,9760,9520,9722,2952,r
2000-01-27,9750,9810,9690,9730,2234,g
2000-01-28,9660,9800,9657,9800,1935,r
2000-01-29,9700,9759,9685,9759,1907,r
2000-01-31,9736,9870,9710,9867,1525,r
2000-02-01,9949,10030,9930,10030,2075,r
2000-02-09,10173,10199,10081,10149,1838,g
2000-02-10,10140,10195,10099,10145,1336,r
2000-02-11,10185,10287,10160,10167,1463,g
2000-02-14,10100,10158,9962,9980,1107,g
2000-02-15,9901,10005,9881,9988,979,r
2000-02-16,9999,10090,9999,10090,636,r
2000-02-17,10140,10328,10122,10293,2132,r
2000-02-18,10373,10438,10131,10160,2899,g
2000-02-19,10103,10309,10093,10286,2357,r
2000-02-21,10219,10270,10000,10020,2472,g
2000-02-22,9961,10020,9771,9875,4247,g
2000-02-23,9820,9890,9701,9701,2429,g
2000-02-24,9780,9845,9670,9740,2448,g
2000-02-25,9750,9753,9550,9602,2380,g
2000-02-29,9652,9720,9580,9630,1910,g
2000-03-01,9701,9845,9701,9845,2459,r
2000-03-02,9839,9845,9665,9693,2159,g
2000-03-03,9700,9765,9671,9760,1589,r
2000-03-04,9840,9844,9670,9675,1682,g
2000-03-06,9630,9645,9522,9525,1956,g
2000-03-07,9480,9585,9426,9565,2067,r
2000-03-08,9530,9625,9500,9520,1853,g
2000-03-09,9575,9694,9575,9687,1936,r
2000-03-10,9710,9740,9515,9520,1837,g
2000-03-13,9430,9430,8854,8854,1938,g
2000-03-14,8550,8891,8529,8848,1870,r
2000-03-15,8735,8898,8590,8590,1152,g
2000-03-16,8650,8730,8380,8664,3350,r
2000-03-17,8701,8726,8552,8564,3625,g
2000-03-20,8265,8265,8265,8265,274,r
2000-03-21,8259,8843,8259,8843,2840,r
2000-03-22,8999,9198,8840,9075,4516,r
2000-03-23,9208,9694,9186,9636,4070,r
2000-03-24,9610,9610,9420,9545,3047,g
2000-03-27,9520,9897,9520,9835,2883,r
2000-03-28,9801,9945,9751,9866,2887,r
2000-03-29,9780,9910,9760,9848,1948,r
2000-03-30,9830,10130,9810,9983,2724,r
2000-03-31,9880,9983,9836,9915,2047,r
2000-04-01,9900,10149,9845,10149,2487,r
2000-04-05,10209,10390,10050,10352,2820,r
2000-04-06,10380,10387,9966,10010,3023,g
2000-04-07,10070,10130,9950,10079,2387,r
2000-04-08,10079,10126,9975,10044,1689,g
2000-04-10,10030,10270,9930,10262,2374,r
2000-04-11,10201,10260,10122,10181,1692,g
2000-04-12,10130,10175,9942,9950,2169,g
2000-04-13,9750,9798,9552,9720,2516,g
2000-04-14,9535,9690,9311,9318,1467,g
2000-04-15,8766,8980,8666,8700,2118,g
2000-04-17,8710,9003,8701,9003,1287,r
2000-04-18,9250,9410,9172,9302,612,r
2000-04-19,9499,9499,9090,9090,502,g
2000-04-20,9052,9209,8852,9209,4011,r
2000-04-21,9175,9275,9060,9132,3008,g
2000-04-24,9129,9129,8816,8816,2759,g
2000-04-25,8784,9030,8727,9000,4218,r
2000-04-26,9050,9050,8468,8480,4792,g
2000-04-27,8578,8698,8510,8629,3742,r
2000-04-28,8650,8920,8550,8850,4001,r
2000-04-29,8820,8878,8720,8828,3126,r
2000-05-02,8890,8905,8661,8684,2907,g
2000-05-03,8612,8612,8456,8518,3082,g
2000-05-04,8590,8730,8382,8509,4394,g
2000-05-05,8430,8815,8400,8800,4091,r
2000-05-06,8750,8820,8691,8760,3538,r
2000-05-08,8735,8780,8603,8710,3044,g
2000-05-09,8697,8764,8619,8758,2838,r
2000-05-10,8770,8819,8601,8601,4565,g
2000-05-11,8450,8490,8370,8447,3849,g
2000-05-12,8530,8652,8510,8600,3028,r
2000-05-15,8605,8630,8500,8520,1884,g
2000-05-16,8562,8775,8545,8775,1703,r
2000-05-17,8850,9090,8850,9090,1477,r
2000-05-18,9030,9130,8999,9105,3903,r
2000-05-19,9050,9240,9035,9235,3472,r
2000-05-20,9180,9230,8751,8842,5085,g
2000-05-22,8890,8955,8815,8828,3876,g
2000-05-23,8886,8886,8666,8748,4128,g
2000-05-24,8550,8620,8533,8577,3393,r
2000-05-25,8700,8720,8530,8565,4097,g
2000-05-26,8500,8680,8475,8628,4555,r
2000-05-29,8628,8705,8601,8636,3209,r
2000-05-30,8690,8818,8667,8815,4415,r
2000-05-31,8970,8990,8920,8970,3959,r
2000-06-01,8941,8949,8868,8915,2801,g
2000-06-02,9000,9050,8920,8920,3570,g
2000-06-03,9048,9062,8971,9033,3366,g
2000-06-05,8999,9050,8961,9041,2513,r
2000-06-07,9001,9195,8981,9175,3484,r
2000-06-08,9175,9200,9088,9114,2896,g
2000-06-09,9114,9135,9038,9088,2565,g
2000-06-12,9093,9125,8990,9008,2488,g
2000-06-13,8955,8980,8889,8889,3019,g
2000-06-14,8949,8989,8915,8965,2335,r
2000-06-15,8938,8940,8859,8880,2219,g
2000-06-16,8874,8909,8821,8904,1930,r
2000-06-17,8868,8914,8836,8849,1674,g
2000-06-19,8849,8860,8683,8814,2107,g
2000-06-20,8870,8889,8700,8700,1339,g
2000-06-21,8723,8776,8640,8670,1552,g
2000-06-22,8739,8929,8712,8920,4391,r
2000-06-23,8875,8900,8810,8820,2820,g
2000-06-26,8774,8776,8641,8660,3392,g
2000-06-27,8706,8710,8580,8595,3514,g
2000-06-28,8576,8618,8315,8539,5110,g
2000-06-29,8529,8539,8188,8190,5039,g
2000-06-30,8101,8360,8101,8250,5048,r
2000-07-03,8272,8349,8140,8300,4640,r
2000-07-04,8300,8315,8066,8066,4511,g
2000-07-05,8102,8445,8030,8389,5687,r
2000-07-06,8310,8345,8260,8270,3843,g
2000-07-07,8316,8370,8165,8181,4163,g
2000-07-10,8226,8230,8044,8173,3976,g
2000-07-11,8150,8329,8125,8190,4449,r
2000-07-12,8199,8218,8072,8120,3832,g
2000-07-13,8190,8350,8171,8318,4745,r
2000-07-14,8329,8512,8301,8479,4728,r
2000-07-15,8504,8529,8443,8490,2891,g
2000-07-17,8559,8590,8503,8530,1866,g
2000-07-18,8492,8492,8360,8360,1800,g
2000-07-19,8316,8429,8280,8425,1214,r
2000-07-20,8350,8350,8240,8255,3784,g
2000-07-21,8300,8310,8152,8260,4247,g
2000-07-24,8216,8232,8158,8158,2678,g
2000-07-25,8102,8220,7930,7930,4712,g
2000-07-26,7979,8128,7930,7997,4894,r
2000-07-27,7940,8000,7812,7998,4846,r
2000-07-28,7920,8195,7920,8148,5394,r
2000-07-29,8110,8159,8051,8103,4089,g
2000-07-31,8119,8123,8041,8072,2734,g
2000-08-01,8138,8148,7985,7992,3849,g
2000-08-02,8000,8045,7945,7983,3654,g
2000-08-03,7950,7970,7836,7915,4271,g
2000-08-04,7978,8049,7931,7970,4030,g
2000-08-05,7952,7984,7871,7879,3062,g
2000-08-07,7849,7855,7760,7805,3235,g
2000-08-08,7835,7869,7745,7857,4391,r
2000-08-09,7890,8090,7880,8090,5303,r
2000-08-10,8052,8090,8011,8067,3874,r
2000-08-11,8044,8088,7985,8000,3256,g
2000-08-14,7999,7999,7880,7881,2542,g
2000-08-15,7905,7960,7860,7900,1869,g
2000-08-16,7896,8028,7896,8020,1960,r
2000-08-17,8110,8220,8053,8215,4998,r
2000-08-18,8246,8309,8183,8183,4574,g
2000-08-19,8197,8281,8153,8281,3951,r
2000-08-21,8269,8322,8232,8275,3623,r
2000-08-22,8231,8235,8152,8180,3670,g
2000-08-24,8219,8279,8164,8190,3705,g
2000-08-25,8220,8224,8081,8117,3772,g
2000-08-28,8051,8051,7922,7926,3278,g
2000-08-29,7886,7917,7753,7913,5160,r
2000-08-30,7878,7897,7581,7600,5629,g
2000-08-31,7511,7710,7511,7660,5611,r
2000-09-01,7649,7684,7451,7475,5272,g
2000-09-02,7580,7782,7550,7750,5570,r
2000-09-04,7770,7827,7708,7825,4864,r
2000-09-05,7775,7800,7720,7800,3907,r
2000-09-06,7708,7740,7630,7630,4168,g
2000-09-07,7550,7620,7501,7515,4579,g
2000-09-08,7535,7570,7458,7483,4077,g
2000-09-11,7411,7449,7376,7425,3135,r
2000-09-13,7380,7490,7251,7465,5137,r
2000-09-14,7430,7441,7181,7181,4698,g
2000-09-15,7181,7397,7178,7230,6579,r
2000-09-16,7130,7210,7062,7096,4888,g
2000-09-18,7040,7144,6955,6955,2627,g
2000-09-19,6861,7019,6760,6779,2694,g
2000-09-20,6879,6950,6761,6890,1951,r
2000-09-21,6953,7000,6885,6951,6408,g
2000-09-22,6803,6830,6540,6540,6854,g
2000-09-25,6650,6714,6575,6684,5780,r
2000-09-26,6606,6860,6553,6831,7464,r
2000-09-27,6780,6941,6753,6798,6807,r
2000-09-28,6850,6898,6630,6639,6257,g
2000-09-29,6639,6687,6500,6500,6482,g
2000-09-30,6385,6423,6230,6250,6632,g
2000-10-02,6310,6350,6115,6149,5963,g
2000-10-03,6149,6340,6070,6262,7243,r
2000-10-04,6043,6043,6043,6043,839,r
2000-10-05,6050,6178,6041,6105,5727,r
2000-10-06,6102,6510,6101,6509,7781,r
2000-10-07,6450,6494,6386,6430,6343,g
2000-10-09,6435,6440,6205,6205,5777,g
2000-10-11,5988,6030,5988,5988,1488,r
2000-10-12,5900,5950,5685,5715,9062,g
2000-10-13,5355,5899,5355,5898,6578,r
2000-10-16,6163,6178,5486,5486,4687,g
2000-10-17,5510,5828,5510,5728,3094,r
2000-10-18,5647,5670,5328,5328,1633,g
2000-10-19,5419,5420,4983,5199,9086,g
2000-10-20,5500,5562,5450,5562,6484,r
2000-10-21,5600,5717,5530,5660,9111,r
2000-10-23,5631,5750,5540,5670,8971,r
2000-10-24,5670,5999,5625,5920,10886,r
2000-10-25,5840,6000,5833,5972,7669,r
2000-10-26,5861,5960,5858,5875,6700,r
2000-10-27,5960,5980,5700,5700,8535,g
2000-10-30,5501,5600,5501,5600,6715,r
2000-10-31,5600,5720,5545,5555,9419,g
2000-11-01,5645,5650,5401,5460,6892,g
2000-11-02,5475,5799,5460,5775,8871,r
2000-11-03,5800,5933,5773,5895,8650,r
2000-11-04,5930,5945,5689,5690,7629,g
2000-11-06,5755,5760,5643,5720,6951,g
2000-11-07,5794,5975,5751,5960,8310,r
2000-11-08,5960,6309,5879,6122,10561,r
2000-11-09,6060,6248,6003,6200,11481,r
2000-11-10,6160,6240,6130,6210,7020,r
2000-11-13,6040,6040,5821,5855,5988,g
2000-11-14,5905,5955,5861,5895,2578,g
2000-11-15,6043,6049,5772,5830,3272,g
2000-11-16,5573,5650,5350,5374,7263,g
2000-11-17,5290,5375,5205,5330,9578,r
2000-11-18,5280,5380,5130,5130,7375,g
2000-11-20,5053,5080,4771,4771,7002,g
2000-11-21,4730,5104,4711,5104,9702,r
2000-11-22,5110,5298,5015,5039,12896,g
2000-11-23,5000,5225,4946,5224,9434,r
2000-11-24,5252,5521,5252,5510,11318,r
2000-11-27,5549,5580,5401,5480,9851,g
2000-11-28,5399,5400,5303,5305,6808,g
2000-11-29,5210,5389,5202,5338,10183,r
2000-11-30,5338,5385,5172,5191,9217,g
2000-12-01,5236,5460,5178,5450,10597,r
2000-12-02,5401,5440,5261,5271,9165,g
2000-12-04,5250,5250,5151,5225,7515,g
2000-12-05,5250,5335,5142,5259,11687,r
2000-12-06,5398,5415,5170,5175,11206,g
2000-12-07,5160,5280,5152,5245,9257,r
2000-12-08,5260,5320,5206,5310,9282,r
2000-12-11,5354,5362,5276,5330,6389,g
2000-12-12,5335,5449,5330,5390,8519,r
2000-12-13,5380,5430,5330,5430,6673,r
2000-12-14,5365,5371,5305,5325,6133,g
2000-12-15,5250,5278,5201,5201,5532,g
2000-12-16,5190,5235,5112,5136,4951,g
2000-12-18,5160,5160,5056,5098,3548,g
2000-12-19,5062,5076,4991,5050,2737,g
2000-12-20,5001,5001,4875,4883,1954,g
2000-12-21,4762,4779,4687,4687,4357,g
2000-12-22,4733,4950,4665,4857,10453,r
2000-12-26,4877,4906,4688,4688,7223,g
2000-12-27,4658,4658,4561,4565,6420,g
2000-12-28,4608,4879,4566,4867,11954,r
2000-12-29,4800,4835,4697,4707,9409,g
2000-12-30,4650,4830,4644,4770,10126,r
2001-01-02,4702,4948,4685,4892,14824,r
2001-01-03,4822,4944,4818,4870,11137,r
2001-01-04,5149,5175,5051,5121,11684,g
2001-01-05,5150,5340,5121,5340,12317,r
2001-01-08,5290,5358,5174,5196,12391,g
2001-01-09,5221,5419,5221,5400,14564,r
2001-01-10,5380,5449,5322,5408,12587,r
2001-01-11,5422,5494,5318,5340,12990,g
2001-01-12,5385,5393,5258,5378,9240,g
2001-01-15,5320,5430,5270,5407,6109,r
2001-01-16,5424,5748,5386,5746,6858,r
2001-01-17,5824,5824,5700,5791,2566,g
2001-01-18,5830,5950,5770,5949,11801,r
2001-01-29,5922,5965,5649,5658,8619,g
2001-01-30,5668,5850,5590,5819,12512,r
2001-01-31,5850,6020,5829,5951,11771,r
2001-02-01,5940,5969,5821,5900,10269,g
2001-02-02,5950,6065,5950,6019,10699,r
2001-02-05,5969,5969,5868,5911,8344,g
2001-02-06,5881,5990,5801,5837,12783,g
2001-02-07,5795,5797,5683,5683,8696,g
2001-02-08,5680,5782,5666,5776,9623,r
2001-02-09,5748,5860,5716,5755,10982,r
2001-02-12,5745,5838,5723,5820,8648,r
2001-02-13,5878,6045,5878,6040,9951,r
2001-02-14,6040,6045,5830,5840,10090,g
2001-02-15,5891,6118,5883,6095,12299,r
2001-02-16,6140,6140,5946,6025,11266,g
2001-02-19,5925,5949,5882,5943,5479,r
2001-02-20,5955,6037,5915,5956,2906,r
2001-02-21,5885,5950,5851,5931,1632,r
2001-02-22,5851,5851,5730,5769,10047,g
2001-02-23,5745,5790,5721,5746,7119,r
2001-02-26,5746,5785,5725,5760,4901,r
2001-02-27,5805,5819,5640,5665,7503,g
2001-03-01,5581,5585,5486,5536,6112,g
2001-03-02,5541,5565,5486,5505,6384,g
2001-03-05,5510,5626,5490,5619,6094,r
2001-03-06,5650,5700,5610,5632,9225,g
2001-03-07,5689,5750,5680,5733,8713,r
2001-03-08,5749,5749,5681,5710,5521,g
2001-03-09,5649,5653,5612,5630,5131,g
2001-03-12,5499,5559,5492,5535,4661,r
2001-03-13,5480,5650,5450,5631,8597,r
2001-03-14,5686,5694,5622,5651,5461,g
2001-03-15,5608,5780,5570,5780,8840,r
2001-03-16,5750,5815,5740,5760,5089,r
2001-03-19,5727,5767,5625,5640,4032,g
2001-03-20,5659,5690,5631,5675,2164,r
2001-03-21,5555,5670,5555,5628,1569,r
2001-03-22,5631,5750,5631,5750,8533,r
2001-03-23,5830,5844,5790,5813,7092,g
2001-03-26,5833,5910,5773,5899,7244,r
2001-03-27,5909,5945,5851,5868,7309,g
2001-03-28,5900,5902,5815,5830,5935,g
2001-03-29,5806,5878,5796,5870,5366,r
2001-03-30,5858,5870,5775,5795,5774,g
2001-04-02,5775,5780,5618,5621,5925,g
2001-04-03,5595,5595,5470,5470,7816,g
2001-04-04,5406,5493,5392,5469,7103,r
2001-04-06,5581,5589,5510,5530,6445,g
2001-04-09,5490,5490,5391,5419,4960,g
2001-04-10,5419,5505,5312,5321,8005,g
2001-04-11,5401,5495,5341,5495,11170,r
2001-04-12,5515,5550,5466,5520,6825,r
2001-04-13,5561,5580,5455,5461,5827,g
2001-04-16,5425,5450,5405,5423,3169,g
2001-04-17,5425,5474,5375,5440,3150,r
2001-04-18,5480,5529,5480,5522,2056,r
2001-04-19,5653,5690,5620,5628,8593,g
2001-04-20,5643,5658,5582,5588,5301,g
2001-04-23,5588,5647,5568,5644,4994,r
2001-04-24,5621,5680,5603,5621,6945,r
2001-04-25,5609,5619,5504,5525,7221,g
2001-04-26,5541,5577,5465,5560,7604,r
2001-04-27,5519,5527,5422,5439,6664,g
2001-04-30,5425,5493,5410,5430,6616,r
2001-05-02,5476,5525,5313,5349,8831,g
2001-05-03,5360,5431,5320,5431,7757,r
2001-05-04,5419,5424,5200,5227,8663,g
2001-05-07,5243,5310,5190,5268,9984,r
2001-05-08,5255,5266,5131,5229,9282,g
2001-05-09,5229,5278,5210,5223,8393,g
2001-05-10,5201,5218,5153,5162,5719,g
2001-05-11,5142,5268,5070,5240,10167,r
2001-05-14,5174,5235,5171,5205,4409,r
2001-05-15,5181,5221,5172,5185,2832,r
2001-05-16,5155,5190,5093,5098,3117,g
2001-05-17,5150,5187,5115,5150,8972,r
2001-05-18,5168,5169,5073,5089,8860,g
2001-05-21,5089,5102,4940,4982,8173,g
2001-05-22,5017,5068,4970,4993,8301,g
2001-05-23,4982,5226,4970,5225,13619,r
2001-05-24,5210,5240,5181,5223,7561,r
2001-05-25,5190,5207,5167,5182,5605,g
2001-05-28,5154,5169,5093,5110,6652,g
2001-05-29,5075,5200,5071,5112,9207,r
2001-05-30,5085,5118,5058,5102,6981,r
2001-05-31,5072,5109,5045,5085,6268,r
2001-06-01,5110,5133,5019,5031,7559,g
2001-06-04,5045,5060,4981,5030,4319,g
2001-06-05,5029,5099,5005,5094,6625,r
2001-06-06,5142,5225,5135,5194,8866,r
2001-06-07,5170,5180,5145,5155,5343,g
2001-06-08,5206,5259,5200,5240,8605,r
2001-06-11,5211,5290,5188,5289,5595,r
2001-06-12,5260,5283,5225,5245,6312,g
2001-06-13,5245,5289,5186,5193,8148,g
2001-06-14,5165,5167,5110,5140,6542,g
2001-06-15,5109,5165,5093,5149,4086,r
2001-06-18,5141,5141,5071,5088,3352,g
2001-06-19,5069,5110,5069,5082,2393,r
2001-06-20,5079,5083,5042,5044,2882,g
2001-06-21,5080,5081,4975,4990,7865,g
2001-06-22,4990,5026,4931,4965,5636,g
2001-06-26,4965,4975,4834,4834,5601,g
2001-06-27,4830,4896,4805,4890,7552,r
2001-06-28,4856,4869,4792,4839,6273,g
2001-06-29,4870,4920,4867,4891,7092,r
2001-07-02,4892,4945,4825,4935,8089,r
2001-07-03,4901,4934,4840,4845,7356,g
2001-07-04,4815,4830,4750,4770,6614,g
2001-07-05,4749,4773,4712,4743,6802,g
2001-07-06,4712,4808,4712,4766,8329,r
2001-07-09,4726,4745,4695,4721,5954,g
2001-07-10,4737,4758,4666,4668,6315,g
2001-07-11,4630,4656,4577,4577,6365,g
2001-07-12,4607,4679,4607,4679,7551,r
2001-07-13,4709,4720,4473,4490,10719,g
2001-07-16,4482,4528,4290,4394,6252,g
2001-07-17,4335,4426,4304,4353,2901,r
2001-07-18,4343,4385,4060,4176,2388,g
2001-07-19,4175,4255,4057,4175,16640,r
2001-07-20,4150,4231,4110,4160,12515,r
2001-07-23,4202,4230,4115,4118,9226,g
2001-07-24,4100,4109,4023,4062,9491,g
2001-07-25,4038,4138,4026,4138,10670,r
2001-07-26,4138,4295,4085,4255,15667,r
2001-07-27,4271,4350,4238,4242,13902,g
2001-07-31,4261,4309,4230,4291,8451,r
2001-08-01,4295,4333,4240,4267,9995,g
2001-08-02,4301,4455,4287,4455,15925,r
2001-08-03,4480,4538,4430,4495,10484,r
2001-08-06,4481,4481,4407,4420,7225,g
2001-08-07,4390,4417,4321,4395,11081,r
2001-08-08,4372,4516,4370,4516,15466,r
2001-08-09,4466,4510,4403,4405,13186,g
2001-08-10,4410,4490,4349,4469,13585,r
2001-08-13,4469,4528,4452,4490,6211,r
2001-08-14,4525,4619,4475,4619,4329,r
2001-08-15,4639,4666,4582,4620,3123,g
2001-08-16,4580,4663,4573,4649,11838,r
2001-08-17,4655,4675,4591,4630,10522,g
2001-08-20,4550,4578,4536,4542,9508,g
2001-08-21,4551,4580,4510,4566,10098,r
2001-08-22,4521,4563,4460,4460,12233,g
2001-08-23,4460,4494,4436,4468,11043,r
2001-08-24,4454,4468,4294,4303,12146,g
2001-08-27,4330,4374,4305,4341,11706,r
2001-08-28,4340,4359,4280,4311,10190,g
2001-08-29,4282,4486,4271,4485,16524,r
2001-08-30,4483,4535,4421,4457,12555,g
2001-08-31,4410,4455,4372,4442,11832,r
2001-09-03,4452,4493,4378,4378,9974,g
2001-09-04,4378,4479,4351,4479,13366,r
2001-09-05,4433,4463,4365,4376,12011,g
2001-09-06,4376,4387,4295,4330,11239,g
2001-09-07,4286,4294,4237,4284,9213,g
2001-09-10,4254,4300,4221,4280,9007,r
2001-09-11,4290,4295,4151,4152,12075,g
2001-09-13,3862,3890,3862,3862,8221,r
2001-09-14,3888,3910,3670,3705,13085,g
2001-09-19,3611,3727,3581,3724,5952,r
2001-09-20,3649,3660,3551,3551,11743,g
2001-09-21,3460,3474,3427,3427,5129,g
2001-09-24,3402,3550,3366,3510,19229,r
2001-09-25,3648,3650,3421,3430,20387,g
2001-09-26,3450,3669,3401,3625,27493,r
2001-09-27,3594,3600,3520,3560,19145,g
2001-09-28,3599,3664,3571,3616,21736,r
2001-10-02,3611,3614,3423,3427,16367,g
2001-10-03,3450,3495,3401,3430,16320,g
2001-10-04,3620,3620,3470,3473,17518,g
2001-10-05,3496,3577,3460,3553,19351,r
2001-10-08,3540,3575,3501,3512,11818,g
2001-10-09,3549,3617,3535,3615,14637,r
2001-10-11,3698,3855,3690,3845,15502,r
2001-10-12,3945,3951,3788,3825,18317,g
2001-10-15,3799,3799,3725,3731,7961,g
2001-10-16,3720,3812,3714,3810,4642,r
2001-10-17,3831,3858,3791,3811,3148,g
2001-10-18,3720,3770,3715,3770,12810,r
2001-10-19,3760,3837,3721,3820,18513,r
2001-10-22,3830,3909,3830,3906,15013,r
2001-10-23,3946,3964,3842,3850,15964,g
2001-10-24,3840,3960,3840,3956,20573,r
2001-10-25,3975,3988,3915,3988,17294,r
2001-10-26,4001,4054,3977,3988,17898,g
2001-10-29,3983,4020,3966,3990,10957,r
2001-10-30,3920,3936,3850,3850,14943,g
2001-10-31,3826,3885,3812,3866,13964,r
2001-11-01,3878,3892,3840,3870,10495,g
2001-11-02,3919,3957,3916,3931,15183,r
2001-11-05,3945,4043,3918,4030,14282,r
2001-11-06,4050,4089,3990,3990,16440,g
2001-11-07,4065,4088,4030,4060,15674,g
2001-11-08,4065,4082,4011,4040,13753,g
2001-11-09,4022,4046,3993,4020,10665,g
2001-11-12,4031,4105,4010,4105,11415,r
2001-11-13,4100,4120,4056,4060,9986,g
2001-11-14,4128,4259,4116,4230,16826,r
2001-11-15,4240,4359,4210,4350,15520,r
2001-11-16,4375,4460,4330,4433,15235,r
2001-11-19,4444,4586,4411,4585,10122,r
2001-11-20,4595,4597,4435,4444,6987,g
2001-11-21,4444,4530,4405,4529,3778,r
2001-11-22,4475,4497,4393,4429,15738,g
2001-11-23,4435,4510,4415,4499,15000,r
2001-11-26,4530,4629,4530,4612,14532,r
2001-11-27,4670,4688,4472,4535,21840,g
2001-11-28,4536,4565,4385,4390,18062,g
2001-11-29,4370,4437,4351,4407,15103,r
2001-11-30,4431,4458,4365,4390,15659,g
2001-12-03,4459,4600,4445,4589,15554,r
2001-12-04,4578,4745,4531,4741,19985,r
2001-12-05,4819,4944,4791,4910,23573,r
2001-12-06,5039,5253,5018,5253,19182,r
2001-12-07,5240,5380,5152,5368,23852,r
2001-12-10,5312,5429,5256,5292,20885,g
2001-12-11,5240,5298,5210,5298,17907,r
2001-12-12,5293,5667,5273,5649,21496,r
2001-12-13,5650,5763,5390,5425,27507,g
2001-12-14,5340,5550,5322,5550,23316,r
2001-12-17,5490,5542,5420,5453,15351,g
2001-12-18,5520,5548,5320,5360,10630,g
2001-12-19,5360,5424,5220,5220,4260,g
2001-12-20,5200,5299,5180,5285,18097,r
2001-12-21,5231,5237,5042,5045,16309,g
2001-12-24,5075,5160,5073,5111,12684,r
2001-12-25,5129,5430,5090,5400,18227,r
2001-12-26,5430,5487,5305,5375,21540,g
2001-12-27,5410,5470,5218,5282,21482,g
2001-12-28,5302,5405,5235,5400,19487,r
2001-12-31,5430,5615,5421,5598,14945,r
2002-01-02,5559,5666,5475,5585,17435,r
2002-01-03,5650,5675,5460,5463,18526,g
2002-01-04,5682,5690,5563,5635,16709,g
2002-01-07,5635,5849,5598,5817,14454,r
2002-01-08,5816,5843,5731,5815,16170,g
2002-01-09,5815,5889,5735,5859,17683,r
2002-01-10,5825,5865,5745,5829,16821,r
2002-01-11,5811,5860,5631,5640,20219,g
2002-01-14,5580,5610,5550,5590,9126,r
2002-01-15,5550,5600,5492,5590,8890,r
2002-01-16,5542,5599,5485,5485,3856,g
2002-01-17,5350,5457,5340,5450,14222,r
2002-01-18,5452,5545,5430,5443,18983,g
2002-01-21,5440,5824,5430,5824,18490,r
2002-01-22,5834,5870,5714,5804,18058,g
2002-01-23,5751,6096,5710,5775,23471,r
2002-01-24,5819,5848,5701,5800,18275,g
2002-01-25,5850,5975,5850,5954,18584,r
2002-01-28,5979,6035,5960,6029,11702,r
2002-01-29,6008,6013,5812,5820,15328,g
2002-01-30,5735,5818,5720,5815,13052,r
2002-01-31,5828,5860,5761,5831,14614,r
2002-02-01,5895,5910,5820,5858,13574,g
2002-02-04,5811,5870,5782,5838,10370,r
2002-02-05,5762,5884,5751,5884,8991,r
2002-02-06,5899,5985,5880,5969,12373,r
2002-02-18,6022,6041,5946,5956,6555,g
2002-02-19,5966,5980,5823,5825,5563,g
2002-02-20,5798,5815,5679,5680,3090,g
2002-02-21,5725,5725,5596,5656,12795,g
2002-02-22,5585,5643,5542,5620,11520,r
2002-02-25,5632,5650,5503,5522,10776,g
2002-02-26,5581,5618,5483,5529,13586,g
2002-02-27,5529,5705,5529,5700,15385,r
2002-03-01,5679,5700,5625,5650,13275,g
2002-03-04,5773,5940,5773,5910,17472,r
2002-03-05,5999,6028,5882,5964,15421,g
2002-03-06,5958,6126,5923,6120,17052,r
2002-03-07,6138,6149,6052,6080,14191,g
2002-03-08,6060,6145,5974,6041,16795,g
2002-03-11,6071,6215,6051,6190,17026,r
2002-03-12,6180,6180,6072,6120,13902,g
2002-03-13,6082,6196,6044,6080,19541,g
2002-03-14,6040,6105,5985,6105,14467,r
2002-03-15,6072,6119,5900,5904,17941,g
2002-03-18,5930,5955,5883,5948,9746,r
2002-03-19,5941,5970,5858,5902,5843,g
2002-03-20,5905,6089,5891,6069,3802,r
2002-03-21,6002,6086,5980,6049,16203,r
2002-03-22,6138,6185,6108,6155,14993,r
2002-03-25,6151,6209,6105,6170,14498,r
2002-03-26,6141,6220,6125,6208,13230,r
2002-03-27,6220,6243,6081,6085,19066,g
2002-03-28,6099,6140,6063,6130,15698,r
2002-03-29,6170,6179,6085,6145,14768,g
2002-04-01,6103,6161,6095,6105,9355,r
2002-04-02,6155,6272,6154,6223,16303,r
2002-04-03,6181,6261,6161,6261,13517,r
2002-04-04,6231,6237,6115,6152,15779,g
2002-04-08,6132,6160,6095,6119,10674,g
2002-04-09,6167,6177,6033,6041,16217,g
2002-04-10,5999,6025,5972,6025,10820,r
2002-04-11,6047,6069,6015,6032,10377,g
2002-04-12,5990,6172,5975,6158,14989,r
2002-04-15,6164,6220,6147,6179,8364,r
2002-04-16,6190,6249,6180,6231,5304,r
2002-04-17,6385,6412,6328,6400,4178,r
2002-04-18,6360,6375,6330,6360,9143,r
2002-04-19,6341,6407,6331,6398,10000,r
2002-04-22,6408,6410,6356,6410,7571,r
2002-04-23,6379,6389,6315,6345,9960,g
2002-04-24,6318,6423,6318,6420,12285,r
2002-04-25,6387,6387,6302,6318,13900,g
2002-04-26,6309,6328,6262,6308,9162,g
2002-04-29,6251,6258,6172,6172,11462,g
2002-04-30,6172,6196,6056,6100,10990,g
2002-05-02,6117,6134,5860,5883,14670,g
2002-05-03,5841,5944,5775,5916,15333,r
2002-05-06,5827,5827,5535,5615,14821,g
2002-05-07,5541,5710,5520,5662,14862,r
2002-05-08,5749,5760,5650,5750,14136,r
2002-05-09,5880,5889,5741,5758,15933,g
2002-05-10,5740,5858,5653,5855,17718,r
2002-05-13,5758,5807,5738,5796,9311,r
2002-05-14,5820,5842,5750,5774,6048,g
2002-05-15,5820,5950,5810,5930,5954,r
2002-05-16,5876,5888,5742,5742,14373,g
2002-05-17,5795,5847,5762,5805,16087,r
2002-05-20,5751,5753,5511,5518,17176,g
2002-05-21,5501,5530,5382,5410,16996,g
2002-05-22,5411,5524,5375,5503,17880,r
2002-05-23,5525,5550,5480,5504,14536,g
2002-05-24,5525,5705,5525,5698,16556,r
2002-05-27,5621,5719,5621,5716,9903,r
2002-05-28,5750,5754,5593,5650,16936,g
2002-05-29,5603,5603,5508,5555,13443,g
2002-05-30,5549,5730,5538,5675,20349,r
2002-05-31,5684,5684,5580,5632,13003,g
2002-06-03,5612,5614,5470,5520,13742,g
2002-06-04,5410,5539,5391,5500,12014,r
2002-06-05,5533,5627,5533,5615,13733,r
2002-06-06,5633,5633,5543,5561,13815,g
2002-06-07,5460,5478,5203,5358,15341,g
2002-06-10,5471,5493,5410,5470,10938,g
2002-06-11,5463,5530,5351,5390,16118,g
2002-06-12,5368,5434,5356,5431,12031,r
2002-06-13,5475,5595,5465,5580,16029,r
2002-06-14,5546,5600,5532,5600,9387,r
2002-06-17,5615,5632,5540,5560,8093,g
2002-06-18,5650,5663,5551,5600,5768,g
2002-06-19,5545,5575,5380,5380,4723,g
2002-06-20,5336,5440,5280,5410,15062,r
2002-06-21,5341,5508,5321,5440,21121,r
2002-06-24,5402,5449,5330,5415,17214,r
2002-06-25,5440,5465,5320,5341,20902,g
2002-06-26,5256,5260,5082,5083,19106,g
2002-06-27,5163,5165,5060,5095,18222,g
2002-06-28,5155,5187,5129,5147,13262,g
2002-07-01,5120,5120,4922,4926,12779,g
2002-07-02,4876,4985,4860,4950,14198,r
2002-07-03,4890,5059,4789,5058,22802,r
2002-07-04,5038,5097,5006,5080,15766,r
2002-07-05,5080,5199,5064,5170,18970,r
2002-07-08,5250,5336,5235,5270,16577,r
2002-07-09,5271,5315,5240,5307,11773,r
2002-07-10,5257,5265,5183,5200,13867,g
2002-07-11,5110,5210,5102,5130,16549,r
2002-07-12,5220,5415,5205,5415,18070,r
2002-07-15,5381,5415,5353,5370,9956,g
2002-07-16,5399,5459,5283,5318,8263,g
2002-07-17,5261,5288,5171,5235,4285,g
2002-07-18,5213,5268,5148,5199,19780,g
2002-07-19,5107,5136,5092,5124,14418,r
2002-07-22,5050,5071,5007,5025,11457,g
2002-07-23,5006,5190,4970,5190,20121,r
2002-07-24,5100,5100,4970,5042,19132,g
2002-07-25,5196,5196,5031,5057,19257,g
2002-07-26,4912,4912,4732,4745,18810,g
2002-07-29,4800,4930,4762,4834,15751,r
2002-07-30,4965,5013,4903,4968,18779,r
2002-07-31,4976,4984,4884,4895,14464,g
2002-08-01,4905,4947,4860,4894,14058,g
2002-08-02,4798,4928,4775,4926,14655,r
2002-08-05,4747,4770,4576,4576,17295,g
2002-08-06,4482,4625,4471,4541,19195,r
2002-08-07,4650,4698,4635,4669,15626,r
2002-08-08,4668,4710,4596,4630,20225,g
2002-08-09,4737,4795,4720,4771,18382,r
2002-08-12,4775,4813,4744,4772,10243,g
2002-08-13,4769,4790,4741,4768,7220,g
2002-08-14,4730,4858,4710,4851,17261,r
2002-08-15,4934,4969,4888,4895,15017,g
2002-08-16,4927,4939,4865,4886,11521,g
2002-08-19,4882,4920,4850,4854,7634,g
2002-08-20,4925,4938,4882,4900,7410,g
2002-08-21,4873,4890,4842,4879,5021,r
2002-08-22,4893,4975,4887,4946,17868,r
2002-08-23,4980,5020,4930,4935,13185,g
2002-08-26,4920,4948,4877,4948,11617,r
2002-08-27,4939,4946,4851,4851,13651,g
2002-08-28,4801,4840,4761,4785,13650,g
2002-08-29,4758,4819,4732,4785,14247,r
2002-08-30,4777,4798,4737,4746,12073,g
2002-09-02,4730,4735,4613,4617,12654,g
2002-09-03,4611,4658,4541,4600,16800,g
2002-09-04,4524,4604,4503,4557,19471,r
2002-09-05,4588,4594,4442,4442,15890,g
2002-09-09,4480,4514,4415,4501,15222,r
2002-09-10,4526,4651,4486,4648,22962,r
2002-09-11,4660,4675,4626,4660,13512,r
2002-09-12,4636,4668,4575,4631,16918,g
2002-09-13,4556,4576,4534,4540,12761,g
2002-09-16,4550,4558,4410,4422,12862,g
2002-09-17,4490,4660,4432,4640,11185,r
2002-09-18,4545,4550,4445,4474,4198,g
2002-09-19,4460,4540,4436,4441,23713,g
2002-09-20,4305,4393,4300,4365,17765,r
2002-09-23,4351,4386,4280,4314,16838,g
2002-09-24,4300,4363,4262,4291,21309,g
2002-09-25,4270,4297,4100,4175,20813,g
2002-09-26,4239,4274,4201,4205,19621,g
2002-09-27,4219,4263,4145,4190,21991,g
2002-09-30,4118,4180,4045,4123,17725,r
2002-10-01,4111,4200,4080,4120,23445,r
2002-10-02,4225,4236,4110,4113,22807,g
2002-10-03,4081,4094,4024,4044,16284,g
2002-10-04,4035,4099,4006,4049,21704,r
2002-10-07,4000,4000,3887,3896,17828,g
2002-10-08,3911,3965,3872,3965,20347,r
2002-10-09,3939,3994,3872,3872,22206,g
2002-10-11,3927,3949,3783,3818,22001,g
2002-10-14,3869,3914,3850,3880,18598,r
2002-10-15,3930,4151,3925,4151,12044,r
2002-10-16,4244,4245,4144,4205,5686,g
2002-10-17,4165,4286,4144,4266,28328,r
2002-10-18,4310,4436,4297,4400,27901,r
2002-10-21,4350,4418,4350,4360,17426,r
2002-10-22,4410,4438,4287,4292,26720,g
2002-10-23,4314,4592,4275,4584,34401,r
2002-10-24,4563,4594,4484,4543,27494,g
2002-10-25,4500,4576,4461,4520,25386,r
2002-10-28,4570,4631,4536,4539,23648,g
2002-10-29,4510,4550,4492,4521,16395,r
2002-10-30,4501,4568,4405,4440,26769,g
2002-10-31,4484,4580,4469,4549,24793,r
2002-11-01,4558,4559,4425,4466,22457,g
2002-11-04,4586,4640,4516,4595,22066,r
2002-11-05,4605,4608,4512,4548,19679,g
2002-11-06,4568,4750,4532,4720,32593,r
2002-11-07,4717,4773,4693,4748,21177,r
2002-11-08,4699,4794,4688,4783,21916,r
2002-11-11,4735,4749,4656,4680,18773,g
2002-11-12,4626,4693,4608,4673,18946,r
2002-11-13,4670,4691,4613,4657,18427,g
2002-11-14,4668,4729,4650,4662,20954,g
2002-11-15,4765,4825,4742,4815,19786,r
2002-11-18,4810,4828,4784,4790,9950,g
2002-11-19,4788,4799,4722,4740,7152,g
2002-11-20,4711,4739,4640,4664,4423,g
2002-11-21,4730,4743,4591,4631,22223,g
2002-11-22,4725,4760,4701,4710,20197,g
2002-11-25,4731,4748,4651,4748,16619,r
2002-11-26,4722,4745,4672,4681,16031,g
2002-11-27,4640,4659,4604,4655,17410,r
2002-11-28,4720,4742,4621,4640,21260,g
2002-11-29,4644,4685,4628,4670,14076,r
2002-12-02,4660,4715,4616,4713,13998,r
2002-12-03,4702,4805,4680,4776,22769,r
2002-12-04,4741,4769,4735,4745,10322,r
2002-12-05,4751,4769,4723,4763,11363,r
2002-12-06,4738,4762,4731,4744,7694,r
2002-12-09,4780,4848,4780,4790,17733,r
2002-12-10,4750,4755,4717,4755,14054,r
2002-12-11,4730,4783,4681,4686,18523,g
2002-12-12,4690,4710,4638,4687,14773,g
2002-12-13,4669,4673,4615,4623,13890,g
2002-12-16,4582,4609,4566,4600,10435,r
2002-12-17,4639,4644,4568,4576,7423,g
2002-12-18,4551,4595,4542,4553,5121,r
2002-12-19,4509,4575,4491,4550,16366,r
2002-12-20,4550,4593,4504,4573,18771,r
2002-12-23,4569,4580,4536,4536,8241,g
2002-12-24,4550,4565,4521,4530,9859,g
2002-12-25,4520,4528,4481,4488,12247,g
2002-12-26,4488,4535,4458,4531,12472,r
2002-12-27,4527,4534,4495,4501,9300,g
2002-12-30,4452,4469,4408,4416,11333,g
2002-12-31,4416,4437,4400,4405,8319,g
2003-01-02,4411,4485,4381,4452,15261,r
2003-01-03,4551,4594,4536,4571,17261,r
2003-01-06,4573,4646,4563,4635,14621,r
2003-01-07,4687,4700,4639,4641,14614,g
2003-01-08,4650,4822,4642,4771,21966,r
2003-01-09,4765,4810,4752,4785,14067,r
2003-01-10,4845,4847,4792,4828,14899,g
2003-01-13,4868,5025,4851,5025,15346,r
2003-01-14,5025,5075,4993,5009,7170,g
2003-01-15,5088,5088,4960,5029,4893,g
2003-01-16,4990,5027,4932,4940,15161,g
2003-01-17,4930,4959,4903,4925,15063,g
2003-01-20,4892,4976,4882,4968,11749,r
2003-01-21,4968,5035,4931,4939,19910,g
2003-01-22,4910,5006,4910,5002,15667,r
2003-01-23,4998,5087,4996,5084,19363,r
2003-01-24,5085,5110,5053,5063,14151,g
2003-01-27,5014,5036,4941,4956,14373,g
2003-01-28,4957,5026,4941,5022,11264,r
2003-02-06,5007,5007,4766,4775,14078,g
2003-02-07,4781,4819,4622,4699,18975,g
2003-02-10,4679,4705,4620,4640,12415,g
2003-02-11,4669,4690,4622,4635,13808,g
2003-02-12,4619,4676,4530,4637,15989,r
2003-02-13,4610,4625,4485,4485,17777,g
2003-02-14,4512,4560,4472,4489,14580,g
2003-02-17,4580,4699,4580,4690,15292,r
2003-02-18,4682,4682,4610,4636,6717,g
2003-02-19,4680,4683,4542,4547,4521,g
2003-02-20,4536,4575,4507,4560,16371,r
2003-02-21,4566,4584,4512,4540,11619,g
2003-02-24,4575,4625,4514,4601,15680,r
2003-02-25,4540,4548,4434,4450,18875,g
2003-02-26,4480,4485,4442,4451,14991,g
2003-02-27,4410,4470,4362,4408,18702,g
2003-03-03,4453,4525,4435,4515,15329,r
2003-03-04,4461,4484,4430,4469,12700,r
2003-03-05,4400,4438,4380,4389,13660,g
2003-03-06,4410,4423,4385,4397,10631,g
2003-03-07,4348,4385,4321,4355,16370,r
2003-03-10,4380,4390,4314,4335,11452,g
2003-03-11,4275,4307,4231,4250,18339,g
2003-03-12,4260,4309,4251,4305,14060,r
2003-03-13,4273,4380,4267,4353,21864,r
2003-03-14,4520,4548,4476,4479,18010,g
2003-03-17,4420,4444,4316,4318,11793,g
2003-03-18,4451,4613,4451,4538,10169,r
2003-03-19,4531,4552,4491,4511,3191,g
2003-03-20,4560,4608,4483,4588,29044,r
2003-03-21,4574,4583,4547,4580,10606,r
2003-03-24,4630,4639,4540,4541,12321,g
2003-03-25,4453,4496,4453,4475,14577,r
2003-03-26,4500,4514,4462,4470,10055,g
2003-03-27,4456,4497,4442,4496,13049,r
2003-03-28,4496,4496,4441,4453,13304,g
2003-03-31,4410,4413,4264,4286,20548,g
2003-04-01,4261,4303,4261,4301,11775,r
2003-04-02,4285,4332,4250,4295,19249,r
2003-04-03,4383,4388,4322,4338,16437,g
2003-04-04,4308,4481,4297,4469,29045,r
2003-04-07,4501,4582,4465,4572,24867,r
2003-04-08,4483,4605,4472,4547,23023,r
2003-04-09,4515,4525,4491,4505,13516,g
2003-04-10,4492,4585,4481,4511,23910,r
2003-04-11,4525,4555,4493,4516,15063,g
2003-04-14,4521,4549,4426,4449,17140,g
2003-04-15,4479,4488,4445,4475,6617,g
2003-04-16,4510,4628,4510,4617,8166,r
2003-04-17,4553,4579,4540,4557,15212,r
2003-04-18,4639,4675,4620,4660,19087,r
2003-04-21,4650,4657,4612,4657,14028,r
2003-04-22,4620,4628,4559,4571,18082,g
2003-04-23,4600,4619,4552,4570,18575,g
2003-04-24,4580,4580,4322,4356,33455,g
2003-04-25,4300,4346,4211,4211,29308,g
2003-04-28,4171,4180,4060,4125,29743,g
2003-04-29,4183,4208,4110,4195,27083,r
2003-04-30,4235,4255,4105,4135,30524,g
2003-05-02,4105,4215,4103,4189,23191,r
2003-05-05,4200,4207,4133,4190,21100,g
2003-05-06,4205,4243,4180,4185,19165,g
2003-05-07,4205,4252,4193,4245,21544,r
2003-05-08,4232,4234,4156,4165,19440,g
2003-05-09,4157,4259,4157,4224,26441,r
2003-05-12,4225,4287,4206,4245,20059,r
2003-05-13,4298,4342,4292,4316,22869,r
2003-05-14,4317,4338,4292,4338,15351,r
2003-05-15,4314,4325,4270,4324,22175,r
2003-05-16,4335,4366,4260,4260,20307,g
2003-05-19,4235,4254,4212,4239,14174,r
2003-05-20,4193,4243,4169,4226,8411,r
2003-05-21,4231,4247,4213,4228,5720,g
2003-05-22,4195,4245,4165,4241,26811,r
2003-05-23,4275,4344,4261,4340,28441,r
2003-05-26,4358,4447,4342,4444,24793,r
2003-05-27,4452,4460,4415,4434,16470,g
2003-05-28,4590,4591,4465,4485,29381,g
2003-05-29,4470,4498,4445,4453,19267,g
2003-05-30,4469,4602,4456,4510,46576,r
2003-06-02,4559,4670,4557,4665,35509,r
2003-06-03,4650,4664,4616,4658,19168,r
2003-06-05,4706,4748,4691,4725,25384,r
2003-06-06,4735,4736,4677,4732,23064,g
2003-06-09,4683,4810,4675,4800,34328,r
2003-06-10,4766,4832,4765,4821,21787,r
2003-06-11,4821,4845,4781,4795,25452,g
2003-06-12,4820,4905,4811,4881,28640,r
2003-06-13,4870,4900,4853,4890,18023,r
2003-06-16,4869,4938,4866,4903,17057,r
2003-06-17,4989,5037,4961,5037,14696,r
2003-06-18,5020,5123,5001,5020,10281,r
2003-06-19,5030,5069,4965,5069,30375,r
2003-06-20,5025,5055,4993,5019,26260,g
2003-06-23,4995,5025,4925,4925,23320,g
2003-06-24,4885,4908,4855,4906,25968,r
2003-06-25,4886,4949,4875,4940,22986,r
2003-06-26,4911,4925,4876,4885,20537,g
2003-06-27,4925,4942,4825,4861,28394,g
2003-06-30,4840,4890,4833,4885,21109,r
2003-07-01,4875,5044,4872,5038,36268,r
2003-07-02,5072,5156,5060,5140,33444,r
2003-07-03,5194,5210,5111,5122,38945,g
2003-07-04,5139,5196,5100,5191,30814,r
2003-07-07,5218,5370,5211,5370,37537,r
2003-07-08,5410,5432,5344,5382,39375,g
2003-07-09,5359,5403,5352,5375,29772,r
2003-07-10,5365,5393,5250,5250,39431,g
2003-07-11,5206,5267,5174,5265,30216,r
2003-07-14,5265,5433,5265,5412,34274,r
2003-07-15,5422,5435,5320,5328,18194,g
2003-07-16,5356,5443,5333,5423,10535,r
2003-07-17,5360,5388,5245,5251,46382,g
2003-07-18,5251,5298,5221,5255,35944,r
2003-07-21,5282,5315,5196,5239,33340,g
2003-07-22,5239,5297,5215,5293,38330,r
2003-07-23,5310,5344,5283,5307,37156,g
2003-07-24,5325,5415,5315,5415,40588,r
2003-07-25,5380,5415,5365,5384,24846,r
2003-07-28,5454,5497,5451,5475,26930,r
2003-07-29,5467,5469,5333,5355,39263,g
2003-07-30,5345,5374,5280,5308,30831,g
2003-07-31,5312,5339,5265,5330,32566,r
2003-08-01,5359,5410,5352,5390,32894,r
2003-08-04,5360,5378,5337,5370,21245,r
2003-08-05,5389,5410,5258,5269,37518,g
2003-08-06,5210,5242,5205,5242,20192,r
2003-08-07,5235,5298,5186,5281,40112,r
2003-08-08,5281,5294,5206,5206,28657,g
2003-08-11,5200,5251,5164,5251,23654,r
2003-08-12,5260,5275,5240,5265,25446,r
2003-08-13,5315,5480,5301,5471,45988,r
2003-08-14,5464,5493,5420,5466,33203,r
2003-08-15,5490,5560,5475,5490,35813,r
2003-08-18,5531,5543,5470,5539,22042,r
2003-08-19,5640,5648,5521,5555,17228,g
2003-08-20,5543,5567,5525,5551,6490,r
2003-08-21,5545,5636,5503,5611,45103,r
2003-08-22,5624,5688,5612,5613,35146,g
2003-08-25,5609,5674,5593,5665,34143,r
2003-08-26,5630,5638,5542,5580,38891,g
2003-08-27,5580,5606,5547,5548,28153,g
2003-08-28,5559,5595,5520,5548,30378,g
2003-08-29,5590,5678,5573,5668,45483,r
2003-09-01,5690,5732,5668,5717,29607,r
2003-09-02,5735,5755,5681,5755,29132,r
2003-09-03,5780,5785,5670,5675,34696,g
2003-09-04,5675,5699,5633,5654,33084,g
2003-09-05,5680,5718,5635,5683,41855,r
2003-09-08,5669,5775,5636,5753,46555,r
2003-09-09,5788,5808,5680,5709,39280,g
2003-09-10,5678,5685,5617,5652,36115,g
2003-09-12,5644,5686,5622,5666,27882,r
2003-09-15,5670,5684,5635,5652,20867,g
2003-09-16,5635,5723,5633,5716,26867,r
2003-09-17,5758,5769,5737,5756,10316,g
2003-09-18,5750,5765,5691,5759,38489,r
2003-09-19,5782,5797,5723,5749,36541,g
2003-09-22,5717,5729,5688,5695,31598,g
2003-09-23,5681,5720,5675,5714,24963,r
2003-09-24,5723,5745,5682,5745,33699,r
2003-09-25,5660,5703,5644,5688,29744,r
2003-09-26,5668,5715,5665,5687,29079,r
2003-09-29,5670,5689,5660,5665,18730,g
2003-09-30,5681,5689,5641,5641,21027,g
2003-10-01,5625,5643,5596,5630,25554,r
2003-10-02,5663,5730,5656,5720,37651,r
2003-10-03,5710,5747,5708,5742,26731,r
2003-10-06,5775,5850,5772,5829,36776,r
2003-10-07,5843,5855,5826,5855,20644,r
2003-10-08,5850,5859,5815,5834,23988,g
2003-10-09,5830,5894,5826,5894,25171,r
2003-10-13,5940,6028,5901,6028,25046,r
2003-10-14,6032,6040,5955,5979,18614,g
2003-10-15,6000,6000,5944,5955,9310,g
2003-10-16,5965,6084,5952,6060,34726,r
2003-10-17,6074,6088,6051,6080,16856,r
2003-10-20,6060,6115,6042,6072,23732,r
2003-10-21,6098,6109,6001,6074,33613,g
2003-10-22,6055,6080,6021,6051,23581,g
2003-10-23,5980,5998,5945,5945,31507,g
2003-10-24,5965,5975,5936,5958,17701,g
2003-10-27,5975,6004,5963,6000,16969,r
2003-10-28,6004,6137,5991,6130,40875,r
2003-10-29,6168,6194,6134,6160,27984,g
2003-10-30,6150,6165,6105,6134,26265,g
2003-10-31,6125,6139,6052,6068,32532,g
2003-11-03,6068,6150,6054,6150,31714,r
2003-11-04,6170,6188,6124,6144,26749,g
2003-11-05,6129,6190,6112,6165,29556,r
2003-11-06,6181,6185,5734,5975,45340,g
2003-11-07,6035,6064,5992,6059,30177,r
2003-11-10,6032,6087,6010,6049,28387,r
2003-11-11,6021,6046,5993,6040,30237,r
2003-11-12,6030,6060,6005,6009,23476,g
2003-11-13,6070,6088,6047,6072,25553,r
2003-11-14,6068,6078,6033,6058,22455,g
2003-11-17,6018,6018,5960,5978,24092,g
2003-11-18,5978,5994,5944,5985,19621,r
2003-11-19,5900,5929,5841,5878,17392,g
2003-11-20,5915,5932,5883,5898,28598,g
2003-11-21,5852,5875,5811,5862,28997,r
2003-11-24,5845,5869,5835,5850,15635,r
2003-11-25,5924,5934,5882,5888,26658,g
2003-11-26,5897,5915,5885,5904,14552,r
2003-11-27,5895,5896,5800,5818,31806,g
2003-11-28,5828,5858,5793,5808,23855,g
2003-12-01,5781,5916,5775,5914,35120,r
2003-12-02,5938,5948,5904,5930,22367,g
2003-12-03,5922,5940,5890,5908,19160,g
2003-12-04,5900,5935,5887,5934,24327,r
2003-12-05,5928,5932,5892,5904,20587,g
2003-12-08,5864,5870,5836,5847,17369,g
2003-12-09,5867,5884,5840,5873,18817,r
2003-12-10,5820,5835,5800,5830,19837,r
2003-12-11,5840,5890,5833,5890,19516,r
2003-12-12,5938,5938,5881,5885,23749,g
2003-12-15,5930,5968,5902,5968,22083,r
2003-12-16,5892,5920,5884,5901,15626,r
2003-12-17,5905,5920,5735,5765,15455,g
2003-12-18,5785,5810,5761,5780,19273,g
2003-12-19,5811,5827,5752,5800,24275,g
2003-12-22,5810,5864,5796,5838,28628,r
2003-12-23,5850,5854,5825,5838,14754,g
2003-12-24,5845,5900,5841,5864,28125,r
2003-12-25,5860,5891,5845,5860,17483,r
2003-12-26,5870,5882,5836,5867,17939,g
2003-12-29,5870,5888,5827,5836,19041,g
2003-12-30,5870,5909,5847,5890,31899,r
2003-12-31,5899,5917,5883,5903,16173,r
2004-01-02,5900,6072,5897,6056,40341,r
2004-01-05,6074,6154,6060,6144,32441,r
2004-01-06,6172,6178,6128,6160,27231,g
2004-01-07,6163,6252,6160,6174,44226,r
2004-01-08,6188,6225,6175,6211,26881,r
2004-01-09,6278,6299,6242,6270,32733,g
2004-01-12,6258,6280,6241,6275,16269,r
2004-01-13,6288,6289,6221,6254,24588,g
2004-01-14,6240,6345,6225,6325,33201,r
2004-01-15,6312,6334,6288,6300,18597,g
2004-01-16,6329,6344,6285,6285,17175,g
2004-01-27,6325,6387,6325,6378,14382,r
2004-01-28,6370,6398,6351,6367,24206,g
2004-01-29,6332,6344,6302,6331,29565,g
2004-01-30,6330,6387,6325,6381,24340,r
2004-02-02,6375,6381,6323,6330,24702,g
2004-02-03,6300,6300,6230,6259,28982,g
2004-02-04,6245,6280,6235,6235,20372,g
2004-02-05,6212,6313,6212,6285,33174,r
2004-02-06,6280,6384,6273,6365,38274,r
2004-02-09,6408,6472,6402,6470,28973,r
2004-02-10,6466,6488,6435,6475,27112,r
2004-02-11,6487,6488,6437,6458,29140,g
2004-02-12,6488,6596,6372,6440,70687,g
2004-02-13,6435,6569,6420,6565,41895,r
2004-02-16,6550,6590,6510,6571,22088,r
2004-02-17,6580,6620,6551,6615,18516,r
2004-02-18,6618,6654,6590,6612,10646,g
2004-02-19,6650,6719,6636,6716,33803,r
2004-02-20,6685,6713,6672,6696,20909,r
2004-02-23,6698,6708,6631,6703,28061,r
2004-02-24,6675,6693,6635,6643,30466,g
2004-02-25,6645,6708,6645,6685,25952,r
2004-02-26,6707,6746,6701,6735,29217,r
2004-02-27,6749,6805,6727,6802,27525,r
2004-03-01,6830,6978,6822,6968,38023,r
2004-03-02,6999,7073,6973,7055,40357,r
2004-03-03,7043,7060,7011,7012,31199,g
2004-03-04,7020,7312,7020,7150,43307,r
2004-03-05,7185,7245,7051,7075,61841,g
2004-03-08,7110,7135,6956,6979,42972,g
2004-03-09,6940,7056,6915,7051,35888,r
2004-03-10,7020,7049,6904,6930,45940,g
2004-03-11,6883,6967,6835,6922,37322,r
2004-03-12,6800,6862,6768,6807,32126,r
2004-03-15,6865,6917,6560,6563,43871,g
2004-03-16,6506,6637,6506,6555,39641,r
2004-03-17,6565,6640,6562,6571,16354,r
2004-03-18,6676,6845,6652,6845,55474,r
2004-03-19,6828,6865,6786,6830,39241,r
2004-03-22,6352,6352,6352,6352,4625,r
2004-03-23,5908,6220,5908,6055,87984,r
2004-03-24,6127,6215,6067,6180,52641,r
2004-03-25,6180,6202,6110,6135,36784,g
2004-03-26,6200,6214,6071,6125,43009,g
2004-03-29,6399,6488,6275,6471,42481,r
2004-03-30,6435,6498,6435,6487,33745,r
2004-03-31,6507,6539,6422,6480,42089,g
2004-04-01,6473,6485,6410,6471,30174,g
2004-04-02,6481,6525,6472,6493,28722,r
2004-04-05,6560,6703,6533,6692,49188,r
2004-04-06,6728,6730,6651,6660,35139,g
2004-04-07,6651,6674,6632,6665,21235,r
2004-04-08,6669,6690,6653,6681,19851,r
2004-04-09,6661,6662,6582,6625,27819,g
2004-04-12,6648,6817,6641,6800,39532,r
2004-04-13,6810,6833,6772,6823,27464,r
2004-04-14,6771,6925,6771,6920,41317,r
2004-04-15,6897,6924,6723,6749,50877,g
2004-04-16,6736,6865,6736,6828,38826,r
2004-04-19,6828,6854,6750,6809,27262,g
2004-04-20,6824,6899,6806,6839,21650,r
2004-04-21,6815,6848,6806,6829,9317,r
2004-04-22,6860,6920,6661,6718,65601,g
2004-04-23,6775,6784,6706,6750,30451,g
2004-04-26,6751,6768,6712,6720,21922,g
2004-04-27,6712,6730,6608,6680,40628,g
2004-04-28,6659,6684,6594,6605,33440,g
2004-04-29,6555,6560,6327,6399,55098,g
2004-04-30,6361,6362,5961,6020,73743,g
2004-05-03,6050,6120,5970,6017,40742,g
2004-05-04,6081,6168,6053,6133,39031,r
2004-05-05,6135,6149,5725,5725,64666,g
2004-05-06,5797,5965,5750,5849,61689,r
2004-05-07,5800,5995,5791,5979,43348,r
2004-05-10,5927,5927,5701,5751,40211,g
2004-05-11,5816,5878,5656,5858,55208,r
2004-05-12,5928,6004,5910,5942,38234,r
2004-05-13,5920,5950,5850,5890,38907,g
2004-05-14,5908,5945,5720,5745,45489,g
2004-05-17,5695,5698,5343,5358,45298,g
2004-05-18,5429,5560,5386,5523,31290,r
2004-05-19,5592,5898,5560,5898,16226,r
2004-05-20,5775,5875,5588,5685,64609,g
2004-05-21,5734,5915,5670,5840,53127,r
2004-05-24,5878,5965,5756,5871,46188,g
2004-05-25,5790,5925,5771,5841,38556,r
2004-05-26,6000,6070,5971,5990,39341,g
2004-05-27,6010,6025,5945,6001,26676,g
2004-05-28,6053,6066,5990,6043,29754,g
2004-05-31,6037,6038,5885,5928,35231,g
2004-06-01,5930,5952,5810,5906,41623,g
2004-06-02,5851,5855,5750,5790,32455,g
2004-06-03,5814,5845,5554,5580,47982,g
2004-06-04,5615,5640,5530,5607,39913,g
2004-06-07,5687,5909,5682,5890,45734,r
2004-06-08,5950,5989,5864,5981,39146,r
2004-06-09,5959,5995,5922,5960,25188,r
2004-06-10,5906,5919,5763,5840,43557,g
2004-06-11,5780,5780,5668,5715,33329,g
2004-06-14,5692,5795,5515,5540,38014,g
2004-06-15,5540,5646,5454,5604,30121,r
2004-06-16,5660,5740,5500,5559,16736,g
2004-06-17,5450,5668,5422,5607,62878,r
2004-06-18,5572,5575,5430,5463,45800,g
2004-06-21,5600,5639,5452,5538,43530,g
2004-06-23,5575,5714,5552,5660,46538,r
2004-06-24,5720,5735,5660,5712,33947,g
2004-06-25,5688,5773,5672,5735,35556,r
2004-06-28,5734,5746,5589,5615,35960,g
2004-06-29,5592,5654,5555,5644,29181,r
2004-06-30,5667,5796,5667,5750,40247,r
2004-07-01,5794,5795,5720,5765,26725,g
2004-07-02,5620,5658,5561,5655,25931,r
2004-07-05,5582,5610,5542,5597,24339,r
2004-07-06,5622,5676,5568,5667,27542,r
2004-07-07,5550,5688,5520,5650,37028,r
2004-07-08,5639,5804,5596,5634,26283,g
2004-07-09,5641,5724,5586,5707,38772,r
2004-07-12,5733,5761,5693,5707,22358,g
2004-07-13,5686,5698,5654,5661,19661,g
2004-07-14,5643,5682,5597,5608,32520,g
2004-07-15,5602,5620,5482,5550,33895,g
2004-07-16,5501,5582,5496,5505,28871,r
2004-07-19,5491,5545,5422,5511,27613,r
2004-07-20,5460,5488,5281,5300,25758,g
2004-07-21,5357,5430,5353,5415,12535,r
2004-07-22,5249,5308,5207,5291,34720,r
2004-07-23,5291,5339,5273,5285,29972,g
2004-07-26,5230,5279,5225,5275,19390,r
2004-07-27,5270,5394,5219,5353,44806,r
2004-07-28,5398,5400,5340,5360,27778,g
2004-07-29,5355,5355,5281,5297,29294,g
2004-07-30,5337,5407,5336,5356,33673,r
2004-08-02,5323,5323,5255,5280,25760,g
2004-08-03,5305,5319,5265,5282,23697,g
2004-08-04,5250,5266,5212,5254,25644,r
2004-08-05,5259,5410,5214,5399,51427,r
2004-08-06,5335,5408,5332,5369,30009,r
2004-08-09,5300,5390,5271,5380,27565,r
2004-08-10,5385,5390,5342,5364,23213,g
2004-08-11,5400,5409,5292,5325,33885,g
2004-08-12,5310,5348,5303,5348,19967,r
2004-08-13,5300,5396,5293,5356,34742,r
2004-08-16,5339,5350,5314,5331,14680,g
2004-08-17,5362,5375,5316,5339,18196,g
2004-08-18,5328,5423,5295,5413,16720,r
2004-08-19,5427,5548,5421,5528,40525,r
2004-08-20,5540,5625,5526,5583,36137,r
2004-08-23,5613,5628,5576,5606,23079,g
2004-08-26,5722,5813,5700,5783,35392,r
2004-08-27,5800,5818,5758,5810,23284,r
2004-08-30,5810,5819,5777,5785,18023,g
2004-08-31,5766,5875,5734,5763,52609,g
2004-09-01,5800,5867,5785,5856,34567,r
2004-09-02,5850,5860,5794,5840,26755,g
2004-09-03,5850,5870,5746,5762,45361,g
2004-09-06,5753,5788,5715,5780,28759,r
2004-09-07,5771,5842,5763,5840,33963,r
2004-09-08,5850,5879,5810,5828,31458,g
2004-09-09,5812,5854,5785,5843,23185,r
2004-09-10,5845,5875,5815,5841,28530,g
2004-09-13,5900,5939,5892,5930,24950,r
2004-09-14,5949,5956,5921,5935,19073,g
2004-09-15,5923,5933,5870,5877,11768,g
2004-09-16,5850,5888,5814,5868,27198,r
2004-09-17,5860,5871,5797,5797,26662,g
2004-09-20,5813,5875,5812,5840,27601,r
2004-09-21,5866,5945,5856,5945,37292,r
2004-09-22,5955,5959,5918,5936,19250,g
2004-09-23,5890,5933,5886,5917,19885,r
2004-09-24,5915,5930,5862,5888,27518,g
2004-09-27,5879,5884,5843,5870,16317,g
2004-09-29,5875,5900,5845,5857,21886,g
2004-09-30,5888,5918,5861,5889,27124,r
2004-10-01,5901,5957,5871,5947,33218,r
2004-10-04,6040,6115,6030,6105,31836,r
2004-10-05,6103,6124,6088,6123,15690,r
2004-10-06,6110,6180,6072,6088,39947,g
2004-10-07,6123,6144,6093,6134,25574,r
2004-10-08,6110,6139,6101,6135,18294,r
2004-10-11,6108,6135,6062,6118,25498,r
2004-10-12,6080,6094,5982,5991,32982,g
2004-10-13,6020,6036,5985,5994,23959,g
2004-10-14,5950,5950,5832,5850,40855,g
2004-10-15,5806,5868,5789,5816,29951,r
2004-10-18,5810,5855,5779,5779,18174,g
2004-10-19,5855,5862,5791,5837,23608,g
2004-10-20,5792,5810,5756,5790,13664,g
2004-10-21,5810,5843,5774,5779,34435,g
2004-10-22,5820,5831,5776,5796,25199,g
2004-10-26,5708,5719,5635,5660,26563,g
2004-10-27,5682,5692,5598,5616,30301,g
2004-10-28,5700,5734,5677,5729,31206,r
2004-10-29,5689,5727,5683,5691,21774,r
2004-11-01,5701,5726,5610,5617,24525,g
2004-11-02,5657,5764,5633,5751,31618,r
2004-11-03,5736,5855,5732,5830,43060,r
2004-11-04,5828,5865,5815,5836,26726,r
2004-11-05,5901,5967,5901,5920,30446,r
2004-11-08,5925,5934,5902,5909,17358,g
2004-11-09,5921,5960,5886,5943,27268,r
2004-11-10,5970,5991,5903,5960,31408,g
2004-11-11,5948,5955,5868,5868,29323,g
2004-11-12,5920,5968,5902,5935,29339,r
2004-11-15,5977,6006,5927,5941,24579,g
2004-11-16,5945,5960,5911,5929,19583,g
2004-11-17,5900,6033,5898,6026,17162,r
2004-11-18,6080,6107,6060,6072,29707,g
2004-11-19,6086,6093,6044,6056,22611,g
2004-11-22,5986,5990,5833,5835,44598,g
2004-11-23,5849,5872,5790,5842,33263,g
2004-11-24,5836,5919,5836,5905,31576,r
2004-11-25,5914,5923,5847,5870,28150,g
2004-11-26,5895,5964,5740,5740,53585,g
2004-11-29,5784,5813,5760,5810,25406,r
2004-11-30,5773,5825,5702,5809,44352,r
2004-12-01,5722,5802,5659,5770,32051,r
2004-12-02,5858,5878,5822,5855,28912,g
2004-12-03,5885,5905,5841,5880,26316,g
2004-12-06,5835,5909,5830,5883,25694,r
2004-12-07,5880,5908,5866,5890,15602,r
2004-12-08,5865,5902,5861,5880,17107,r
2004-12-09,5884,5907,5870,5880,17047,g
2004-12-10,5900,5900,5833,5850,16740,g
2004-12-13,5890,6019,5787,5871,51128,g
2004-12-14,5898,5916,5868,5901,14177,r
2004-12-15,5951,6030,5921,6024,13429,r
2004-12-16,6005,6030,5996,6020,21458,r
2004-12-17,6011,6029,6001,6019,13086,r
2004-12-20,5921,5992,5911,5962,25321,r
2004-12-21,5976,5989,5961,5978,13598,r
2004-12-22,6015,6069,6006,6025,30431,r
2004-12-23,6034,6036,5968,6002,23284,g
2004-12-24,6008,6058,5987,6032,23814,r
2004-12-27,6035,6042,5992,6016,16581,g
2004-12-28,6008,6045,6008,6020,13824,r
2004-12-29,6055,6120,6050,6118,29184,r
2004-12-30,6126,6130,6108,6115,12968,g
2004-12-31,6120,6188,6105,6188,29454,r
2005-01-03,6185,6193,6154,6174,20319,g
2005-01-04,6145,6152,6062,6080,38182,g
2005-01-05,6011,6027,5996,6013,25857,r
2005-01-06,6008,6023,5995,6017,14673,r
2005-01-07,6018,6035,5951,5965,37209,g
2005-01-10,5970,5992,5961,5987,14801,r
2005-01-11,5986,6026,5965,6003,22853,r
2005-01-12,5980,5995,5875,5901,38093,g
2005-01-13,5920,5930,5830,5880,33987,g
2005-01-14,5846,5920,5821,5893,31644,r
2005-01-17,5933,5985,5933,5954,25354,r
2005-01-18,5955,5967,5935,5945,16502,g
2005-01-19,5965,5977,5891,5903,16352,g
2005-01-20,5869,5925,5853,5879,39970,r
2005-01-21,5871,5897,5833,5869,28331,g
2005-01-24,5869,5874,5769,5805,31954,g
2005-01-25,5783,5815,5746,5810,33540,r
2005-01-26,5838,5857,5813,5840,25518,r
2005-01-27,5850,5850,5818,5834,18149,g
2005-01-28,5822,5893,5816,5874,32141,r
2005-01-31,5893,6004,5884,5982,41876,r
2005-02-01,5981,6006,5975,5980,18624,g
2005-02-02,6000,6070,5995,6023,35326,r
2005-02-03,6048,6050,6017,6045,14887,g
2005-02-14,6210,6220,6115,6129,22508,g
2005-02-15,6111,6149,6111,6123,11655,r
2005-02-16,6140,6150,6042,6140,13515,r
2005-02-17,6115,6135,6062,6078,31930,g
2005-02-18,6072,6127,6058,6120,24824,r
2005-02-21,6127,6170,6127,6144,21839,r
2005-02-22,6139,6149,6090,6097,23003,g
2005-02-23,6054,6128,6039,6114,30573,r
2005-02-24,6114,6164,6093,6120,31205,r
2005-02-25,6162,6227,6162,6219,34658,r
2005-03-01,6233,6250,6209,6250,21190,r
2005-03-02,6259,6259,6191,6200,27486,g
2005-03-03,6200,6223,6156,6204,32997,r
2005-03-04,6191,6219,6175,6198,21080,r
2005-03-07,6245,6257,6220,6231,22438,g
2005-03-08,6240,6253,6138,6155,37801,g
2005-03-09,6149,6203,6145,6198,21598,r
2005-03-10,6180,6188,6141,6167,26861,g
2005-03-11,6195,6235,6173,6207,26378,r
2005-03-14,6176,6203,6150,6160,21332,g
2005-03-15,6159,6168,6036,6076,30887,g
2005-03-16,6059,6088,6044,6074,7619,r
2005-03-17,6008,6035,5995,6015,27887,r
2005-03-18,6030,6043,6004,6027,23502,g
2005-03-21,6018,6053,6015,6040,20102,r
2005-03-22,6032,6034,5976,6008,32667,g
2005-03-23,5981,6010,5967,6010,30170,r
2005-03-24,6010,6037,5997,6012,23312,r
2005-03-25,6012,6052,6008,6050,18475,r
2005-03-28,6069,6077,6033,6054,17906,g
2005-03-29,6031,6040,5967,5973,34733,g
2005-03-30,5957,5982,5950,5975,19723,r
2005-03-31,6009,6019,5998,6010,17500,r
2005-04-01,6008,6045,5972,6045,31130,r
2005-04-04,6021,6045,6016,6025,14928,r
2005-04-06,6031,6040,5997,6011,19640,g
2005-04-07,6013,6030,5975,5985,25693,g
2005-04-08,6008,6017,5997,6010,13226,r
2005-04-11,5985,6003,5966,5980,13780,g
2005-04-12,5976,6003,5969,5990,14469,r
2005-04-13,6005,6012,5987,6007,11354,r
2005-04-14,5971,5985,5958,5975,16115,r
2005-04-15,5925,5935,5876,5892,23431,g
2005-04-18,5819,5822,5663,5707,30992,g
2005-04-19,5727,5785,5721,5754,14912,r
2005-04-20,5781,5802,5687,5702,11160,g
2005-04-21,5620,5707,5602,5688,44013,r
2005-04-22,5748,5769,5708,5725,28450,g
2005-04-25,5711,5736,5704,5728,13763,r
2005-04-26,5738,5778,5718,5765,26541,r
2005-04-27,5748,5767,5738,5745,15266,g
2005-04-28,5740,5794,5710,5780,29571,r
2005-04-29,5755,5770,5742,5770,18029,r
2005-05-03,5800,5845,5797,5800,22478,r
2005-05-04,5820,5828,5785,5806,19001,g
2005-05-05,5860,5943,5841,5902,45967,r
2005-05-06,5910,5949,5895,5948,21016,r
2005-05-09,5936,5951,5923,5947,16570,r
2005-05-10,5949,5957,5920,5925,17027,g
2005-05-11,5890,5912,5880,5898,19109,r
2005-05-12,5905,5929,5887,5929,15760,r
2005-05-13,5918,6007,5916,5986,32107,r
2005-05-16,5997,6015,5924,5931,21380,g
2005-05-17,5963,5964,5858,5877,20846,g
2005-05-18,5909,5915,5880,5900,9574,g
2005-05-19,5941,5975,5930,5947,31786,r
2005-05-20,5954,5964,5920,5920,18680,g
2005-05-23,5926,5926,5855,5878,26949,g
2005-05-24,5878,5895,5871,5875,13417,g
2005-05-25,5880,5930,5822,5849,38079,g
2005-05-26,5861,5902,5842,5899,21920,r
2005-05-27,5930,5965,5923,5950,30254,r
2005-05-30,5958,5969,5930,5952,17054,g
2005-05-31,5940,5965,5912,5943,29235,r
2005-06-01,5943,5956,5905,5935,26542,g
2005-06-02,5963,6005,5962,5973,30796,r
2005-06-03,5987,6058,5978,6038,35747,r
2005-06-06,6015,6072,6012,6069,21953,r
2005-06-07,6069,6073,6037,6060,17739,g
2005-06-08,6052,6143,6051,6131,29611,r
2005-06-09,6118,6162,6113,6125,18592,r
2005-06-10,6141,6189,6115,6175,23085,r
2005-06-13,6175,6245,6156,6240,21861,r
2005-06-14,6239,6271,6217,6221,21001,g
2005-06-15,6234,6270,6220,6258,10850,r
2005-06-16,6150,6194,6132,6180,33246,r
2005-06-17,6188,6256,6173,6189,39792,r
2005-06-20,6190,6208,6168,6188,15910,g
2005-06-21,6191,6205,6166,6197,18478,r
2005-06-22,6199,6343,6199,6330,43369,r
2005-06-23,6325,6356,6325,6350,24590,r
2005-06-24,6311,6325,6272,6297,30307,g
2005-06-27,6246,6272,6230,6257,25588,r
2005-06-28,6261,6288,6253,6284,18132,r
2005-06-29,6325,6353,6165,6199,54328,g
2005-06-30,6215,6228,6186,6199,20191,g
2005-07-01,6190,6230,6125,6227,36513,r
2005-07-04,6248,6248,6181,6211,19030,g
2005-07-05,6210,6218,6160,6163,26316,g
2005-07-06,6185,6208,6155,6182,25189,g
2005-07-07,6166,6180,6136,6166,25910,r
2005-07-08,6170,6205,6157,6181,23599,r
2005-07-11,6247,6306,6233,6302,29881,r
2005-07-12,6325,6353,6320,6340,25968,r
2005-07-13,6341,6407,6332,6376,30454,r
2005-07-14,6400,6438,6379,6435,28388,r
2005-07-15,6446,6449,6411,6411,17808,g
2005-07-19,6419,6433,6385,6430,16251,r
2005-07-20,6430,6479,6401,6405,18193,g
2005-07-21,6426,6452,6330,6365,49551,g
2005-07-22,6354,6366,6325,6342,25061,g
2005-07-25,6359,6406,6356,6406,19120,r
2005-07-26,6395,6408,6319,6330,27117,g
2005-07-27,6328,6342,6286,6310,25424,g
2005-07-28,6325,6350,6304,6350,20253,r
2005-07-29,6361,6395,6277,6277,38776,g
2005-08-01,6281,6297,6264,6297,13495,r
2005-08-02,6298,6340,6271,6340,27076,r
2005-08-03,6375,6455,6370,6431,38357,r
2005-08-04,6446,6464,6419,6445,23870,g
2005-08-08,6360,6383,6349,6370,21271,r
2005-08-09,6361,6394,6352,6394,16014,r
2005-08-10,6413,6428,6338,6345,33301,g
2005-08-11,6360,6389,6340,6389,20506,r
2005-08-12,6392,6412,6351,6352,22653,g
2005-08-15,6337,6342,6224,6240,32474,g
2005-08-16,6245,6257,6198,6235,22290,g
2005-08-17,6185,6255,6185,6233,14244,r
2005-08-18,6238,6247,6182,6190,29121,g
2005-08-19,6179,6181,6135,6164,25114,g
2005-08-22,6189,6218,6175,6215,16456,r
2005-08-23,6209,6214,6182,6185,14278,g
2005-08-24,6159,6178,6139,6147,21670,g
2005-08-25,6118,6168,6101,6126,23469,r
2005-08-26,6147,6159,6130,6150,16495,r
2005-08-29,6116,6130,6032,6046,26818,g
2005-08-30,6080,6092,6043,6055,16584,g
2005-08-31,6045,6085,5985,6050,29590,r
2005-09-02,6101,6122,6083,6119,20860,r
2005-09-05,6115,6120,6100,6108,9383,g
2005-09-06,6130,6159,6128,6150,17250,r
2005-09-07,6188,6190,6132,6164,21421,g
2005-09-08,6158,6169,6138,6154,11634,g
2005-09-09,6152,6158,6093,6114,22338,g
2005-09-12,6158,6168,6122,6165,18912,r
2005-09-13,6158,6189,6148,6164,18755,r
2005-09-14,6150,6166,6129,6155,15568,r
2005-09-15,6130,6137,6080,6080,23987,g
2005-09-16,6085,6089,6013,6045,25257,g
2005-09-19,6050,6065,6026,6030,9602,g
2005-09-20,6031,6124,5987,6106,26876,r
2005-09-21,6082,6116,6065,6067,9917,g
2005-09-22,6031,6047,5965,5979,40394,g
2005-09-23,5966,5978,5893,5931,29486,g
2005-09-26,5961,5974,5888,5950,25371,g
2005-09-27,5931,5980,5893,5935,29561,r
2005-09-28,5941,5973,5906,5933,25048,g
2005-09-29,5930,6022,5925,6022,31786,r
2005-09-30,6039,6115,6034,6095,38775,r
2005-10-03,6106,6132,6088,6118,21930,r
2005-10-04,6130,6166,6117,6142,27085,r
2005-10-05,6132,6157,6118,6130,24357,g
2005-10-06,6080,6100,6061,6100,20362,r
2005-10-07,6083,6109,6083,6095,14818,r
2005-10-11,6078,6126,6074,6099,17179,r
2005-10-12,6078,6083,5997,6004,34386,g
2005-10-13,5981,5986,5936,5985,22831,r
2005-10-14,5982,5998,5965,5968,14179,g
2005-10-17,5985,5988,5813,5815,26245,g
2005-10-18,5826,5860,5818,5839,15703,r
2005-10-19,5786,5795,5684,5690,14775,g
2005-10-20,5730,5779,5633,5772,51040,r
2005-10-21,5722,5755,5672,5735,30574,r
2005-10-24,5745,5755,5692,5712,20445,g
2005-10-25,5780,5807,5718,5718,31195,g
2005-10-26,5732,5747,5683,5704,30395,g
2005-10-27,5681,5726,5645,5675,28506,g
2005-10-28,5615,5687,5611,5660,23730,r
2005-10-31,5700,5782,5685,5775,27380,r
2005-11-01,5805,5822,5786,5798,25676,g
2005-11-02,5808,5858,5801,5853,25541,r
2005-11-03,5880,5888,5838,5842,20397,g
2005-11-04,5875,5916,5863,5885,27723,r
2005-11-07,5891,5893,5826,5832,21955,g
2005-11-08,5850,5851,5827,5840,15963,g
2005-11-09,5831,5980,5828,5973,38918,r
2005-11-10,5968,6038,5968,6000,33364,r
2005-11-11,6050,6096,6031,6096,29255,r
2005-11-14,6094,6107,6071,6090,16172,g
2005-11-15,6087,6098,6002,6030,26802,g
2005-11-16,6025,6088,5980,6029,12972,r
2005-11-17,6049,6069,5985,6023,30170,g
2005-11-18,6099,6127,6075,6110,30861,r
2005-11-21,6119,6145,6090,6117,22464,g
2005-11-22,6110,6110,6063,6075,19036,g
2005-11-23,6084,6124,6072,6123,26318,r
2005-11-24,6125,6133,6082,6096,22624,g
2005-11-25,6096,6128,6084,6110,17155,r
2005-11-28,6119,6215,6116,6213,26737,r
2005-11-29,6195,6205,6142,6145,20972,g
2005-11-30,6160,6205,6145,6187,22364,r
2005-12-01,6175,6178,6145,6174,14516,g
2005-12-02,6248,6258,6206,6223,21991,g
2005-12-05,6250,6363,6231,6363,35180,r
2005-12-06,6342,6369,6325,6369,20727,r
2005-12-07,6379,6381,6316,6347,27086,g
2005-12-08,6325,6335,6214,6240,34819,g
2005-12-09,6257,6265,6200,6240,27932,g
2005-12-12,6265,6285,6182,6273,27904,r
2005-12-13,6255,6285,6227,6241,21926,g
2005-12-14,6262,6272,6206,6215,23297,g
2005-12-15,6210,6270,6206,6270,21871,r
2005-12-16,6257,6385,6256,6356,32188,r
2005-12-19,6360,6452,6358,6450,24030,r
2005-12-20,6435,6445,6413,6433,16630,g
2005-12-21,6438,6480,6426,6472,8919,r
2005-12-22,6482,6489,6425,6430,21977,g
2005-12-23,6445,6549,6432,6544,32155,r
2005-12-26,6559,6594,6538,6578,15889,r
2005-12-27,6558,6603,6530,6567,23749,r
2005-12-28,6519,6563,6506,6550,19686,r
2005-12-29,6555,6645,6555,6605,29221,r
2005-12-30,6600,6615,6566,6595,19675,g
2006-01-02,6451,6507,6411,6478,27202,r
2006-01-03,6488,6641,6460,6641,41424,r
2006-01-04,6675,6688,6603,6655,33521,g
2006-01-05,6665,6740,6652,6723,37557,r
2006-01-06,6743,6745,6692,6717,26989,g
2006-01-09,6747,6789,6744,6760,27074,r
2006-01-10,6781,6784,6705,6739,29761,g
2006-01-11,6723,6774,6686,6760,38793,r
2006-01-12,6772,6800,6701,6705,33809,g
2006-01-13,6701,6747,6677,6712,32377,r
2006-01-16,6682,6744,6660,6729,34214,r
2006-01-17,6730,6767,6688,6689,28043,g
2006-01-18,6612,6624,6461,6505,26270,g
2006-01-19,6527,6539,6460,6513,41758,g
2006-01-20,6527,6549,6451,6472,36292,g
2006-01-23,6400,6415,6378,6380,28242,g
2006-01-24,6417,6460,6405,6450,24722,r
2006-01-25,6471,6532,6453,6532,30132,r
2006-02-03,6567,6614,6545,6585,31029,r
2006-02-06,6555,6722,6500,6700,39983,r
2006-02-07,6691,6742,6678,6705,35636,r
2006-02-08,6701,6703,6607,6619,32331,g
2006-02-09,6678,6699,6572,6593,38601,g
2006-02-10,6596,6620,6542,6563,36182,g
2006-02-13,6551,6607,6522,6541,28680,g
2006-02-14,6528,6620,6512,6610,31792,r
2006-02-15,6600,6643,6574,6592,13351,g
2006-02-16,6590,6685,6582,6669,48942,r
2006-02-17,6700,6719,6640,6682,39693,g
2006-02-20,6660,6700,6620,6677,36121,r
2006-02-21,6699,6710,6626,6628,35794,g
2006-02-22,6631,6650,6495,6528,55797,g
2006-02-23,6545,6548,6464,6493,41063,g
2006-02-24,6495,6533,6477,6527,33242,r
2006-02-27,6514,6548,6473,6530,31587,r
2006-03-01,6512,6618,6483,6582,44348,r
2006-03-02,6614,6647,6598,6617,35536,r
2006-03-03,6610,6622,6495,6503,43846,g
2006-03-06,6500,6550,6485,6548,30517,r
2006-03-07,6510,6513,6455,6475,37478,g
2006-03-08,6460,6505,6405,6455,48943,g
2006-03-09,6460,6500,6451,6477,30782,r
2006-03-10,6477,6513,6442,6467,40901,g
2006-03-13,6505,6535,6485,6535,26800,r
2006-03-14,6522,6525,6416,6454,36681,g
2006-03-15,6479,6535,6464,6519,18215,r
2006-03-16,6492,6554,6448,6448,55910,g
2006-03-17,6450,6483,6422,6478,32944,r
2006-03-20,6496,6525,6457,6496,37693,r
2006-03-21,6488,6513,6443,6450,40546,g
2006-03-22,6415,6417,6357,6361,46240,g
2006-03-23,6373,6387,6323,6358,36717,g
2006-03-24,6344,6375,6338,6366,24238,r
2006-03-27,6386,6396,6364,6390,18537,r
2006-03-28,6379,6425,6375,6405,27770,r
2006-03-29,6385,6451,6375,6440,35201,r
2006-03-30,6463,6518,6454,6487,43072,r
2006-03-31,6501,6590,6492,6561,41291,r
2006-04-03,6583,6638,6564,6638,30043,r
2006-04-04,6629,6643,6613,6630,21774,r
2006-04-06,6677,6733,6668,6727,29681,r
2006-04-07,6728,6791,6701,6751,34751,r
2006-04-10,6722,6828,6713,6779,48184,r
2006-04-11,6752,6768,6709,6755,33134,r
2006-04-12,6711,6809,6695,6808,53379,r
2006-04-13,6819,6867,6812,6866,37579,r
2006-04-14,6880,6986,6860,6984,42551,r
2006-04-17,6971,7035,6963,6986,40534,r
2006-04-18,7008,7008,6911,6983,38280,g
2006-04-19,7114,7126,7030,7054,20623,g
2006-04-20,7047,7125,7031,7121,52886,r
2006-04-21,7131,7159,7082,7105,38249,g
2006-04-24,7053,7133,7033,7081,41657,r
2006-04-25,7085,7153,7028,7053,49974,g
2006-04-26,7071,7208,7045,7208,43395,r
2006-04-27,7231,7234,7157,7176,45862,g
2006-04-28,7153,7215,7093,7180,46131,r
2006-05-02,7172,7222,7135,7219,40395,r
2006-05-03,7250,7289,7245,7267,35619,r
2006-05-04,7267,7375,7251,7375,42418,r
2006-05-05,7378,7498,7362,7421,51836,r
2006-05-08,7470,7518,7436,7518,30678,r
2006-05-09,7493,7514,7392,7392,56421,g
2006-05-10,7401,7446,7280,7318,65982,g
2006-05-11,7300,7377,7273,7369,43606,r
2006-05-12,7273,7312,7252,7257,42212,g
2006-05-15,7189,7214,7150,7153,33060,g
2006-05-16,7156,7178,7022,7022,40184,g
2006-05-17,7036,7145,7035,7119,22742,r
2006-05-18,6977,7005,6943,7000,41162,r
2006-05-19,6980,7066,6971,7042,35174,r
2006-05-22,7054,7081,6865,6868,46371,g
2006-05-23,6828,6901,6806,6844,49188,r
2006-05-24,6836,6919,6767,6890,70600,r
2006-05-25,6863,6897,6814,6855,39864,g
2006-05-26,6927,6960,6843,6872,43097,g
2006-05-29,6905,6923,6857,6891,27085,g
2006-05-30,6904,6913,6805,6844,49838,g
2006-06-01,6864,6897,6830,6854,30427,g
2006-06-02,6915,6968,6845,6967,44918,r
2006-06-05,6947,6964,6645,6678,56135,g
2006-06-06,6622,6712,6592,6689,52334,r
2006-06-07,6656,6668,6576,6576,46653,g
2006-06-08,6525,6547,6211,6216,74759,g
2006-06-09,6294,6415,6220,6375,70824,r
2006-06-12,6332,6409,6266,6379,50729,r
2006-06-13,6281,6344,6230,6270,52290,g
2006-06-14,6253,6470,6253,6465,57589,r
2006-06-15,6488,6505,6356,6409,51995,g
2006-06-16,6630,6667,6521,6580,44190,g
2006-06-19,6566,6595,6536,6575,28420,r
2006-06-20,6565,6565,6261,6359,53447,g
2006-06-21,6362,6415,6302,6315,19174,g
2006-06-22,6339,6451,6330,6430,43047,r
2006-06-23,6390,6405,6270,6377,52097,g
2006-06-26,6405,6513,6375,6481,36611,r
2006-06-27,6475,6575,6445,6515,53268,r
2006-06-28,6432,6466,6396,6455,36982,r
2006-06-29,6488,6553,6487,6535,42461,r
2006-06-30,6672,6685,6626,6655,31052,g
2006-07-03,6665,6675,6637,6666,18313,r
2006-07-04,6690,6730,6639,6668,38372,g
2006-07-05,6646,6668,6570,6570,39808,g
2006-07-06,6551,6585,6525,6579,38115,r
2006-07-07,6578,6588,6545,6558,24849,g
2006-07-10,6511,6659,6485,6659,37308,r
2006-07-11,6610,6650,6592,6598,29751,g
2006-07-12,6603,6690,6530,6579,53264,g
2006-07-13,6538,6576,6506,6516,35590,g
2006-07-14,6426,6430,6333,6368,43041,g
2006-07-17,6342,6362,6153,6221,42713,g
2006-07-18,6202,6277,6202,6266,28311,r
2006-07-19,6280,6340,6253,6273,19210,g
2006-07-20,6259,6339,6257,6339,39806,r
2006-07-21,6272,6300,6235,6292,30885,r
2006-07-24,6185,6247,6163,6238,30122,r
2006-07-25,6346,6367,6295,6315,29392,g
2006-07-26,6308,6348,6266,6292,36527,g
2006-07-27,6292,6408,6283,6401,42213,r
2006-07-28,6381,6425,6346,6396,34105,r
2006-07-31,6456,6468,6326,6361,42815,g
2006-08-01,6371,6415,6345,6379,33712,r
2006-08-02,6349,6454,6339,6439,35217,r
2006-08-03,6459,6469,6396,6408,35058,g
2006-08-04,6440,6444,6348,6366,36034,g
2006-08-07,6352,6402,6336,6350,31285,g
2006-08-08,6370,6501,6368,6501,37968,r
2006-08-09,6471,6580,6449,6580,39843,r
2006-08-10,6543,6598,6517,6555,42468,r
2006-08-11,6556,6585,6528,6538,26788,g
2006-08-14,6557,6638,6550,6595,33840,r
2006-08-15,6585,6612,6571,6607,22235,r
2006-08-16,6659,6702,6657,6702,13763,r
2006-08-17,6722,6734,6685,6695,31341,g
2006-08-18,6709,6716,6691,6698,16755,g
2006-08-21,6686,6694,6443,6460,51454,g
2006-08-22,6500,6546,6467,6539,30828,r
2006-08-23,6525,6545,6375,6515,54678,g
2006-08-24,6481,6529,6465,6515,31298,r
2006-08-25,6515,6585,6476,6489,35082,g
2006-08-28,6501,6509,6382,6402,38685,g
2006-08-29,6450,6462,6421,6439,20856,g
2006-08-30,6454,6585,6433,6563,42254,r
2006-08-31,6585,6648,6580,6621,37036,r
2006-09-01,6620,6648,6606,6646,19448,r
2006-09-04,6691,6755,6688,6738,30208,r
2006-09-05,6738,6749,6712,6738,18901,r
2006-09-06,6727,6736,6603,6653,42708,g
2006-09-07,6615,6680,6582,6640,37185,r
2006-09-08,6620,6699,6603,6696,36646,r
2006-09-11,6684,6810,6622,6648,53917,g
2006-09-12,6631,6678,6588,6588,36788,g
2006-09-13,6650,6670,6606,6644,31146,g
2006-09-14,6650,6689,6504,6579,57041,g
2006-09-15,6597,6675,6554,6669,40687,r
2006-09-18,6789,6900,6730,6895,44150,r
2006-09-19,6901,6923,6862,6876,28810,g
2006-09-20,6850,6895,6820,6876,17660,r
2006-09-21,6900,6920,6816,6880,46723,g
2006-09-22,6846,6872,6830,6858,28471,r
2006-09-25,6843,6925,6821,6925,43446,r
2006-09-26,6915,6955,6887,6900,32795,g
2006-09-27,6954,6965,6917,6955,32825,r
2006-09-28,6960,6983,6843,6864,45437,g
2006-09-29,6880,6894,6847,6877,25305,g
2006-10-02,6870,6975,6860,6959,38959,r
2006-10-03,6947,6963,6925,6940,21877,g
2006-10-04,6948,6970,6856,6867,38041,g
2006-10-05,6934,7015,6920,7012,39715,r
2006-10-11,7043,7058,6987,7009,19733,g
2006-10-12,7012,7038,6965,6981,28286,g
2006-10-13,7066,7109,7039,7080,32782,r
2006-10-14,7089,7102,7070,7102,14484,r
2006-10-16,7111,7164,7093,7143,29394,r
2006-10-17,7140,7140,7076,7076,29787,g
2006-10-18,7051,7057,6976,7021,20690,g
2006-10-19,7004,7033,6961,6981,32306,g
2006-10-20,7007,7026,6997,7017,19252,r
2006-10-23,7025,7050,6977,7049,25923,r
2006-10-24,7073,7120,7058,7097,31856,r
2006-10-25,7085,7105,7060,7060,24986,g
2006-10-26,7080,7125,7072,7093,29245,r
2006-10-27,7110,7130,7077,7093,25496,g
2006-10-30,7033,7035,6976,6981,35126,g
2006-10-31,6981,7009,6966,7002,19002,r
2006-11-01,6999,7025,6992,7003,17726,r
2006-11-02,6963,7072,6956,7063,35289,r
2006-11-03,7077,7179,7055,7141,38694,r
2006-11-06,7100,7156,7045,7115,34569,r
2006-11-07,7164,7211,7163,7183,29299,r
2006-11-08,7185,7190,7154,7156,17501,g
2006-11-09,7196,7232,7110,7128,41875,g
2006-11-10,7131,7164,7102,7162,24567,r
2006-11-13,7162,7178,7110,7132,25746,g
2006-11-14,7179,7212,7162,7206,26040,r
2006-11-15,7250,7266,7216,7237,17325,g
2006-11-16,7253,7270,7231,7248,27623,g
2006-11-17,7261,7274,7238,7257,20089,g
2006-11-20,7245,7248,7205,7220,25021,g
2006-11-21,7238,7311,7226,7306,32372,r
2006-11-22,7320,7345,7297,7343,22689,r
2006-11-23,7350,7427,7337,7394,40116,r
2006-11-24,7378,7437,7363,7433,24044,r
2006-11-27,7487,7515,7451,7510,32533,r
2006-11-28,7446,7475,7435,7454,22049,r
2006-11-29,7477,7498,7395,7465,39880,g
2006-11-30,7498,7553,7475,7542,34317,r
2006-12-01,7551,7626,7537,7612,37466,r
2006-12-04,7612,7674,7585,7658,32018,r
2006-12-05,7688,7704,7565,7610,42122,g
2006-12-06,7610,7714,7610,7714,35769,r
2006-12-07,7724,7738,7672,7698,32712,g
2006-12-08,7675,7679,7598,7633,35681,g
2006-12-11,7600,7639,7575,7614,30621,r
2006-12-12,7600,7608,7454,7467,51804,g
2006-12-13,7477,7500,7375,7450,49738,g
2006-12-14,7450,7491,7427,7478,30195,r
2006-12-15,7544,7568,7525,7540,24152,g
2006-12-18,7550,7668,7540,7634,36449,r
2006-12-19,7613,7675,7583,7593,36552,g
2006-12-20,7610,7678,7602,7655,14389,r
2006-12-21,7674,7710,7617,7642,44642,g
2006-12-22,7636,7692,7625,7692,30690,r
2006-12-25,7664,7698,7656,7679,17995,r
2006-12-26,7680,7802,7674,7789,34596,r
2006-12-27,7798,7845,7778,7795,29812,g
2006-12-28,7822,7840,7746,7800,34566,g
2006-12-29,7810,7888,7793,7880,34940,r
2007-01-02,7880,7992,7880,7988,31340,r
2007-01-03,8008,8035,7953,7989,37179,g
2007-01-04,7973,7996,7936,7976,32038,r
2007-01-05,7975,7989,7828,7830,48656,g
2007-01-08,7799,7808,7726,7736,36132,g
2007-01-09,7750,7835,7750,7822,36861,r
2007-01-10,7739,7761,7670,7693,42190,g
2007-01-11,7725,7738,7594,7626,46898,g
2007-01-12,7689,7795,7687,7786,43724,r
2007-01-15,7816,7833,7746,7804,32962,g
2007-01-16,7824,7847,7785,7815,31978,g
2007-01-17,7756,7856,7711,7834,21484,r
2007-01-18,7864,7930,7840,7922,41441,r
2007-01-19,7880,7921,7856,7862,34809,g
2007-01-22,7866,7903,7780,7885,44400,r
2007-01-23,7849,7892,7826,7885,28102,r
2007-01-24,7960,7996,7954,7993,25656,r
2007-01-25,8030,8033,7960,7975,26050,g
2007-01-26,7900,7915,7811,7837,40760,g
2007-01-29,7825,7857,7756,7787,28290,g
2007-01-30,7798,7807,7752,7769,29544,g
2007-01-31,7769,7793,7638,7734,46446,g
2007-02-01,7774,7786,7692,7740,35069,g
2007-02-02,7785,7839,7781,7810,34328,r
2007-02-05,7770,7836,7760,7779,27962,r
2007-02-06,7791,7896,7791,7889,35426,r
2007-02-07,7886,7899,7860,7868,20412,g
2007-02-08,7890,7907,7803,7870,42625,g
2007-02-09,7873,7925,7845,7884,32858,r
2007-02-12,7840,7844,7784,7792,31133,g
2007-02-13,7785,7830,7742,7743,35858,g
2007-02-14,7809,7841,7776,7833,27208,r
2007-02-26,7901,7945,7901,7916,13369,r
2007-02-27,7925,7970,7911,7925,32570,r
2007-03-01,7746,7771,7652,7660,50519,g
2007-03-02,7621,7694,7611,7668,30154,r
2007-03-03,7613,7640,7556,7589,35595,g
2007-03-05,7542,7548,7270,7285,61878,g
2007-03-06,7335,7425,7320,7409,37007,r
2007-03-07,7443,7469,7383,7427,44177,g
2007-03-08,7431,7534,7417,7523,39855,r
2007-03-09,7532,7566,7492,7517,32239,g
2007-03-12,7560,7595,7541,7595,26540,r
2007-03-13,7599,7643,7581,7624,26140,r
2007-03-14,7518,7518,7435,7469,42852,g
2007-03-15,7532,7677,7530,7652,39038,r
2007-03-16,7597,7724,7580,7666,38393,r
2007-03-19,7698,7733,7660,7710,29624,r
2007-03-20,7750,7772,7703,7721,25915,g
2007-03-21,7750,7761,7715,7751,13448,r
2007-03-22,7821,7856,7812,7829,32326,r
2007-03-23,7840,7894,7803,7855,35621,r
2007-03-26,7874,7891,7844,7883,18563,r
2007-03-27,7858,7940,7812,7824,44457,g
2007-03-28,7816,7833,7736,7750,38366,g
2007-03-29,7735,7855,7704,7838,42427,r
2007-03-30,7850,7878,7794,7834,33221,g
2007-04-02,7863,7915,7812,7849,38270,g
2007-04-03,7867,7921,7825,7919,33861,r
2007-04-04,7980,8012,7956,7999,38073,r
2007-04-09,8039,8072,8026,8072,27923,r
2007-04-10,8054,8066,8005,8053,30335,g
2007-04-11,8074,8106,8045,8095,32416,r
2007-04-12,8038,8094,8036,8077,27047,r
2007-04-13,8096,8098,7973,7990,46821,g
2007-04-14,8020,8067,8009,8067,17797,r
2007-04-16,8078,8095,8022,8057,35553,g
2007-04-17,8100,8110,7954,7964,44842,g
2007-04-18,7992,7999,7943,7994,16704,r
2007-04-19,7967,7981,7827,7839,53798,g
2007-04-20,7895,7911,7869,7887,25520,g
2007-04-23,7977,8059,7977,8016,41605,r
2007-04-24,8000,8045,7968,8038,37592,r
2007-04-25,8001,8009,7951,7960,38631,g
2007-04-26,8037,8040,7973,8002,30959,g
2007-04-27,8001,8017,7920,7946,38300,g
2007-04-30,7925,7935,7825,7850,38588,g
2007-05-02,7854,7924,7850,7896,31632,r
2007-05-03,7943,7959,7843,7936,46485,g
2007-05-04,7973,8080,7960,8057,42442,r
2007-05-07,8101,8133,8082,8114,30749,r
2007-05-08,8114,8123,8063,8072,34102,g
2007-05-09,8080,8094,8040,8068,34187,g
2007-05-10,8098,8115,8072,8109,26439,r
2007-05-11,8029,8045,8003,8021,34106,g
2007-05-14,8063,8088,8021,8044,31220,g
2007-05-15,8024,8039,7950,7969,40725,g
2007-05-16,7932,7995,7932,7994,13827,r
2007-05-17,8000,8058,8000,8015,37732,r
2007-05-18,8015,8036,7971,8030,30649,r
2007-05-21,8050,8135,8016,8122,47037,r
2007-05-22,8132,8178,8119,8176,34802,r
2007-05-23,8199,8221,8178,8204,29667,r
2007-05-24,8188,8213,8162,8170,30996,g
2007-05-25,8113,8142,8095,8134,29357,r
2007-05-28,8151,8173,8140,8154,20495,r
2007-05-29,8153,8208,8125,8168,36991,r
2007-05-30,8163,8166,8073,8111,45902,g
2007-05-31,8199,8200,8145,8171,33935,g
2007-06-01,8201,8252,8201,8232,30878,r
2007-06-04,8265,8287,8240,8257,24926,g
2007-06-05,8247,8271,8216,8254,33482,r
2007-06-06,8253,8333,8237,8285,43403,r
2007-06-07,8222,8338,8211,8336,40731,r
2007-06-08,8236,8284,8226,8276,37950,r
2007-06-11,8301,8325,8292,8313,23889,r
2007-06-12,8330,8350,8304,8338,32051,r
2007-06-13,8311,8353,8305,8331,27311,r
2007-06-14,8397,8453,8383,8443,37951,r
2007-06-15,8491,8595,8471,8595,41472,r
2007-06-20,8643,8816,8631,8787,34921,r
2007-06-21,8761,8897,8693,8862,73073,r
2007-06-22,8880,8885,8782,8825,45593,g
2007-06-23,8762,8797,8760,8770,19549,r
2007-06-25,8790,8965,8785,8913,50431,r
2007-06-26,8901,8935,8808,8840,43813,g
2007-06-27,8792,8857,8752,8776,45178,g
2007-06-28,8830,8860,8792,8838,41259,r
2007-06-29,8866,8888,8778,8808,41445,g
2007-07-02,8800,8896,8755,8895,42687,r
2007-07-03,8941,8994,8940,8972,40061,r
2007-07-04,9028,9089,9005,9053,53666,r
2007-07-05,9123,9124,9048,9123,40206,r
2007-07-06,9100,9149,9065,9142,48518,r
2007-07-09,9180,9385,9176,9376,53212,r
2007-07-10,9386,9390,9304,9336,53062,g
2007-07-11,9275,9303,9219,9226,43586,g
2007-07-12,9275,9376,9271,9323,53576,r
2007-07-13,9480,9505,9415,9458,55472,g
2007-07-16,9465,9510,9370,9372,52746,g
2007-07-17,9390,9533,9323,9524,57891,r
2007-07-18,9480,9550,9444,9500,33091,r
2007-07-19,9425,9460,9363,9419,64275,g
2007-07-20,9459,9545,9433,9545,54337,r
2007-07-23,9505,9568,9489,9549,44963,r
2007-07-24,9550,9698,9538,9674,64366,r
2007-07-25,9606,9755,9594,9739,61436,r
2007-07-26,9739,9829,9525,9546,98191,g
2007-07-27,9320,9346,8961,8981,107872,g
2007-07-30,8942,9033,8860,8990,90159,r
2007-07-31,9010,9203,9008,9176,71135,r
2007-08-01,9065,9129,8640,8695,116430,g
2007-08-02,8870,8939,8566,8880,116485,r
2007-08-03,8959,9039,8900,8985,67768,r
2007-08-06,8700,8900,8682,8860,52686,r
2007-08-07,8999,9008,8767,8767,58867,g
2007-08-08,8850,9088,8843,9078,52580,r
2007-08-09,9160,9188,9078,9136,53202,g
2007-08-10,8859,8897,8733,8800,64613,g
2007-08-13,8896,8960,8842,8925,47528,r
2007-08-14,8860,9075,8825,8885,55688,r
2007-08-15,8710,8774,8551,8565,26785,g
2007-08-16,8300,8333,7990,8154,86225,g
2007-08-17,8101,8219,7810,7885,79117,g
2007-08-20,8211,8435,8211,8428,55861,r
2007-08-21,8420,8515,8312,8365,67565,g
2007-08-22,8366,8450,8347,8437,41609,r
2007-08-23,8693,8730,8635,8687,36469,g
2007-08-24,8660,8661,8582,8600,30079,g
2007-08-27,8750,8778,8620,8637,29878,g
2007-08-28,8643,8710,8595,8680,36694,r
2007-08-29,8470,8568,8437,8549,37086,r
2007-08-30,8697,8762,8668,8700,36585,r
2007-08-31,8760,8982,8728,8976,43967,r
2007-09-03,8976,8998,8921,8956,26681,g
2007-09-04,8962,9008,8866,8890,41278,g
2007-09-05,9000,9005,8808,8821,34174,g
2007-09-06,8792,9017,8752,9017,48008,r
2007-09-07,9000,9055,8943,8982,34938,g
2007-09-10,8750,8935,8731,8890,40589,r
2007-09-11,8865,9005,8860,9002,32391,r
2007-09-12,9012,9062,8936,8936,38628,g
2007-09-13,8996,9013,8880,8921,35159,g
2007-09-14,8990,9064,8950,9030,37575,r
2007-09-17,9043,9053,8824,8888,41479,g
2007-09-19,9110,9147,8893,8938,39402,g
2007-09-20,9022,9139,8965,9016,50212,g
2007-09-21,9021,9137,9010,9132,37301,r
2007-09-26,9181,9300,9171,9275,29579,r
2007-09-27,9338,9427,9301,9410,33940,r
2007-09-28,9420,9472,9372,9380,35106,g
2007-09-29,9420,9492,9401,9492,28355,r
2007-10-01,9527,9551,9473,9501,30668,g
2007-10-02,9621,9684,9580,9669,38781,r
2007-10-03,9661,9835,9647,9771,51611,r
2007-10-04,9712,9717,9634,9678,42259,g
2007-10-05,9651,9708,9588,9617,37296,g
2007-10-08,9702,9775,9701,9740,27198,r
2007-10-09,9755,9768,9591,9654,38169,g
2007-10-11,9682,9750,9663,9750,32380,r
2007-10-12,9688,9728,9447,9452,56332,g
2007-10-15,9548,9550,9408,9505,38356,g
2007-10-16,9435,9631,9420,9563,43561,r
2007-10-17,9505,9625,9471,9524,22212,r
2007-10-18,9600,9696,9600,9677,44778,r
2007-10-19,9620,9675,9605,9613,30317,g
2007-10-22,9356,9368,9234,9327,47846,g
2007-10-23,9389,9542,9371,9514,37836,r
2007-10-24,9580,9654,9412,9455,49167,g
2007-10-25,9560,9600,9496,9598,42192,r
2007-10-26,9644,9685,9602,9677,36849,r
2007-10-29,9780,9864,9755,9861,37243,r
2007-10-30,9835,9853,9766,9786,35700,g
2007-10-31,9789,9814,9714,9780,41545,g
2007-11-01,9815,9835,9562,9657,62539,g
2007-11-02,9457,9490,9203,9230,63487,g
2007-11-05,9210,9320,9090,9277,53640,r
2007-11-06,9320,9353,9256,9307,41027,g
2007-11-07,9363,9403,9265,9270,42965,g
2007-11-08,9061,9090,8820,8925,62070,g
2007-11-09,8970,9024,8856,8969,56249,g
2007-11-12,8715,8740,8573,8683,58576,g
2007-11-13,8675,8764,8560,8749,57468,r
2007-11-14,8951,8980,8910,8941,37713,g
2007-11-15,8922,8937,8863,8869,30295,g
2007-11-16,8663,8779,8623,8756,44668,r
2007-11-19,8780,8825,8616,8620,41913,g
2007-11-20,8420,8721,8342,8721,62113,r
2007-11-21,8647,8692,8449,8456,30915,g
2007-11-22,8480,8592,8321,8471,74399,g
2007-11-23,8498,8517,8315,8326,64396,g
2007-11-26,8430,8560,8410,8533,50371,r
2007-11-27,8303,8492,8188,8397,83553,r
2007-11-28,8440,8445,8240,8244,65310,g
2007-11-29,8475,8485,8385,8426,49198,g
2007-11-30,8499,8623,8493,8608,50961,r
2007-12-03,8608,8637,8553,8596,36221,g
2007-12-04,8580,8649,8531,8621,42369,r
2007-12-05,8598,8713,8558,8709,58853,r
2007-12-06,8785,8808,8670,8739,43111,g
2007-12-07,8778,8820,8697,8706,48003,g
2007-12-10,8695,8727,8548,8561,46878,g
2007-12-11,8608,8660,8568,8640,45102,r
2007-12-12,8480,8550,8432,8501,52980,r
2007-12-13,8448,8505,8103,8110,75792,g
2007-12-14,8150,8172,7860,8060,93751,g
2007-12-17,8017,8079,7746,7748,71995,g
2007-12-18,7680,7935,7677,7814,76912,r
2007-12-19,7848,8027,7809,8020,30149,r
2007-12-20,7997,8024,7790,7846,63510,g
2007-12-21,7813,8030,7806,7972,77603,r
2007-12-24,8105,8137,8065,8131,37275,r
2007-12-25,8159,8168,8105,8149,30619,g
2007-12-26,8120,8194,8050,8187,42687,r
2007-12-27,8160,8355,8147,8334,55397,r
2007-12-28,8277,8437,8235,8396,65929,r
2007-12-31,8400,8503,8382,8482,32943,r
2008-01-02,8450,8506,8271,8285,61523,g
2008-01-03,8200,8229,8083,8144,80286,g
2008-01-04,8100,8245,8030,8209,72551,r
2008-01-07,7951,7999,7800,7833,72464,g
2008-01-08,7840,7964,7815,7920,55614,r
2008-01-09,7751,8104,7735,8092,80541,r
2008-01-10,8090,8155,8051,8070,64768,g
2008-01-11,8121,8158,7964,7965,70749,g
2008-01-14,8104,8257,8044,8248,93589,r
2008-01-15,8263,8636,8263,8505,90273,r
2008-01-16,8300,8409,8154,8167,41243,g
2008-01-17,8250,8283,7952,8098,92823,g
2008-01-18,7901,8237,7854,8216,77879,r
2008-01-21,8113,8204,8070,8115,59159,r
2008-01-22,7700,7700,7543,7543,46129,g
2008-01-23,7722,7750,7321,7331,94655,g
2008-01-24,7600,7647,7388,7540,86298,g
2008-01-25,7630,7777,7630,7777,61263,r
2008-01-28,7686,7710,7405,7445,63463,g
2008-01-29,7591,7598,7418,7533,70605,g
2008-01-30,7500,7655,7451,7519,77026,r
2008-01-31,7465,7565,7336,7468,81093,r
2008-02-01,7552,7678,7541,7673,57730,r
2008-02-12,7547,7588,7463,7508,50393,g
2008-02-13,7588,7607,7483,7488,43050,g
2008-02-14,7700,7910,7682,7899,53700,r
2008-02-15,7796,7895,7760,7891,55651,r
2008-02-18,7960,7999,7839,7917,54019,g
2008-02-19,7960,8033,7938,8024,45103,r
2008-02-20,7950,8005,7824,7853,25972,g
2008-02-21,7918,8056,7916,8032,59055,r
2008-02-22,7950,8054,7927,8037,52384,r
2008-02-25,8163,8273,8160,8226,45763,r
2008-02-26,8289,8316,8203,8280,47550,g
2008-02-27,8365,8415,8310,8376,49945,r
2008-02-29,8321,8450,8293,8340,50020,r
2008-03-03,8160,8255,8105,8250,57406,r
2008-03-04,8270,8492,8233,8492,73763,r
2008-03-05,8512,8558,8416,8520,68398,r
2008-03-06,8518,8689,8516,8689,69440,r
2008-03-07,8550,8646,8515,8526,70833,g
2008-03-10,8485,8547,8253,8314,73335,g
2008-03-11,8243,8390,8183,8374,67116,r
2008-03-12,8596,8610,8405,8468,68584,g
2008-03-13,8426,8450,8161,8190,70062,g
2008-03-14,8260,8297,8083,8117,75995,g
2008-03-17,7962,8055,7852,7977,83180,r
2008-03-18,8028,8068,7914,8059,63454,r
2008-03-19,8250,8280,8122,8153,30603,g
2008-03-20,8061,8360,8050,8340,83183,r
2008-03-21,8398,8632,8375,8620,77308,r
2008-03-24,8997,9113,8802,8890,108242,g
2008-03-25,8951,8971,8715,8760,87555,g
2008-03-26,8771,8837,8685,8721,71776,g
2008-03-27,8685,8710,8520,8558,81611,g
2008-03-28,8513,8674,8511,8623,67492,r
2008-03-31,8579,8605,8451,8520,60141,g
2008-04-01,8560,8595,8320,8330,61686,g
2008-04-02,8528,8618,8464,8570,65511,r
2008-04-03,8603,8615,8527,8576,52347,g
2008-04-07,8600,8743,8595,8709,45697,r
2008-04-08,8643,8705,8630,8636,43622,g
2008-04-09,8662,8780,8588,8677,72867,r
2008-04-10,8647,8827,8643,8819,69420,r
2008-04-11,8830,8934,8802,8912,65578,r
2008-04-14,8828,8910,8802,8871,57074,r
2008-04-15,8874,8945,8852,8919,50619,r
2008-04-16,9000,9085,8971,9072,27613,r
2008-04-17,9134,9144,9038,9060,65275,g
2008-04-18,9083,9099,8999,9081,50482,g
2008-04-21,9168,9174,9044,9082,49851,g
2008-04-22,9056,9076,8977,9030,49134,g
2008-04-23,9055,9093,8945,8986,68333,g
2008-04-24,8966,9045,8955,8978,50961,r
2008-04-25,9052,9068,8950,8988,54703,g
2008-04-28,8998,9092,8973,9091,54693,r
2008-04-29,9090,9100,8872,8920,62798,g
2008-04-30,8910,8986,8895,8937,48256,r
2008-05-02,9021,9040,8936,9009,45415,g
2008-05-05,9020,9025,8822,8847,56685,g
2008-05-06,8860,8888,8780,8870,53807,r
2008-05-07,8903,8976,8881,8918,54027,r
2008-05-08,8855,8903,8800,8894,52604,r
2008-05-09,8850,8877,8766,8773,57768,g
2008-05-12,8776,8868,8756,8864,46950,r
2008-05-13,8862,9044,8851,9030,62502,r
2008-05-14,9030,9088,9002,9058,53185,r
2008-05-15,9088,9209,9088,9182,53467,r
2008-05-16,9220,9286,9191,9248,54949,r
2008-05-19,9269,9379,9243,9370,44485,r
2008-05-20,9356,9388,9059,9074,77082,g
2008-05-21,9035,9089,8959,9018,28558,g
2008-05-22,8875,9019,8865,9018,56768,r
2008-05-23,9000,9027,8778,8783,70595,g
2008-05-26,8736,8790,8689,8698,55917,g
2008-05-27,8701,8785,8700,8776,44009,r
2008-05-28,8790,8795,8625,8646,65689,g
2008-05-29,8729,8771,8650,8720,56717,g
2008-05-30,8765,8780,8536,8648,75934,g
2008-06-02,8635,8709,8603,8700,49485,r
2008-06-03,8644,8657,8510,8540,55795,g
2008-06-04,8540,8619,8526,8592,44302,r
2008-06-05,8571,8765,8472,8723,78503,r
2008-06-06,8788,8798,8712,8756,49130,g
2008-06-09,8520,8555,8492,8529,44676,r
2008-06-10,8529,8565,8321,8340,75201,g
2008-06-11,8365,8404,8291,8316,58739,g
2008-06-12,8199,8204,7999,8043,75451,g
2008-06-13,8068,8140,8002,8043,62762,g
2008-06-16,8121,8191,8100,8133,50645,r
2008-06-17,8133,8177,8017,8147,62708,r
2008-06-18,8140,8259,8122,8220,31144,r
2008-06-19,7980,7980,7886,7890,53288,g
2008-06-20,7910,7937,7723,7778,70541,g
2008-06-23,7660,7805,7630,7754,63149,r
2008-06-24,7715,7782,7645,7693,64046,g
2008-06-25,7671,7759,7605,7753,69317,r
2008-06-26,7753,7798,7690,7693,60885,g
2008-06-27,7381,7460,7341,7416,67430,r
2008-06-30,7470,7490,7382,7416,51350,g
2008-07-01,7410,7477,7291,7291,62859,g
2008-07-02,7308,7394,7245,7247,74191,g
2008-07-03,7140,7377,7055,7298,88259,r
2008-07-04,7282,7323,7099,7100,68335,g
2008-07-07,7096,7279,7075,7258,62177,r
2008-07-08,7199,7200,6892,6988,86073,g
2008-07-09,7095,7185,6950,7011,95503,g
2008-07-10,6958,7116,6893,7010,94064,r
2008-07-11,6973,7206,6963,7181,97903,r
2008-07-14,7200,7238,7088,7152,74123,g
2008-07-15,7050,7065,6744,6790,89664,g
2008-07-16,6820,6866,6687,6695,56194,g
2008-07-17,6700,6848,6689,6797,74675,r
2008-07-18,6860,6888,6599,6681,87374,g
2008-07-21,6845,7020,6840,7007,71688,r
2008-07-22,6943,7010,6886,6967,75340,r
2008-07-23,7100,7250,7075,7186,80107,r
2008-07-24,7262,7306,7208,7304,64280,r
2008-07-25,7188,7190,7082,7170,62125,g
2008-07-29,6950,6980,6866,6916,57587,g
2008-07-30,7070,7085,6966,7022,66830,g
2008-07-31,7098,7147,6890,6998,84650,g
2008-08-01,6901,6969,6851,6914,66371,r
2008-08-04,6852,6964,6850,6934,53142,r
2008-08-05,6973,6993,6756,6778,81580,g
2008-08-06,6970,7030,6910,7017,63636,r
2008-08-07,7002,7055,6960,7006,64790,r
2008-08-08,6941,7234,6936,7189,87490,r
2008-08-11,7268,7339,7250,7289,59555,r
2008-08-12,7288,7333,7255,7270,56263,g
2008-08-13,7258,7308,7190,7299,73840,r
2008-08-14,7280,7364,7230,7363,64327,r
2008-08-15,7362,7382,7155,7216,73450,g
2008-08-18,7180,7222,6956,6980,76947,g
2008-08-19,6856,6978,6813,6936,70745,r
2008-08-20,6904,7052,6873,7045,41197,r
2008-08-21,6938,6958,6855,6878,62072,g
2008-08-22,6845,6975,6766,6865,85586,r
2008-08-25,6956,7037,6896,6988,58897,r
2008-08-26,6909,6962,6885,6946,47757,r
2008-08-27,6929,7120,6897,7082,65941,r
2008-08-28,7080,7138,7034,7041,55649,g
2008-08-29,7100,7138,7011,7054,59224,g
2008-09-01,6980,6986,6740,6756,70388,g
2008-09-02,6790,6797,6652,6698,74737,g
2008-09-03,6714,6756,6560,6588,80450,g
2008-09-04,6561,6630,6345,6397,85011,g
2008-09-05,6235,6330,6203,6244,69239,r
2008-09-08,6487,6677,6481,6677,59242,r
2008-09-09,6594,6618,6390,6466,74030,g
2008-09-10,6351,6516,6345,6453,85572,r
2008-09-11,6437,6438,6203,6230,82808,g
2008-09-12,6354,6369,6153,6288,86372,g
2008-09-15,6130,6190,5863,5967,79849,g
2008-09-16,5849,5858,5679,5685,87342,g
2008-09-17,5916,5999,5719,5758,62804,g
2008-09-18,5551,5590,5416,5522,104742,g
2008-09-19,5806,5908,5785,5908,42325,r
2008-09-22,6120,6122,5956,6089,79567,g
2008-09-23,6030,6150,5995,6135,72428,r
2008-09-24,6117,6195,6075,6155,78510,r
2008-09-25,6000,6159,5961,6058,77756,r
2008-09-26,6050,6061,5819,5866,83524,g
2008-09-30,5459,5587,5459,5549,51309,r
2008-10-01,5599,5718,5598,5676,70136,r
2008-10-02,5721,5739,5555,5618,80906,g
2008-10-03,5550,5685,5490,5645,78624,r
2008-10-06,5488,5500,5382,5387,72476,g
2008-10-07,5250,5485,5222,5445,91113,r
2008-10-08,5249,5345,5065,5112,105393,g
2008-10-09,5186,5254,5058,5062,110499,g
2008-10-13,4885,4978,4885,4945,62516,r
2008-10-14,5286,5287,5236,5287,40302,r
2008-10-15,5297,5297,5153,5214,53254,g
2008-10-16,4978,4978,4978,4978,2305,r
2008-10-17,4894,4968,4804,4804,72057,g
2008-10-20,4804,4836,4636,4823,85947,r
2008-10-21,4930,4950,4735,4817,117258,g
2008-10-22,4738,4855,4650,4656,113984,g
2008-10-23,4494,4528,4494,4494,28439,r
2008-10-24,4395,4439,4337,4337,31754,g
2008-10-27,4126,4226,4034,4034,88702,g
2008-10-28,3921,4316,3811,4316,161939,r
2008-10-29,4618,4618,4212,4288,170104,g
2008-10-30,4376,4594,4361,4594,71639,r
2008-10-31,4594,4910,4530,4844,171585,r
2008-11-03,4910,4994,4784,4992,146385,r
2008-11-04,4965,5007,4836,4978,130800,r
2008-11-05,5080,5100,4893,4900,134168,g
2008-11-06,4680,4700,4557,4557,61042,g
2008-11-07,4310,4662,4272,4633,167885,r
2008-11-10,4658,4692,4551,4632,118290,g
2008-11-11,4477,4645,4465,4474,120642,g
2008-11-12,4488,4596,4420,4521,126301,r
2008-11-13,4305,4331,4206,4285,94643,g
2008-11-14,4499,4514,4345,4380,113760,g
2008-11-17,4280,4432,4263,4357,103013,r
2008-11-18,4351,4351,4207,4244,97510,g
2008-11-19,4238,4289,4183,4261,62757,r
2008-11-20,3953,4027,3866,3903,90469,g
2008-11-21,3880,4129,3815,4121,125163,r
2008-11-24,4081,4108,3972,4045,100402,g
2008-11-25,4222,4285,4112,4199,123507,g
2008-11-26,4237,4268,4176,4209,107756,g
2008-11-27,4330,4488,4292,4430,105391,r
2008-11-28,4435,4465,4388,4460,84211,r
2008-12-01,4420,4580,4389,4501,106517,r
2008-12-02,4299,4324,4206,4240,89984,g
2008-12-03,4268,4306,4186,4188,94456,g
2008-12-04,4246,4284,4100,4139,101059,g
2008-12-05,4170,4202,4103,4179,91680,r
2008-12-08,4245,4471,4231,4471,92030,r
2008-12-09,4495,4546,4432,4460,107827,g
2008-12-10,4486,4724,4471,4691,113641,r
2008-12-11,4651,4704,4625,4666,95881,r
2008-12-12,4570,4643,4343,4425,119805,g
2008-12-15,4615,4718,4553,4610,107596,g
2008-12-16,4549,4614,4521,4585,78144,r
2008-12-17,4688,4734,4622,4666,55092,g
2008-12-18,4680,4705,4596,4699,87267,r
2008-12-19,4662,4724,4582,4680,108922,r
2008-12-22,4720,4755,4498,4529,100130,g
2008-12-23,4507,4524,4290,4349,104865,g
2008-12-24,4310,4399,4241,4379,103165,r
2008-12-25,4380,4405,4330,4405,43402,r
2008-12-26,4372,4445,4339,4378,68148,r
2008-12-29,4366,4399,4316,4386,47046,r
2008-12-30,4429,4605,4422,4565,71659,r
2008-12-31,4605,4614,4485,4540,68206,g
2009-01-05,4722,4797,4634,4670,97869,g
2009-01-06,4699,4735,4638,4706,90227,r
2009-01-07,4758,4802,4711,4752,90777,g
2009-01-08,4650,4650,4434,4452,95219,g
2009-01-09,4447,4495,4405,4421,90292,g
2009-01-10,4362,4425,4344,4374,56091,r
2009-01-12,4386,4472,4350,4429,93169,r
2009-01-13,4361,4524,4360,4518,93060,r
2009-01-14,4490,4552,4478,4510,81258,r
2009-01-15,4222,4300,4222,4239,74394,r
2009-01-16,4277,4329,4250,4323,76692,r
2009-01-17,4330,4358,4306,4349,38280,r
2009-01-19,4378,4394,4325,4357,48529,g
2009-01-20,4266,4269,4205,4240,43414,g
2009-01-21,4114,4265,4113,4254,35521,r
2009-02-02,4199,4199,4106,4161,50688,g
2009-02-03,4168,4328,4161,4275,77589,r
2009-02-04,4327,4375,4285,4351,68218,r
2009-02-05,4315,4389,4269,4270,82296,g
2009-02-06,4362,4479,4356,4443,94505,r
2009-02-09,4500,4522,4425,4456,71142,g
2009-02-10,4456,4499,4435,4497,60156,r
2009-02-11,4385,4578,4372,4558,90722,r
2009-02-12,4520,4564,4398,4445,112010,g
2009-02-13,4459,4590,4451,4571,104666,r
2009-02-16,4569,4588,4534,4575,64270,r
2009-02-17,4521,4559,4437,4494,80444,g
2009-02-18,4455,4519,4426,4517,43145,r
2009-02-19,4411,4524,4334,4468,118683,r
2009-02-20,4405,4453,4345,4363,105134,g
2009-02-23,4332,4433,4296,4426,102515,r
2009-02-24,4327,4395,4313,4381,83683,r
2009-02-25,4435,4520,4408,4466,104986,r
2009-02-26,4520,4538,4440,4477,89413,g
2009-02-27,4472,4528,4452,4510,73628,r
2009-03-02,4422,4459,4303,4331,101175,g
2009-03-03,4270,4377,4238,4367,103908,r
2009-03-04,4336,4516,4322,4511,109654,r
2009-03-05,4541,4646,4539,4595,120108,r
2009-03-06,4550,4638,4540,4628,109029,r
2009-03-09,4672,4675,4543,4624,93646,g
2009-03-10,4601,4669,4567,4656,91575,r
2009-03-11,4775,4785,4715,4758,76468,g
2009-03-12,4752,4779,4724,4748,62705,g
2009-03-13,4820,4942,4813,4900,96063,r
2009-03-16,4938,4985,4907,4962,75400,r
2009-03-17,4966,5070,4946,5057,87165,r
2009-03-18,5082,5096,5024,5067,56463,g
2009-03-19,5045,5105,4975,4980,105739,g
2009-03-20,5006,5040,4922,4950,106367,g
2009-03-23,5032,5132,4991,5131,95367,r
2009-03-24,5201,5270,5188,5262,99448,r
2009-03-25,5254,5389,5232,5360,114159,r
2009-03-26,5349,5434,5317,5385,130866,r
2009-03-27,5434,5454,5336,5353,110141,g
2009-03-30,5346,5360,5143,5175,111477,g
2009-03-31,5225,5295,5175,5201,105619,g
2009-04-01,5228,5344,5222,5314,135768,r
2009-04-02,5400,5517,5400,5511,115802,r
2009-04-03,5562,5567,5475,5509,103093,g
2009-04-06,5560,5619,5493,5525,104797,g
2009-04-07,5503,5587,5464,5583,97719,r
2009-04-08,5501,5583,5416,5456,134258,g
2009-04-09,5538,5718,5525,5712,112212,r
2009-04-10,5762,5830,5696,5827,125751,r
2009-04-13,5835,5876,5786,5846,106059,r
2009-04-14,5825,5901,5785,5858,101268,r
2009-04-15,5858,5895,5782,5861,56747,r
2009-04-16,5999,6047,5950,5994,112920,g
2009-04-17,6046,6060,5684,5775,149893,g
2009-04-20,5772,5815,5668,5765,128609,g
2009-04-21,5667,5899,5654,5896,131984,r
2009-04-22,5865,5928,5833,5847,115853,g
2009-04-23,5870,5906,5755,5901,138403,r
2009-04-24,5915,5998,5791,5904,146115,g
2009-04-27,5930,5950,5676,5710,147666,g
2009-04-28,5766,5784,5576,5580,159400,g
2009-04-29,5648,5664,5584,5623,109574,g
2009-04-30,6015,6015,5995,6015,29279,r
2009-05-04,6363,6436,6301,6436,39606,r
2009-05-05,6637,6720,6426,6542,155017,g
2009-05-06,6510,6585,6412,6536,119634,r
2009-05-07,6606,6630,6446,6613,109116,r
2009-05-08,6570,6598,6506,6572,93272,r
2009-05-11,6549,6697,6522,6597,100228,r
2009-05-12,6562,6586,6385,6447,125215,g
2009-05-13,6454,6499,6420,6469,81204,r
2009-05-14,6355,6419,6315,6321,90054,g
2009-05-15,6372,6509,6356,6476,97643,r
2009-05-18,6424,6573,6402,6561,103280,r
2009-05-19,6715,6804,6623,6693,103465,g
2009-05-20,6710,6745,6585,6697,76993,g
2009-05-21,6629,6695,6605,6671,91016,r
2009-05-22,6605,6732,6595,6692,90225,r
2009-05-25,6751,6837,6647,6724,109495,g
2009-05-26,6700,6761,6633,6646,94233,g
2009-05-27,6720,6997,6699,6932,115296,r
2009-06-01,6980,7010,6900,6954,76090,g
2009-06-02,7037,7050,6864,6916,92034,g
2009-06-03,6928,6933,6842,6898,80134,g
2009-06-04,6860,6897,6696,6784,112875,g
2009-06-05,6811,6827,6735,6790,74420,g
2009-06-06,6777,6853,6775,6833,39196,r
2009-06-08,6865,6884,6612,6643,98319,g
2009-06-09,6668,6668,6390,6413,120934,g
2009-06-10,6458,6504,6385,6459,91260,r
2009-06-11,6490,6545,6335,6516,122668,r
2009-06-12,6530,6558,6411,6437,104854,g
2009-06-15,6390,6390,6174,6208,115650,g
2009-06-16,6173,6251,6133,6208,98988,r
2009-06-17,6218,6294,6195,6204,61615,g
2009-06-18,6130,6205,5994,6090,124089,g
2009-06-19,6090,6150,6045,6138,91410,r
2009-06-22,6137,6264,6075,6206,96798,r
2009-06-23,6088,6150,6059,6072,83086,g
2009-06-24,6089,6494,6073,6311,143028,r
2009-06-25,6306,6427,6295,6389,101697,r
2009-06-26,6405,6432,6361,6391,76133,g
2009-06-29,6415,6436,6305,6345,92593,g
2009-06-30,6421,6450,6301,6383,97549,g
2009-07-01,6414,6546,6361,6517,108188,r
2009-07-02,6525,6626,6517,6590,96176,r
2009-07-03,6547,6633,6520,6602,91558,r
2009-07-06,6619,6631,6527,6588,90726,g
2009-07-07,6588,6710,6578,6665,97559,r
2009-07-08,6621,6637,6558,6627,92427,r
2009-07-09,6627,6778,6625,6724,101366,r
2009-07-10,6735,6755,6676,6755,73581,r
2009-07-13,6739,6765,6443,6469,118983,g
2009-07-14,6540,6609,6507,6580,74525,r
2009-07-15,6630,6782,6625,6763,65479,r
2009-07-16,6748,6785,6661,6709,90123,g
2009-07-17,6736,6802,6700,6756,79822,r
2009-07-20,6839,6884,6758,6859,86215,r
2009-07-21,6900,6912,6795,6874,91335,g
2009-07-22,6870,6959,6847,6885,93603,r
2009-07-23,6873,6955,6818,6881,94591,r
2009-07-24,6950,6963,6875,6897,75387,g
2009-07-27,6950,7010,6896,6967,79395,r
2009-07-28,6962,7088,6951,7080,82604,r
2009-07-29,7099,7132,7021,7037,86736,g
2009-07-30,7025,7043,6870,6963,103155,g
2009-07-31,7009,7083,6955,7028,94020,r
2009-08-03,7024,7028,6907,6982,92249,g
2009-08-04,7056,7070,6821,6881,121426,g
2009-08-05,6882,6948,6749,6772,115712,g
2009-08-06,6799,6833,6702,6803,116053,r
2009-08-10,6820,6854,6733,6814,86706,g
2009-08-11,6818,6895,6755,6895,88732,r
2009-08-12,6849,6898,6815,6839,83259,g
2009-08-13,6865,7031,6862,7013,101571,r
2009-08-14,7049,7112,7020,7063,79246,r
2009-08-17,7010,7034,6899,6914,92293,g
2009-08-18,6900,6908,6723,6817,114520,g
2009-08-19,6824,6844,6786,6795,46194,g
2009-08-20,6722,6733,6590,6693,107256,g
2009-08-21,6700,6770,6553,6592,121630,g
2009-08-24,6754,6835,6711,6808,96035,r
2009-08-25,6798,6827,6742,6760,92967,g
2009-08-26,6785,6802,6616,6703,129055,g
2009-08-27,6673,6727,6610,6645,108006,g
2009-08-28,6677,6810,6656,6754,108814,r
2009-08-31,6765,6808,6701,6756,95984,g
2009-09-01,6757,7034,6736,7027,126460,r
2009-09-02,6951,7049,6937,7026,107506,r
2009-09-03,7020,7123,6979,7094,112514,r
2009-09-04,7121,7169,7071,7155,97161,r
2009-09-07,7186,7227,7145,7221,81652,r
2009-09-08,7250,7367,7181,7316,124683,r
2009-09-09,7316,7344,7248,7257,86344,g
2009-09-10,7334,7758,7285,7360,161675,r
2009-09-11,7329,7370,7291,7353,68075,r
2009-09-14,7307,7344,7204,7252,96094,g
2009-09-15,7289,7385,7253,7357,81016,r
2009-09-16,7428,7460,7375,7444,57214,r
2009-09-17,7500,7517,7436,7466,98875,g
2009-09-18,7441,7502,7408,7467,73544,r
2009-09-21,7481,7556,7398,7466,93322,g
2009-09-22,7484,7506,7425,7454,67441,g
2009-09-23,7460,7520,7311,7347,122536,g
2009-09-24,7364,7375,7235,7295,99592,g
2009-09-25,7250,7340,7235,7338,79541,r
2009-09-28,7276,7327,7215,7280,81687,r
2009-09-29,7330,7431,7328,7405,88224,r
2009-09-30,7427,7515,7411,7493,86950,r
2009-10-01,7538,7614,7455,7538,97532,r
2009-10-02,7418,7450,7344,7352,89070,g
2009-10-05,7358,7398,7326,7392,68716,r
2009-10-06,7428,7538,7395,7506,104530,r
2009-10-07,7587,7609,7530,7589,79137,r
2009-10-08,7590,7627,7448,7481,99718,g
2009-10-09,7508,7565,7464,7552,86346,r
2009-10-12,7565,7594,7492,7576,83741,r
2009-10-13,7509,7596,7276,7561,114705,r
2009-10-14,7599,7701,7591,7699,79859,r
2009-10-15,7774,7786,7690,7710,96311,g
2009-10-16,7710,7732,7667,7694,74982,g
2009-10-19,7649,7762,7625,7753,69653,r
2009-10-20,7792,7800,7731,7752,64903,g
2009-10-21,7743,7758,7660,7706,57875,g
2009-10-22,7609,7669,7524,7573,109964,g
2009-10-23,7594,7632,7571,7596,62722,r
2009-10-26,7619,7765,7611,7643,83589,r
2009-10-27,7609,7647,7537,7644,89971,r
2009-10-28,7602,7650,7502,7508,115836,g
2009-10-29,7360,7404,7205,7322,126751,g
2009-10-30,7375,7392,7278,7285,83195,g
2009-11-02,7150,7295,7135,7278,90971,r
2009-11-03,7278,7320,7253,7274,72348,g
2009-11-04,7315,7443,7308,7439,87645,r
2009-11-05,7409,7460,7375,7409,84432,r
2009-11-06,7502,7524,7440,7478,74984,g
2009-11-09,7540,7576,7505,7549,73346,r
2009-11-10,7630,7639,7572,7589,62795,g
2009-11-11,7615,7683,7551,7681,99810,r
2009-11-12,7695,7711,7665,7686,65616,g
2009-11-13,7660,7719,7627,7672,74330,r
2009-11-16,7688,7808,7676,7806,80023,r
2009-11-17,7989,7997,7730,7735,117076,g
2009-11-18,7788,7803,7750,7787,41229,g
2009-11-19,7756,7788,7700,7700,78984,g
2009-11-20,7672,7709,7606,7672,92047,r
2009-11-23,7660,7694,7636,7691,49684,r
2009-11-24,7693,7719,7677,7700,50148,r
2009-11-25,7695,7785,7686,7776,80979,r
2009-11-26,7774,7825,7732,7743,75172,g
2009-11-27,7625,7630,7436,7440,109038,g
2009-11-30,7558,7592,7540,7557,59745,g
2009-12-01,7570,7670,7512,7639,90233,r
2009-12-02,7675,7721,7655,7689,73148,r
2009-12-03,7740,7757,7640,7697,80095,g
2009-12-04,7675,7710,7590,7592,69089,g
2009-12-07,7649,7782,7616,7754,88360,r
2009-12-08,7750,7774,7710,7757,71858,r
2009-12-09,7719,7794,7706,7793,64917,r
2009-12-10,7799,7807,7590,7639,126777,g
2009-12-11,7657,7793,7642,7792,93626,r
2009-12-14,7789,7845,7735,7831,95664,r
2009-12-15,7840,7849,7781,7799,66481,g
2009-12-16,7809,7817,7706,7753,62023,g
2009-12-17,7713,7798,7666,7691,106259,g
2009-12-18,7662,7713,7611,7701,77630,r
2009-12-21,7701,7790,7701,7753,74432,r
2009-12-22,7788,7834,7773,7831,67612,r
2009-12-23,7844,7879,7818,7867,62324,r
2009-12-24,7888,7974,7871,7953,78986,r
2009-12-25,7960,7987,7945,7983,40328,r
2009-12-28,7995,8078,7976,8045,73121,r
2009-12-29,8033,8063,8022,8059,53904,r
2009-12-30,8050,8115,8043,8091,59344,r
2009-12-31,8106,8205,8105,8205,67186,r
2010-01-04,8203,8211,8101,8166,83881,g
2010-01-05,8212,8260,8125,8178,107583,g
2010-01-06,8197,8336,8179,8320,119935,r
2010-01-07,8335,8355,8230,8259,120490,g
2010-01-08,8287,8297,8183,8278,104770,g
2010-01-11,8278,8353,8251,8325,87481,r
2010-01-12,8318,8337,8246,8308,99457,g
2010-01-13,8259,8275,8191,8215,108400,g
2010-01-14,8246,8328,8236,8301,80657,r
2010-01-15,8310,8385,8307,8369,95385,r
2010-01-18,8300,8383,8286,8353,75225,r
2010-01-19,8370,8382,8230,8270,117690,g
2010-01-20,8306,8312,8198,8215,66320,g
2010-01-21,8185,8213,8112,8134,117013,g
2010-01-22,8019,8023,7884,7897,126735,g
2010-01-25,7822,7912,7802,7852,87398,r
2010-01-26,7832,7886,7520,7556,181759,g
2010-01-27,7574,7633,7509,7534,116682,g
2010-01-28,7579,7745,7555,7699,117323,r
2010-01-29,7552,7633,7442,7580,148546,r
2010-02-01,7569,7634,7442,7513,132793,g
2010-02-02,7580,7603,7346,7371,143076,g
2010-02-03,7456,7528,7390,7501,139575,r
2010-02-04,7503,7538,7460,7507,89979,r
2010-02-05,7300,7321,7130,7201,126660,g
2010-02-06,7229,7236,7056,7155,102295,g
2010-02-08,7155,7235,7125,7160,96417,r
2010-02-09,7171,7344,7151,7316,111037,r
2010-02-10,7350,7479,7345,7419,115820,r
2010-02-22,7703,7708,7553,7558,48600,g
2010-02-23,7534,7552,7451,7535,90633,r
2010-02-24,7468,7545,7458,7480,82236,r
2010-02-25,7505,7522,7335,7368,123429,g
2010-02-26,7378,7434,7341,7383,90934,r
2010-03-01,7413,7605,7395,7575,118335,r
2010-03-02,7595,7649,7569,7601,85729,r
2010-03-03,7596,7664,7578,7611,90044,r
2010-03-04,7622,7639,7463,7526,117125,g
2010-03-05,7603,7692,7558,7659,117040,r
2010-03-08,7729,7758,7686,7755,78000,r
2010-03-09,7771,7774,7724,7764,56932,g
2010-03-10,7771,7792,7703,7769,80460,g
2010-03-11,7800,7808,7731,7757,84244,g
2010-03-12,7785,7788,7711,7754,66037,g
2010-03-15,7756,7758,7631,7655,107479,g
2010-03-16,7651,7707,7642,7703,55280,r
2010-03-17,7750,7844,7745,7842,61458,r
2010-03-18,7837,7922,7818,7850,93095,r
2010-03-19,7850,7884,7826,7867,66433,r
2010-03-22,7830,7840,7745,7802,92447,g
2010-03-23,7850,7863,7756,7804,90504,g
2010-03-24,7865,7876,7804,7815,83886,g
2010-03-25,7792,7858,7716,7803,128715,r
2010-03-26,7809,7917,7724,7886,137942,r
2010-03-29,7912,7966,7885,7957,80045,r
2010-03-30,7977,7991,7940,7961,62683,g
2010-03-31,7946,7970,7895,7906,74509,g
2010-04-01,7940,8041,7926,8025,95356,r
2010-04-02,8024,8047,8015,8039,40125,r
2010-04-06,8071,8142,8062,8096,86604,r
2010-04-07,8125,8140,8095,8126,61074,r
2010-04-08,8110,8170,8045,8081,127009,g
2010-04-09,8077,8105,8046,8101,71116,r
2010-04-12,8158,8168,8086,8126,79344,g
2010-04-13,8086,8119,8013,8019,118201,g
2010-04-14,8065,8114,8038,8112,79109,r
2010-04-15,8153,8196,8130,8158,82562,r
2010-04-16,8147,8155,8070,8102,97054,g
2010-04-19,8002,8033,7821,7822,129486,g
2010-04-20,7880,7911,7825,7876,87151,g
2010-04-21,7950,7998,7923,7980,73925,r
2010-04-22,7905,7953,7843,7925,116021,r
2010-04-23,7951,7983,7937,7958,79082,r
2010-04-26,8077,8162,8070,8148,87108,r
2010-04-27,8148,8152,8109,8130,60526,g
2010-04-28,7961,8059,7920,8035,116367,r
2010-04-29,8036,8065,8011,8043,70043,r
2010-04-30,8128,8152,7966,7989,131394,g
2010-05-03,7925,8001,7876,7931,116231,r
2010-05-04,7968,7982,7848,7880,129184,g
2010-05-05,7690,7750,7649,7657,139637,g
2010-05-06,7643,7669,7512,7579,128392,g
2010-05-07,7352,7547,7351,7502,157584,r
2010-05-10,7563,7638,7531,7637,104383,r
2010-05-11,7570,7697,7555,7568,136479,g
2010-05-12,7630,7658,7541,7587,124899,g
2010-05-13,7698,7777,7660,7761,118392,r
2010-05-14,7712,7766,7702,7760,82260,r
2010-05-17,7680,7682,7555,7602,128287,g
2010-05-18,7610,7640,7576,7619,88798,r
2010-05-19,7518,7587,7468,7576,79702,r
2010-05-20,7509,7514,7356,7357,128720,g
2010-05-21,7164,7247,7112,7209,121940,r
2010-05-24,7224,7319,7214,7274,100618,r
2010-05-25,7188,7189,7006,7052,149065,g
2010-05-26,7122,7154,7045,7122,128152,r
2010-05-27,7103,7234,7056,7202,133779,r
2010-05-28,7289,7328,7221,7280,127105,g
2010-05-31,7302,7333,7255,7325,80573,r
2010-06-01,7283,7321,7220,7244,131307,g
2010-06-02,7193,7282,7101,7140,145945,g
2010-06-03,7253,7341,7252,7338,110168,r
2010-06-04,7338,7348,7305,7321,61826,g
2010-06-07,7100,7128,7035,7097,128391,g
2010-06-08,7097,7139,7075,7129,86504,r
2010-06-09,7080,7139,6990,7038,125117,g
2010-06-10,7068,7164,7038,7163,108419,r
2010-06-11,7316,7317,7244,7293,84228,g
2010-06-14,7356,7395,7336,7382,72546,r
2010-06-15,7378,7498,7364,7459,88627,r
2010-06-17,7518,7537,7479,7519,55672,r
2010-06-18,7364,7387,7297,7352,95492,g
2010-06-21,7440,7525,7408,7523,114888,r
2010-06-22,7480,7506,7468,7480,61265,r
2010-06-23,7430,7478,7388,7437,98219,r
2010-06-24,7431,7456,7398,7427,69400,g
2010-06-25,7342,7385,7302,7324,101908,g
2010-06-28,7334,7375,7326,7362,57032,r
2010-06-29,7393,7453,7251,7252,136686,g
2010-06-30,7126,7168,7092,7153,88473,r
2010-07-01,7123,7147,7061,7101,112777,g
2010-07-02,7135,7216,7116,7165,105153,r
2010-07-05,7185,7325,7168,7324,108041,r
2010-07-06,7262,7458,7246,7456,124267,r
2010-07-07,7436,7455,7406,7447,79144,r
2010-07-08,7568,7571,7500,7532,96075,g
2010-07-09,7540,7582,7522,7566,70471,r
2010-07-12,7590,7654,7528,7533,97500,g
2010-07-13,7589,7603,7517,7560,92569,g
2010-07-14,7663,7703,7645,7703,82511,r
2010-07-15,7677,7728,7668,7707,76018,r
2010-07-16,7701,7715,7635,7669,106024,g
2010-07-19,7601,7673,7591,7659,75609,r
2010-07-20,7647,7746,7635,7709,92580,r
2010-07-21,7758,7758,7683,7687,50821,g
2010-07-22,7585,7614,7536,7563,91437,g
2010-07-23,7647,7703,7635,7680,83771,r
2010-07-26,7715,7728,7682,7709,61558,g
2010-07-27,7730,7733,7642,7657,84210,g
2010-07-28,7679,7732,7635,7723,80894,r
2010-07-29,7720,7731,7668,7707,80324,g
2010-07-30,7685,7699,7638,7682,83284,g
2010-08-02,7748,7878,7746,7870,88011,r
2010-08-03,7911,7916,7868,7914,58075,r
2010-08-04,7886,7928,7872,7911,79029,r
2010-08-05,7960,7960,7875,7913,88830,g
2010-08-06,7890,7932,7880,7929,65492,r
2010-08-09,7911,8001,7911,7987,71601,r
2010-08-10,7998,7998,7933,7936,69914,g
2010-08-11,7886,7930,7833,7856,114197,g
2010-08-12,7778,7824,7764,7800,85099,r
2010-08-13,7816,7925,7803,7911,95004,r
2010-08-16,7843,7957,7830,7946,81371,r
2010-08-17,7935,7965,7925,7941,59356,r
2010-08-18,7969,7971,7900,7919,54730,g
2010-08-19,7899,7922,7847,7918,88913,r
2010-08-20,7883,7900,7860,7886,65098,r
2010-08-23,7880,8003,7874,7952,88947,r
2010-08-24,7920,7956,7884,7887,90103,g
2010-08-25,7843,7844,7673,7679,136522,g
2010-08-26,7672,7696,7621,7621,90557,g
2010-08-27,7611,7676,7605,7659,89168,r
2010-08-30,7742,7793,7688,7718,106064,g
2010-08-31,7653,7658,7536,7557,119533,g
2010-09-01,7569,7638,7569,7630,77248,r
2010-09-02,7695,7744,7665,7692,102835,g
2010-09-03,7714,7786,7713,7777,94553,r
2010-09-06,7838,7878,7819,7865,77820,r
2010-09-07,7860,7874,7843,7853,60421,g
2010-09-08,7823,7868,7790,7848,115984,r
2010-09-09,7885,7890,7806,7834,100456,g
2010-09-10,7889,7908,7849,7900,88371,r
2010-09-13,7943,8110,7934,8109,120906,r
2010-09-14,8117,8135,8088,8122,60400,r
2010-09-15,8142,8158,8113,8154,46823,r
2010-09-16,8145,8163,8062,8070,94078,g
2010-09-17,8100,8209,8097,8171,111718,r
2010-09-20,8155,8195,8135,8178,72389,r
2010-09-21,8237,8247,8156,8192,89150,g
2010-09-23,8178,8233,8148,8202,84525,r
2010-09-24,8185,8197,8121,8147,126534,g
2010-09-27,8200,8230,8176,8185,77297,g
2010-09-28,8162,8199,8150,8180,68963,r
2010-09-29,8220,8295,8203,8210,117706,g
2010-09-30,8218,8232,8186,8219,81016,r
2010-10-01,8246,8256,8201,8238,75234,g
2010-10-04,8238,8285,8214,8217,90838,g
2010-10-05,8207,8214,8127,8192,115261,g
2010-10-06,8268,8293,8254,8273,79280,r
2010-10-07,8271,8282,8255,8272,50516,r
2010-10-08,8266,8300,8213,8214,102694,g
2010-10-11,8241,8246,8130,8135,98604,g
2010-10-12,8150,8153,8021,8056,122188,g
2010-10-13,8090,8110,8041,8108,96802,r
2010-10-14,8174,8251,8165,8229,119581,r
2010-10-15,8212,8246,8190,8190,80809,g
2010-10-18,8189,8193,8024,8033,137298,g
2010-10-19,8035,8053,7995,8020,81608,g
2010-10-20,7950,8121,7947,8120,80733,r
2010-10-21,8080,8144,8063,8088,111003,r
2010-10-22,8122,8142,8097,8142,67947,r
2010-10-25,8173,8306,8158,8303,109268,r
2010-10-26,8299,8340,8296,8313,70510,r
2010-10-27,8329,8368,8264,8281,117079,g
2010-10-28,8310,8355,8282,8341,91526,r
2010-10-29,8320,8327,8257,8302,99950,g
2010-11-01,8325,8429,8325,8393,107013,r
2010-11-02,8405,8405,8361,8367,58593,g
2010-11-03,8411,8423,8283,8324,136307,g
2010-11-04,8342,8388,8325,8368,77003,r
2010-11-05,8478,8500,8443,8463,79108,g
2010-11-08,8482,8488,8431,8453,74607,g
2010-11-09,8440,8471,8433,8467,58104,r
2010-11-10,8488,8492,8435,8485,76579,g
2010-11-11,8465,8480,8446,8451,57451,g
2010-11-12,8435,8438,8301,8314,129669,g
2010-11-15,8296,8310,8229,8270,98909,g
2010-11-16,8230,8342,8220,8290,96158,r
2010-11-17,8246,8299,8227,8246,60739,r
2010-11-18,8255,8294,8239,8292,78617,r
2010-11-19,8338,8361,8257,8286,117612,g
2010-11-22,8323,8396,8312,8373,90438,r
2010-11-23,8374,8375,8306,8330,74225,g
2010-11-24,8281,8353,8271,8305,94331,r
2010-11-25,8309,8362,8308,8341,70218,r
2010-11-26,8354,8358,8294,8300,82593,g
2010-11-29,8350,8395,8312,8382,123837,r
2010-11-30,8400,8450,8371,8401,119661,r
2010-12-01,8423,8550,8411,8550,108687,r
2010-12-02,8600,8642,8591,8619,88965,r
2010-12-03,8639,8645,8609,8630,70404,g
2010-12-06,8640,8714,8632,8697,80689,r
2010-12-07,8698,8716,8652,8716,69149,r
2010-12-08,8718,8721,8675,8701,60974,g
2010-12-09,8722,8797,8722,8789,95596,r
2010-12-10,8761,8761,8698,8742,91550,g
2010-12-13,8728,8764,8725,8737,53926,r
2010-12-14,8752,8792,8712,8738,92090,g
2010-12-15,8740,8747,8704,8727,45529,g
2010-12-16,8764,8794,8754,8773,68004,r
2010-12-17,8777,8840,8775,8809,83250,r
2010-12-20,8817,8832,8728,8762,101537,g
2010-12-21,8783,8847,8763,8846,76444,r
2010-12-22,8858,8872,8834,8850,66539,g
2010-12-23,8856,8908,8846,8898,72262,r
2010-12-24,8898,8898,8867,8880,49889,g
2010-12-27,8866,8918,8832,8884,82833,r
2010-12-28,8900,8906,8830,8878,82934,g
2010-12-29,8860,8895,8842,8872,81842,r
2010-12-30,8879,8918,8865,8906,82835,r
2010-12-31,8892,8997,8892,8988,88690,r
2011-01-03,9000,9030,8995,9020,61366,r
2011-01-04,9030,9030,8974,8978,62448,g
2011-01-05,8967,9005,8791,8838,165831,g
2011-01-06,8859,8876,8815,8869,82510,r
2011-01-07,8866,8883,8727,8753,128752,g
2011-01-10,8753,8799,8735,8786,68286,r
2011-01-11,8779,8950,8760,8942,131182,r
2011-01-12,8960,9003,8945,8967,82510,r
2011-01-13,8998,9017,8916,8969,107227,g
2011-01-14,8965,8981,8931,8970,67139,r
2011-01-17,8993,9002,8914,8922,93861,g
2011-01-18,8920,9012,8871,8972,103387,r
2011-01-19,8988,9085,8984,9083,59708,r
2011-01-20,9018,9032,8996,9009,64787,g
2011-01-21,8970,8975,8858,8907,139564,g
2011-01-24,8923,8956,8910,8947,72356,r
2011-01-25,8994,9029,8965,8966,80880,g
2011-01-26,8970,9073,8970,9052,94343,r
2011-01-27,9086,9126,9068,9105,83534,r
2011-01-28,9112,9140,9094,9138,64216,r
2011-02-08,9186,9196,9062,9099,98754,g
2011-02-09,9071,9109,8975,9016,128818,g
2011-02-10,8971,8983,8817,8824,139784,g
2011-02-11,8818,8827,8523,8563,194117,g
2011-02-14,8625,8693,8601,8641,97013,r
2011-02-15,8625,8733,8531,8696,126055,r
2011-02-16,8718,8757,8695,8719,57818,r
2011-02-17,8651,8675,8589,8629,119729,g
2011-02-18,8678,8845,8675,8808,119059,r
2011-02-21,8814,8815,8732,8809,83847,g
2011-02-22,8713,8722,8562,8616,144975,g
2011-02-23,8588,8637,8480,8522,139573,g
2011-02-24,8502,8610,8502,8531,118501,r
2011-02-25,8560,8630,8433,8615,185984,r
2011-03-01,8695,8710,8634,8691,84818,g
2011-03-02,8610,8674,8582,8602,126553,g
2011-03-03,8660,8755,8630,8748,122389,r
2011-03-04,8796,8800,8753,8758,83710,g
2011-03-07,8743,8762,8677,8723,108307,g
2011-03-08,8704,8758,8701,8740,77886,r
2011-03-09,8793,8798,8698,8757,101336,g
2011-03-10,8763,8763,8608,8622,140889,g
2011-03-11,8550,8574,8480,8562,129493,r
2011-03-14,8531,8568,8366,8500,171744,g
2011-03-15,8531,8532,8026,8257,278523,g
2011-03-16,8410,8411,8264,8306,95911,g
2011-03-17,8151,8274,8129,8255,148021,r
2011-03-18,8292,8345,8270,8319,104784,r
2011-03-21,8359,8445,8328,8390,110694,r
2011-03-22,8431,8479,8414,8415,91070,g
2011-03-23,8400,8510,8393,8448,116480,r
2011-03-24,8502,8548,8480,8527,97198,r
2011-03-25,8588,8626,8548,8579,98085,g
2011-03-28,8585,8585,8495,8520,95747,g
2011-03-29,8507,8575,8474,8575,99784,r
2011-03-30,8607,8650,8582,8590,94916,g
2011-03-31,8604,8645,8557,8642,110857,r
2011-04-01,8640,8689,8630,8686,77930,r
2011-04-06,8743,8863,8727,8838,117163,r
2011-04-07,8864,8901,8823,8897,87439,r
2011-04-08,8921,8939,8850,8866,112534,g
2011-04-11,8868,8882,8820,8859,86640,g
2011-04-12,8820,8822,8703,8705,144950,g
2011-04-13,8728,8810,8696,8806,102126,r
2011-04-14,8780,8852,8750,8799,124702,r
2011-04-15,8786,8820,8680,8704,113065,g
2011-04-18,8692,8760,8674,8710,98340,r
2011-04-19,8657,8671,8585,8627,118378,g
2011-04-20,8701,8800,8695,8791,65270,r
2011-04-21,8882,9004,8879,8993,119466,r
2011-04-22,8989,9008,8973,8992,55333,r
2011-04-25,9003,9050,8942,8975,106660,g
2011-04-26,8914,8982,8870,8970,139105,r
2011-04-27,9051,9078,9032,9060,94820,r
2011-04-28,9098,9099,9005,9010,107009,g
2011-04-29,9015,9049,8930,9027,142891,r
2011-05-03,9036,9069,8896,8926,126976,g
2011-05-04,8908,8959,8860,8937,117998,r
2011-05-05,8903,9058,8885,9050,132009,r
2011-05-06,8971,9022,8956,9018,102849,r
2011-05-09,9001,9111,9001,9063,106302,r
2011-05-10,9063,9071,9026,9046,72365,g
2011-05-11,9109,9116,9013,9020,111680,g
2011-05-12,8960,9068,8942,9030,118596,r
2011-05-13,9017,9063,9000,9034,92203,r
2011-05-16,8995,9026,8914,8922,116497,g
2011-05-17,8900,8936,8847,8914,114964,r
2011-05-18,8915,8948,8896,8933,49892,r
2011-05-19,8960,9043,8838,8840,165229,g
2011-05-20,8900,8915,8806,8817,120448,g
2011-05-23,8747,8771,8668,8738,114280,g
2011-05-24,8723,8767,8660,8762,118395,r
2011-05-25,8745,8746,8650,8678,127146,g
2011-05-26,8764,8796,8719,8787,92683,r
2011-05-27,8773,8855,8768,8782,112193,r
2011-05-30,8760,8827,8708,8820,109256,r
2011-05-31,8857,9034,8856,9021,125292,r
2011-06-01,9023,9106,9008,9092,107636,r
2011-06-02,8980,9057,8976,9027,93917,r
2011-06-03,9048,9078,8998,9070,101667,r
2011-06-07,9032,9095,8973,9095,114968,r
2011-06-08,9076,9087,9002,9031,117846,g
2011-06-09,9011,9050,8994,9031,92879,r
2011-06-10,9068,9069,8811,8829,181700,g
2011-06-13,8780,8805,8683,8744,127284,g
2011-06-14,8743,8848,8734,8846,107819,r
2011-06-15,8846,8877,8730,8839,92941,g
2011-06-16,8559,8559,8481,8493,122262,g
2011-06-17,8492,8543,8436,8461,130140,g
2011-06-20,8501,8525,8365,8401,130364,g
2011-06-21,8470,8485,8400,8465,121966,g
2011-06-22,8518,8524,8416,8441,126011,g
2011-06-23,8424,8475,8389,8395,113345,g
2011-06-24,8420,8432,8365,8411,98878,g
2011-06-27,8310,8373,8260,8337,111300,r
2011-06-28,8385,8396,8304,8308,102001,g
2011-06-29,8377,8486,8353,8471,131299,r
2011-06-30,8475,8528,8456,8503,101913,r
2011-07-01,8560,8615,8543,8566,97612,r
2011-07-04,8631,8657,8598,8603,81883,g
2011-07-05,8611,8631,8585,8628,71652,r
2011-07-06,8628,8713,8623,8692,97258,r
2011-07-07,8690,8712,8665,8690,75394,r
2011-07-08,8696,8768,8635,8638,126154,g
2011-07-11,8603,8630,8573,8599,80816,g
2011-07-12,8511,8538,8412,8419,118005,g
2011-07-13,8431,8483,8410,8463,102405,r
2011-07-14,8448,8506,8360,8482,141282,r
2011-07-15,8472,8570,8451,8562,122482,r
2011-07-18,8507,8590,8469,8487,121453,g
2011-07-19,8500,8546,8487,8535,93884,r
2011-07-20,8620,8708,8611,8698,65843,r
2011-07-21,8637,8654,8615,8652,62981,r
2011-07-22,8703,8740,8682,8691,87397,g
2011-07-25,8650,8689,8586,8608,106089,g
2011-07-26,8636,8744,8628,8738,110674,r
2011-07-27,8714,8772,8707,8762,84296,r
2011-07-28,8695,8735,8660,8728,107531,r
2011-07-29,8698,8726,8592,8613,142948,g
2011-08-01,8713,8728,8655,8681,80934,g
2011-08-02,8600,8607,8535,8574,103379,g
2011-08-03,8420,8455,8367,8439,114269,r
2011-08-04,8430,8488,8278,8294,144679,g
2011-08-05,7820,7988,7736,7766,205307,g
2011-08-08,7742,7769,7260,7555,266957,g
2011-08-09,7230,7607,7091,7533,279335,r
2011-08-10,7597,7698,7581,7662,172601,r
2011-08-11,7554,7748,7461,7699,221666,r
2011-08-12,7740,7794,7564,7589,176761,g
2011-08-15,7723,7831,7712,7817,103243,r
2011-08-16,7858,7877,7735,7773,137667,g
2011-08-17,7758,7824,7718,7753,75512,g
2011-08-18,7580,7584,7447,7500,151918,g
2011-08-19,7298,7355,7191,7195,161232,g
2011-08-22,7197,7433,7160,7252,205715,r
2011-08-23,7301,7543,7297,7509,167685,r
2011-08-24,7530,7550,7340,7423,194902,g
2011-08-25,7543,7559,7346,7366,150403,g
2011-08-26,7399,7491,7354,7447,156042,r
2011-08-29,7470,7610,7440,7525,135925,r
2011-08-30,7600,7632,7548,7603,119935,r
2011-08-31,7617,7714,7556,7707,130191,r
2011-09-01,7750,7849,7681,7700,155565,g
2011-09-02,7725,7745,7651,7710,121592,g
2011-09-05,7550,7560,7467,7480,121816,g
2011-09-06,7404,7488,7313,7340,171327,g
2011-09-07,7460,7538,7412,7536,120586,r
2011-09-08,7565,7598,7477,7550,140152,g
2011-09-09,7553,7654,7510,7602,153559,r
2011-09-13,7502,7538,7335,7370,131549,g
2011-09-14,7398,7462,7160,7193,182435,g
2011-09-15,7360,7450,7324,7407,155904,r
2011-09-16,7514,7628,7507,7617,138633,r
2011-09-19,7580,7583,7455,7478,114574,g
2011-09-20,7444,7566,7369,7484,174940,r
2011-09-21,7508,7591,7453,7537,75042,r
2011-09-22,7362,7370,7250,7276,125657,g
2011-09-23,7037,7104,6972,7054,153477,r
2011-09-26,7036,7048,6855,6881,156897,g
2011-09-27,7038,7135,7030,7135,122939,r
2011-09-28,7187,7196,7067,7100,126295,g
2011-09-29,7041,7208,7023,7182,134365,r
2011-09-30,7182,7230,7131,7182,124694,r
2011-10-03,7029,7085,6959,7015,114630,g
2011-10-04,6871,7098,6871,7094,146791,r
2011-10-05,7058,7087,6973,6990,110451,g
2011-10-06,7115,7190,7100,7122,120540,r
2011-10-07,7250,7260,7183,7191,111994,g
2011-10-11,7353,7408,7336,7407,83295,r
2011-10-12,7370,7424,7340,7388,96756,r
2011-10-13,7454,7460,7375,7390,99839,g
2011-10-14,7400,7401,7353,7377,80629,g
2011-10-17,7470,7495,7408,7453,101987,g
2011-10-18,7361,7389,7313,7337,94409,g
2011-10-19,7342,7382,7320,7330,46187,g
2011-10-20,7356,7358,7213,7213,98580,g
2011-10-21,7227,7272,7193,7258,87534,r
2011-10-24,7394,7503,7381,7494,95630,r
2011-10-25,7499,7519,7463,7470,75280,g
2011-10-26,7425,7573,7408,7547,108047,r
2011-10-27,7549,7603,7502,7590,109266,r
2011-10-28,7725,7777,7611,7628,132783,g
2011-10-31,7649,7682,7546,7561,109656,g
2011-11-01,7570,7685,7522,7637,137779,r
2011-11-02,7488,7634,7451,7609,134827,r
2011-11-03,7565,7580,7438,7445,145467,g
2011-11-04,7605,7665,7573,7630,114378,r
2011-11-07,7617,7655,7591,7635,76498,r
2011-11-08,7631,7709,7579,7590,123282,g
2011-11-09,7655,7672,7576,7614,94928,g
2011-11-10,7430,7454,7275,7318,147026,g
2011-11-11,7317,7384,7288,7356,107893,r
2011-11-14,7493,7563,7488,7541,92990,r
2011-11-15,7528,7549,7481,7501,72827,g
2011-11-16,7534,7562,7384,7397,76151,g
2011-11-17,7333,7409,7283,7404,119691,r
2011-11-18,7278,7330,7234,7252,126979,g
2011-11-21,7186,7188,7016,7050,127731,g
2011-11-22,7050,7102,6970,7023,135502,g
2011-11-23,6970,6987,6798,6818,147515,g
2011-11-24,6828,6903,6765,6832,130240,r
2011-11-25,6870,6956,6725,6757,172062,g
2011-11-28,6909,6925,6850,6920,115234,r
2011-11-29,6965,6996,6912,6975,108653,r
2011-11-30,6943,6957,6826,6903,133344,g
2011-12-01,7194,7251,7140,7210,117165,r
2011-12-02,7202,7214,7116,7155,98790,g
2011-12-05,7165,7168,7052,7133,112076,g
2011-12-06,7086,7090,6953,6985,106726,g
2011-12-07,7012,7063,7005,7054,101831,r
2011-12-08,7015,7027,6907,6961,120532,g
2011-12-09,6801,6933,6790,6884,144560,r
2011-12-12,6975,7016,6932,6943,93689,g
2011-12-13,6855,6930,6837,6897,94723,r
2011-12-14,6883,6925,6857,6919,76891,r
2011-12-15,6845,6858,6751,6751,100803,g
2011-12-16,6772,6803,6746,6775,75785,r
2011-12-19,6670,6741,6613,6637,115213,g
2011-12-20,6674,6704,6665,6671,66473,g
2011-12-21,6831,6960,6830,6952,55784,r
2011-12-22,6950,6979,6936,6954,58654,r
2011-12-23,7048,7124,7031,7107,71134,r
2011-12-26,7108,7116,7074,7103,44550,g
2011-12-27,7095,7112,7035,7088,74040,g
2011-12-28,7062,7088,7037,7052,56126,g
2011-12-29,7012,7077,7000,7073,67827,r
2011-12-30,7098,7148,7036,7040,88478,g
2012-01-02,7022,7051,6928,6949,88074,g
2012-01-03,7020,7087,7002,7049,86594,r
2012-01-04,7084,7109,7043,7073,87250,g
2012-01-05,7088,7124,7061,7119,81890,r
2012-01-06,7100,7117,7060,7085,90243,g
2012-01-09,7047,7082,7026,7055,76419,r
2012-01-10,7120,7180,7111,7172,79930,r
2012-01-11,7185,7196,7167,7179,57976,g
2012-01-12,7185,7194,7161,7185,52223,r
2012-01-13,7235,7263,7147,7165,93802,g
2012-01-16,7236,7280,7071,7093,133403,g
2012-01-17,7152,7228,7118,7227,100542,r
2012-01-18,7224,7248,7192,7207,52778,g
2012-01-30,7352,7448,7351,7390,87983,r
2012-01-31,7444,7503,7422,7467,106996,r
2012-02-01,7492,7548,7476,7522,98566,r
2012-02-02,7620,7650,7566,7642,95940,r
2012-02-03,7620,7650,7602,7642,79643,r
2012-02-04,7720,7758,7693,7735,75608,r
2012-02-06,7706,7724,7668,7685,87761,g
2012-02-07,7706,7750,7675,7722,107114,r
2012-02-08,7766,7895,7760,7890,113907,r
2012-02-09,7860,7933,7829,7923,109946,r
2012-02-10,7876,7928,7850,7866,102250,g
2012-02-13,7875,7937,7841,7907,103592,r
2012-02-14,7905,7914,7807,7874,115096,g
2012-02-15,7924,8010,7890,8006,64167,r
2012-02-16,7968,7994,7867,7906,109513,g
2012-02-17,7982,8021,7880,7932,141814,g
2012-02-20,7989,8004,7927,7956,91000,g
2012-02-21,7954,7975,7854,7947,138395,g
2012-02-22,7918,8036,7889,8004,129612,r
2012-02-23,7960,7991,7941,7963,83248,r
2012-02-24,7945,7975,7883,7941,115247,g
2012-02-29,8006,8126,8002,8114,100542,r
2012-03-01,8143,8177,8114,8138,91498,g
2012-03-02,8180,8187,8112,8152,85966,g
2012-03-03,8130,8130,8086,8120,50419,g
2012-03-05,8101,8107,8003,8040,106743,g
2012-03-06,8020,8034,7871,7946,137453,g
2012-03-07,7854,7929,7840,7895,104771,r
2012-03-08,7938,8000,7883,7976,109943,r
2012-03-09,7990,8030,7942,8005,107419,r
2012-03-12,7998,8008,7908,7921,91777,g
2012-03-13,7967,8065,7965,8033,114188,r
2012-03-14,8154,8188,8132,8142,86100,g
2012-03-15,8140,8158,8090,8134,85500,g
2012-03-16,8130,8143,8058,8064,85411,g
2012-03-19,8113,8116,7972,8053,122808,g
2012-03-20,8077,8078,7952,7984,105409,g
2012-03-21,7966,8016,7951,7980,62345,r
2012-03-22,8009,8095,7986,8084,105497,r
2012-03-23,8101,8101,8051,8080,69144,g
2012-03-26,8081,8096,7938,7958,120809,g
2012-03-27,8000,8022,7973,8010,82256,r
2012-03-28,8015,8079,7996,8030,92821,r
2012-03-29,7998,8006,7820,7845,136969,g
2012-03-30,7810,7907,7786,7883,107105,r
2012-04-02,7888,7904,7835,7866,83288,g
2012-04-03,7889,7919,7736,7780,138886,g
2012-04-05,7651,7663,7523,7618,138251,g
2012-04-06,7640,7688,7613,7673,92523,r
2012-04-09,7572,7633,7503,7577,107618,r
2012-04-10,7633,7683,7579,7609,111434,g
2012-04-11,7511,7650,7507,7641,114786,r
2012-04-12,7610,7648,7568,7636,109651,r
2012-04-13,7701,7766,7685,7756,113131,r
2012-04-16,7700,7734,7681,7712,67946,r
2012-04-17,7708,7739,7585,7592,125105,g
2012-04-18,7690,7692,7599,7620,59861,g
2012-04-19,7591,7626,7510,7614,112002,r
2012-04-20,7581,7599,7489,7515,109626,g
2012-04-23,7499,7510,7416,7479,109381,g
2012-04-24,7451,7534,7434,7488,130639,r
2012-04-25,7544,7573,7510,7539,90159,g
2012-04-26,7577,7585,7480,7493,116652,g
2012-04-27,7546,7561,7435,7446,126699,g
2012-04-30,7444,7469,7395,7464,84664,r
2012-05-02,7496,7683,7491,7678,123826,r
2012-05-03,7676,7676,7635,7657,64923,g
2012-05-04,7615,7685,7583,7662,103897,r
2012-05-07,7557,7578,7491,7500,105432,g
2012-05-08,7520,7545,7493,7523,70039,r
2012-05-09,7468,7490,7417,7460,110543,g
2012-05-10,7425,7516,7425,7482,104676,r
2012-05-11,7458,7464,7356,7367,115109,g
2012-05-14,7376,7398,7327,7369,87179,g
2012-05-15,7305,7406,7290,7385,107824,r
2012-05-16,7356,7386,7250,7255,78188,g
2012-05-17,7266,7333,7251,7316,107042,r
2012-05-18,7164,7230,7128,7131,137453,g
2012-05-21,7179,7209,7156,7188,89987,r
2012-05-22,7250,7260,7202,7237,84457,g
2012-05-23,7151,7170,7090,7137,104039,g
2012-05-24,7156,7178,7082,7131,110419,g
2012-05-25,7155,7159,7048,7056,112129,g
2012-05-28,7072,7133,7025,7116,88134,r
2012-05-29,7124,7336,7105,7292,133492,r
2012-05-30,7270,7273,7196,7234,105779,g
2012-05-31,7142,7255,7085,7216,133179,r
2012-06-01,7200,7210,7075,7100,148561,g
2012-06-04,6927,6930,6832,6866,136173,g
2012-06-05,6949,7005,6925,6973,119975,r
2012-06-06,6989,7055,6958,7013,119911,r
2012-06-07,7135,7146,7020,7045,109267,g
2012-06-08,7007,7040,6946,6953,113502,g
2012-06-11,7090,7136,7059,7093,104587,r
2012-06-12,6976,7038,6962,7019,90928,r
2012-06-13,7049,7070,7002,7050,92445,r
2012-06-14,7042,7107,7033,7067,90208,r
2012-06-15,7050,7160,7042,7158,105461,r
2012-06-18,7300,7323,7244,7264,88541,g
2012-06-19,7266,7270,7234,7267,66829,r
2012-06-20,7293,7320,7281,7311,49603,r
2012-06-21,7160,7163,7093,7116,87531,g
2012-06-22,7002,7047,6995,7038,86328,r
2012-06-25,6952,6978,6938,6948,79498,g
2012-06-26,6944,6960,6923,6939,61061,g
2012-06-27,6918,7005,6898,6986,88870,r
2012-06-28,7021,7037,6962,6999,93495,g
2012-06-29,6982,7128,6981,7114,125079,r
2012-07-02,7133,7152,7107,7135,61164,r
2012-07-03,7177,7280,7161,7228,100035,r
2012-07-04,7268,7327,7251,7290,82870,r
2012-07-05,7303,7321,7277,7298,61142,g
2012-07-06,7288,7319,7237,7273,88187,g
2012-07-09,7204,7272,7202,7236,78155,r
2012-07-10,7251,7270,7162,7179,111200,g
2012-07-11,7138,7204,7133,7186,84765,r
2012-07-12,7186,7188,7067,7076,119634,g
2012-07-13,7070,7108,7045,7071,94496,r
2012-07-16,7089,7110,7020,7056,90104,g
2012-07-17,7048,7136,7030,7110,112562,r
2012-07-18,7110,7117,7056,7059,50139,g
2012-07-19,6974,7032,6945,7025,105187,r
2012-07-20,7022,7039,6996,7012,72799,g
2012-07-23,6915,6932,6845,6874,89163,g
2012-07-24,6862,6889,6850,6873,70419,r
2012-07-25,6782,6912,6775,6844,109472,r
2012-07-26,6856,6905,6832,6876,89419,r
2012-07-27,6969,7031,6946,7031,101798,r
2012-07-30,7082,7102,7055,7077,73940,g
2012-07-31,7102,7179,7061,7156,111246,r
2012-08-01,7139,7212,7135,7194,91541,r
2012-08-03,7140,7164,7116,7140,77400,r
2012-08-06,7278,7314,7236,7239,87020,g
2012-08-07,7233,7263,7223,7235,62955,r
2012-08-08,7306,7336,7277,7299,102472,g
2012-08-09,7371,7452,7346,7441,124418,r
2012-08-10,7453,7465,7425,7444,67635,g
2012-08-13,7444,7475,7430,7454,62561,r
2012-08-14,7484,7545,7451,7498,106586,r
2012-08-15,7489,7497,7433,7468,42861,g
2012-08-16,7460,7520,7441,7493,91627,r
2012-08-17,7503,7511,7467,7472,66804,g
2012-08-20,7464,7475,7398,7441,85888,g
2012-08-21,7465,7553,7458,7516,104474,r
2012-08-22,7494,7508,7453,7491,73832,g
2012-08-23,7476,7534,7468,7514,92462,r
2012-08-24,7450,7490,7442,7488,63598,r
2012-08-27,7535,7551,7452,7454,85674,g
2012-08-28,7435,7443,7375,7400,90587,g
2012-08-29,7404,7413,7381,7403,48276,g
2012-08-30,7360,7395,7341,7367,84736,r
2012-08-31,7375,7420,7363,7383,75810,r
2012-09-03,7370,7465,7352,7443,95659,r
2012-09-04,7443,7470,7430,7449,49798,r
2012-09-05,7401,7411,7341,7341,89500,g
2012-09-06,7332,7368,7286,7332,88605,r
2012-09-07,7471,7479,7404,7420,86197,g
2012-09-10,7421,7469,7414,7455,67326,r
2012-09-11,7437,7490,7436,7466,58281,r
2012-09-12,7525,7586,7510,7586,92117,r
2012-09-13,7592,7609,7571,7576,65628,g
2012-09-14,7698,7758,7671,7739,101991,r
2012-09-17,7739,7767,7726,7753,62517,r
2012-09-18,7742,7768,7713,7750,68247,r
2012-09-19,7757,7795,7739,7767,44655,r
2012-09-20,7782,7786,7716,7749,81364,g
2012-09-21,7765,7783,7748,7762,61018,g
2012-09-24,7747,7805,7685,7776,98891,r
2012-09-25,7792,7810,7744,7755,68390,g
2012-09-26,7691,7725,7670,7703,74741,r
2012-09-27,7683,7730,7679,7727,67769,r
2012-09-28,7726,7748,7666,7720,88736,g
2012-10-01,7690,7706,7666,7685,50165,g
2012-10-02,7716,7748,7693,7730,67005,r
2012-10-03,7740,7742,7687,7705,58947,g
2012-10-04,7707,7715,7633,7706,103623,g
2012-10-05,7711,7733,7680,7700,74558,g
2012-10-08,7677,7692,7612,7625,84401,g
2012-10-09,7629,7647,7596,7597,86466,g
2012-10-11,7483,7506,7442,7443,95415,g
2012-10-12,7434,7463,7385,7414,91823,g
2012-10-15,7396,7434,7385,7423,65609,r
2012-10-16,7460,7462,7435,7458,52656,g
2012-10-17,7510,7525,7451,7460,48276,g
2012-10-18,7467,7479,7444,7452,56992,g
2012-10-19,7468,7469,7385,7385,78012,g
2012-10-22,7300,7360,7289,7346,71981,r
2012-10-23,7342,7350,7293,7297,65165,g
2012-10-24,7230,7347,7225,7302,100098,r
2012-10-25,7303,7319,7251,7258,75504,g
2012-10-26,7226,7287,7090,7092,124369,g
2012-10-29,7110,7153,7091,7122,86590,r
2012-10-30,7170,7220,7141,7161,104953,g
2012-10-31,7192,7212,7125,7140,89169,g
2012-11-01,7098,7192,7029,7172,140234,r
2012-11-02,7214,7225,7182,7201,74946,g
2012-11-05,7190,7222,7146,7180,85379,g
2012-11-06,7180,7259,7163,7259,78698,r
2012-11-07,7205,7293,7192,7257,138985,r
2012-11-08,7168,7220,7160,7200,87040,r
2012-11-09,7136,7301,7126,7285,124069,r
2012-11-12,7265,7304,7238,7241,72967,g
2012-11-13,7227,7239,7092,7096,115838,g
2012-11-14,7081,7150,7077,7128,85438,r
2012-11-15,7095,7156,7036,7121,110109,r
2012-11-16,7116,7179,7082,7107,105005,g
2012-11-19,7147,7168,7120,7123,76594,g
2012-11-20,7174,7181,7131,7160,69183,g
2012-11-21,7176,7178,7051,7084,61507,g
2012-11-22,7096,7115,7081,7089,64759,g
2012-11-23,7123,7327,7120,7322,120285,r
2012-11-26,7362,7409,7357,7388,66388,r
2012-11-27,7410,7435,7380,7424,76308,r
2012-11-28,7407,7439,7390,7428,62716,r
2012-11-29,7470,7539,7465,7525,98858,r
2012-11-30,7535,7605,7524,7593,97127,r
2012-12-03,7596,7647,7560,7599,94211,r
2012-12-04,7560,7603,7548,7594,76198,r
2012-12-05,7593,7678,7576,7653,96422,r
2012-12-06,7654,7673,7623,7640,68922,g
2012-12-07,7658,7691,7642,7660,73000,r
2012-12-10,7680,7686,7600,7623,76649,g
2012-12-11,7639,7645,7579,7638,78456,g
2012-12-12,7657,7725,7652,7698,88897,r
2012-12-13,7718,7778,7708,7772,82170,r
2012-12-14,7738,7747,7701,7703,83896,g
2012-12-17,7690,7707,7615,7652,92449,g
2012-12-18,7660,7665,7621,7655,59168,g
2012-12-19,7698,7709,7655,7659,40571,g
2012-12-20,7631,7633,7556,7560,78949,g
2012-12-21,7565,7578,7472,7491,107674,g
2012-12-22,7556,7558,7523,7525,30095,g
2012-12-24,7500,7564,7491,7518,51148,r
2012-12-25,7555,7688,7538,7674,85977,r
2012-12-26,7651,7685,7623,7634,65747,g
2012-12-27,7602,7666,7584,7629,80035,r
2012-12-28,7650,7708,7647,7675,69667,r
2013-01-02,7720,7804,7702,7772,89084,r
2013-01-03,7811,7836,7803,7823,63191,r
2013-01-04,7800,7809,7751,7774,71564,g
2013-01-07,7743,7774,7700,7742,81334,g
2013-01-08,7732,7747,7673,7705,89690,g
2013-01-09,7686,7774,7682,7740,86917,r
2013-01-10,7762,7846,7759,7836,120361,r
2013-01-11,7863,7867,7796,7799,83861,g
2013-01-14,7730,7828,7705,7827,104615,r
2013-01-15,7800,7812,7728,7741,91868,g
2013-01-16,7750,7769,7698,7717,56006,g
2013-01-17,7702,7767,7582,7612,146025,g
2013-01-18,7692,7723,7666,7711,86240,r
2013-01-21,7683,7736,7645,7703,94447,r
2013-01-22,7722,7765,7672,7751,106112,r
2013-01-23,7777,7788,7714,7723,77820,g
2013-01-24,7688,7728,7625,7682,121098,g
2013-01-25,7662,7688,7612,7649,98883,g
2013-01-28,7620,7731,7620,7730,92644,r
2013-01-29,7759,7822,7736,7819,99268,r
2013-01-30,7846,7859,7791,7800,100596,g
2013-01-31,7815,7850,7778,7848,84710,r
2013-02-01,7859,7901,7825,7858,87282,g
2013-02-04,7878,7952,7872,7940,87076,r
2013-02-05,7885,7913,7868,7905,74222,r
2013-02-06,7916,7952,7891,7900,72234,g
2013-02-18,7967,7978,7913,7935,68367,g
2013-02-19,7950,7970,7941,7959,46496,r
2013-02-20,8008,8027,7983,8023,46015,r
2013-02-21,7987,7998,7948,7949,63682,g
2013-02-22,7939,7976,7903,7951,85288,r
2013-02-23,7974,7994,7970,7993,27144,r
2013-02-25,7985,7992,7935,7941,72527,g
2013-02-26,7893,7920,7862,7885,82365,g
2013-02-27,7907,7909,7862,7879,53936,g
2013-03-01,7945,7950,7920,7936,44261,g
2013-03-04,7935,7937,7827,7845,94446,g
2013-03-05,7867,7931,7862,7913,74795,r
2013-03-06,7980,7998,7935,7947,83381,g
2013-03-07,7933,7982,7921,7938,72471,r
2013-03-08,7968,8032,7965,8008,81963,r
2013-03-11,8010,8068,7993,8043,79292,r
2013-03-12,8040,8058,7983,7999,75099,g
2013-03-13,8000,8035,7951,7990,106243,g
2013-03-14,7997,7997,7941,7953,80383,g
2013-03-15,7969,7986,7906,7910,108503,g
2013-03-18,7857,7868,7790,7792,93278,g
2013-03-19,7838,7852,7816,7833,65618,g
2013-03-20,7780,7842,7775,7796,51613,r
2013-03-21,7803,7816,7781,7797,68584,g
2013-03-22,7780,7814,7764,7776,63792,g
2013-03-25,7842,7865,7826,7851,60577,r
2013-03-26,7845,7848,7822,7836,52949,g
2013-03-27,7841,7876,7827,7860,74977,r
2013-03-28,7859,7875,7820,7842,64872,g
2013-03-29,7884,7935,7871,7923,73065,r
2013-04-01,7938,7942,7907,7920,45554,g
2013-04-02,7907,7927,7875,7905,80426,g
2013-04-03,7944,7953,7910,7934,67479,g
2013-04-08,7859,7870,7733,7739,128490,g
2013-04-09,7717,7750,7697,7709,84170,g
2013-04-10,7737,7745,7713,7728,59185,g
2013-04-11,7776,7825,7759,7818,84527,r
2013-04-12,7822,7832,7783,7784,63795,g
2013-04-15,7763,7816,7729,7763,99778,r
2013-04-16,7710,7786,7693,7780,104489,r
2013-04-17,7783,7809,7772,7809,55915,r
2013-04-18,7715,7775,7700,7751,104635,r
2013-04-19,7784,7945,7782,7944,139791,r
2013-04-22,7952,7976,7938,7953,64233,r
2013-04-23,7942,7951,7896,7928,79390,g
2013-04-24,7967,8015,7949,7991,110367,r
2013-04-25,7976,8009,7970,8004,71374,r
2013-04-26,8010,8066,7996,7998,94061,g
2013-04-29,8010,8042,8001,8023,62628,r
2013-04-30,8067,8122,8062,8098,79187,r
2013-05-02,8083,8127,8083,8120,63338,r
2013-05-03,8139,8174,8119,8140,82132,r
2013-05-06,8200,8209,8154,8169,67710,g
2013-05-07,8180,8187,8150,8173,61131,g
2013-05-08,8188,8302,8186,8268,129565,r
2013-05-09,8301,8330,8290,8313,81949,r
2013-05-10,8294,8312,8280,8312,62268,r
2013-05-13,8311,8314,8229,8260,88675,g
2013-05-14,8280,8307,8244,8274,85254,g
2013-05-15,8299,8311,8260,8304,55254,r
2013-05-16,8325,8440,8320,8423,122222,r
2013-05-17,8405,8423,8386,8403,60435,g
2013-05-20,8398,8401,8341,8386,74691,g
2013-05-21,8380,8441,8357,8390,102285,r
2013-05-22,8435,8449,8392,8394,82660,g
2013-05-23,8337,8355,8210,8213,139842,g
2013-05-24,8238,8248,8146,8222,102374,g
2013-05-27,8184,8268,8184,8256,86472,r
2013-05-28,8268,8283,8245,8258,69151,g
2013-05-29,8257,8345,8246,8312,106193,r
2013-05-30,8304,8304,8204,8231,121274,g
2013-05-31,8277,8342,8226,8242,124961,g
2013-06-03,8100,8205,8092,8193,107007,r
2013-06-04,8223,8228,8150,8162,92079,g
2013-06-05,8130,8196,8124,8145,90539,r
2013-06-06,8098,8129,8061,8103,116724,r
2013-06-07,8081,8110,8049,8087,98982,r
2013-06-10,8142,8185,8128,8147,88137,r
2013-06-11,8135,8157,8107,8128,78711,g
2013-06-13,8050,8055,7931,7933,127341,g
2013-06-14,7983,7985,7905,7920,91396,g
2013-06-17,7923,7982,7920,7973,75022,r
2013-06-18,7971,8011,7937,7994,100978,r
2013-06-19,8005,8038,7987,8019,59155,r
2013-06-20,7795,7819,7739,7748,107485,g
2013-06-21,7600,7680,7589,7658,124151,r
2013-06-24,7628,7663,7602,7630,91483,r
2013-06-25,7613,7683,7580,7606,158841,g
2013-06-26,7650,7689,7609,7637,120898,g
2013-06-27,7735,7746,7700,7713,92488,g
2013-06-28,7755,7860,7729,7828,121256,r
2013-07-01,7818,7916,7811,7903,100943,r
2013-07-02,7905,7920,7880,7906,69568,r
2013-07-03,7884,7894,7806,7811,99163,g
2013-07-04,7839,7864,7802,7844,90295,r
2013-07-05,7885,7979,7871,7965,109063,r
2013-07-08,7955,7964,7820,7830,116411,g
2013-07-09,7830,7931,7823,7924,115953,r
2013-07-10,7938,8017,7921,7961,132933,r
2013-07-11,8107,8166,8061,8163,117168,r
2013-07-12,8164,8188,8138,8176,63644,r
2013-07-15,8141,8238,8135,8216,105221,r
2013-07-16,8230,8233,8193,8230,67601,r
2013-07-17,8209,8257,8202,8242,47321,r
2013-07-18,8158,8169,8088,8096,99606,g
2013-07-19,8059,8073,7953,7955,130613,g
2013-07-22,7974,8053,7970,8022,85659,r
2013-07-23,8068,8156,8060,8134,115674,r
2013-07-24,8142,8148,8100,8126,77530,g
2013-07-25,8100,8158,8056,8107,101636,r
2013-07-26,8109,8183,8088,8100,107114,g
2013-07-29,8082,8108,8017,8035,99495,g
2013-07-30,8060,8145,8057,8130,97468,r
2013-07-31,8120,8133,8046,8049,89076,g
2013-08-01,8049,8080,8000,8045,96228,g
2013-08-02,8098,8146,8048,8060,115148,g
2013-08-05,8072,8108,8022,8098,88440,r
2013-08-06,8059,8075,7972,7991,106559,g
2013-08-07,7912,7939,7845,7845,97820,g
2013-08-08,7875,7893,7844,7846,77335,g
2013-08-09,7848,7882,7802,7825,118458,g
2013-08-12,7848,7882,7820,7860,75538,r
2013-08-13,7894,7959,7887,7954,87661,r
2013-08-14,7959,7960,7888,7928,86110,g
2013-08-15,7843,7878,7805,7861,88728,r
2013-08-16,7809,7944,7800,7916,132207,r
2013-08-19,7878,7903,7855,7887,69927,r
2013-08-20,7850,7920,7800,7805,116299,g
2013-08-22,7700,7823,7695,7813,57707,r
2013-08-23,7760,7816,7753,7786,87834,r
2013-08-26,7818,7844,7787,7824,77393,r
2013-08-27,7802,7818,7747,7757,84173,g
2013-08-28,7699,7781,7678,7780,108461,r
2013-08-29,7798,7900,7788,7896,106629,r
2013-08-30,7898,7983,7880,7969,101012,r
2013-09-02,7964,8025,7956,8018,87620,r
2013-09-03,8038,8079,8025,8052,82967,r
2013-09-04,8028,8074,8005,8071,88331,r
2013-09-05,8091,8141,8071,8130,98206,r
2013-09-06,8129,8153,8120,8139,61209,r
2013-09-09,8150,8184,8095,8159,100537,r
2013-09-10,8189,8220,8136,8171,101660,g
2013-09-11,8199,8200,8131,8191,110169,g
2013-09-12,8187,8217,8164,8194,89961,r
2013-09-13,8198,8215,8146,8146,70223,g
2013-09-14,8178,8179,8148,8162,31953,g
2013-09-16,8214,8259,8197,8249,71945,r
2013-09-17,8217,8242,8209,8240,50590,r
2013-09-18,8255,8268,8223,8238,37762,g
2013-09-23,8185,8269,8180,8256,72564,r
2013-09-24,8251,8273,8221,8268,72397,r
2013-09-25,8250,8258,8222,8233,69045,g
2013-09-26,8220,8241,8156,8183,89062,g
2013-09-27,8190,8207,8176,8183,53119,g
2013-09-30,8114,8156,8083,8120,95166,r
2013-10-01,8153,8175,8138,8150,72212,g
2013-10-02,8185,8192,8157,8157,66335,g
2013-10-03,8172,8385,8171,8378,120484,r
2013-10-04,8357,8393,8345,8366,75700,r
2013-10-07,8367,8370,8296,8326,68014,g
2013-10-08,8302,8383,8291,8374,85239,r
2013-10-09,8324,8377,8319,8335,71751,r
2013-10-11,8439,8450,8355,8361,91198,g
2013-10-14,8345,8348,8273,8294,87768,g
2013-10-15,8359,8385,8338,8354,75972,g
2013-10-16,8372,8377,8340,8345,32263,g
2013-10-17,8380,8422,8356,8363,76808,g
2013-10-18,8382,8429,8373,8416,71041,r
2013-10-21,8441,8445,8393,8401,59778,g
2013-10-22,8377,8423,8352,8414,75642,r
2013-10-23,8436,8440,8340,8361,95784,g
2013-10-24,8348,8400,8326,8391,78159,r
2013-10-25,8353,8366,8291,8322,98615,g
2013-10-28,8320,8410,8320,8388,73915,r
2013-10-29,8362,8435,8359,8410,98248,r
2013-10-30,8424,8460,8405,8441,75143,r
2013-10-31,8422,8465,8408,8427,77228,r
2013-11-01,8457,8476,8372,8393,101503,g
2013-11-04,8360,8369,8313,8339,81392,g
2013-11-05,8326,8353,8255,8268,99261,g
2013-11-06,8281,8288,8231,8269,86246,g
2013-11-07,8266,8279,8224,8257,74113,g
2013-11-08,8230,8269,8211,8224,75972,g
2013-11-11,8230,8236,8179,8195,73976,g
2013-11-12,8225,8247,8172,8216,82404,g
2013-11-13,8186,8193,8101,8107,90196,g
2013-11-14,8143,8157,8085,8124,83958,g
2013-11-15,8177,8214,8148,8159,90397,g
2013-11-18,8194,8223,8178,8189,70919,g
2013-11-19,8224,8256,8208,8249,70169,r
2013-11-20,8230,8258,8216,8219,34401,g
2013-11-21,8166,8170,8062,8078,96482,g
2013-11-22,8078,8110,8076,8086,55679,r
2013-11-25,8145,8218,8142,8195,77375,r
2013-11-26,8166,8277,8154,8249,100167,r
2013-11-27,8236,8300,8232,8299,73668,r
2013-11-28,8350,8392,8338,8378,72984,r
2013-11-29,8375,8428,8372,8427,65749,r
2013-12-02,8431,8447,8391,8413,73148,g
2013-12-03,8392,8424,8378,8409,65324,r
2013-12-04,8375,8449,8372,8436,93322,r
2013-12-05,8423,8443,8352,8379,100159,g
2013-12-06,8377,8409,8354,8384,77395,r
2013-12-09,8455,8495,8445,8456,76937,r
2013-12-10,8431,8458,8427,8455,54712,r
2013-12-11,8458,8510,8422,8432,110321,g
2013-12-12,8390,8406,8358,8392,83595,r
2013-12-13,8359,8404,8352,8397,75012,r
2013-12-16,8375,8385,8325,8336,80755,g
2013-12-17,8383,8385,8358,8362,46477,g
2013-12-18,8380,8380,8338,8339,27180,g
2013-12-19,8392,8431,8371,8392,83672,r
2013-12-20,8391,8428,8382,8415,63169,r
2013-12-23,8449,8495,8445,8475,53452,r
2013-12-24,8480,8487,8462,8483,34314,r
2013-12-25,8500,8504,8488,8500,28096,r
2013-12-26,8510,8514,8483,8501,30113,g
2013-12-27,8496,8550,8490,8543,56398,r
2013-12-30,8549,8637,8546,8625,70121,r
2013-12-31,8650,8664,8622,8633,51315,g
2014-01-02,8644,8649,8585,8618,70151,g
2014-01-03,8595,8597,8530,8541,82637,g
2014-01-06,8539,8561,8503,8528,81122,g
2014-01-07,8528,8575,8525,8551,74913,r
2014-01-08,8556,8599,8550,8586,69127,r
2014-01-09,8565,8573,8514,8528,96227,g
2014-01-10,8523,8548,8516,8539,59413,r
2014-01-13,8598,8629,8566,8572,79219,g
2014-01-14,8530,8559,8514,8547,62124,r
2014-01-15,8570,8613,8563,8610,44844,r
2014-01-16,8650,8662,8610,8618,65343,g
2014-01-17,8610,8625,8577,8606,76145,g
2014-01-20,8585,8634,8571,8622,69809,r
2014-01-21,8642,8647,8611,8623,65353,g
2014-01-22,8595,8636,8585,8635,61472,r
2014-01-23,8646,8650,8587,8596,77605,g
2014-01-24,8570,8629,8551,8619,76220,r
2014-01-27,8510,8547,8445,8446,124063,g
2014-02-05,8302,8328,8196,8243,123001,g
2014-02-06,8278,8292,8247,8275,80013,g
2014-02-07,8327,8373,8315,8339,83795,r
2014-02-10,8375,8403,8353,8355,75283,g
2014-02-11,8354,8415,8346,8414,66454,r
2014-02-12,8447,8496,8437,8481,84020,r
2014-02-13,8495,8495,8443,8443,60120,g
2014-02-14,8496,8568,8488,8508,102305,r
2014-02-17,8547,8557,8514,8528,58773,g
2014-02-18,8530,8564,8506,8562,66387,r
2014-02-19,8535,8569,8535,8557,31601,r
2014-02-20,8530,8548,8483,8483,104000,g
2014-02-21,8555,8598,8555,8587,70837,r
2014-02-24,8591,8605,8534,8549,73629,g
2014-02-25,8603,8608,8565,8573,59955,g
2014-02-26,8565,8627,8553,8608,78862,r
2014-02-27,8609,8631,8602,8624,62425,r
2014-03-03,8559,8580,8510,8566,102107,r
2014-03-04,8560,8582,8539,8553,68819,g
2014-03-05,8640,8647,8610,8619,59787,g
2014-03-06,8623,8709,8619,8695,87918,r
2014-03-07,8730,8772,8676,8705,104264,g
2014-03-10,8673,8694,8654,8677,69748,r
2014-03-11,8690,8723,8678,8715,67134,r
2014-03-12,8666,8673,8645,8662,73213,g
2014-03-13,8702,8756,8694,8740,84371,r
2014-03-14,8673,8701,8671,8693,56713,r
2014-03-17,8703,8715,8655,8701,66509,g
2014-03-18,8745,8751,8712,8727,54199,g
2014-03-19,8734,8742,8684,8696,43292,g
2014-03-20,8638,8639,8561,8568,95003,g
2014-03-21,8586,8598,8558,8575,66243,g
2014-03-24,8550,8605,8523,8601,99698,r
2014-03-25,8589,8660,8576,8659,91751,r
2014-03-26,8708,8722,8682,8711,77848,r
2014-03-27,8705,8756,8695,8754,86276,r
2014-03-28,8754,8776,8729,8735,78811,g
2014-03-31,8779,8794,8734,8789,76764,r
2014-04-01,8780,8833,8773,8829,77002,r
2014-04-02,8850,8888,8841,8855,73502,r
2014-04-03,8858,8878,8845,8868,58092,r
2014-04-07,8811,8861,8803,8858,62541,r
2014-04-08,8853,8887,8837,8879,78376,r
2014-04-09,8886,8903,8878,8896,51577,r
2014-04-10,8929,8939,8866,8907,84995,g
2014-04-11,8850,8891,8840,8870,88734,r
2014-04-14,8870,8885,8853,8858,52859,g
2014-04-15,8861,8902,8859,8896,63115,r
2014-04-16,8910,8956,8887,8955,46063,r
2014-04-17,8884,8910,8872,8897,77226,r
2014-04-18,8961,8972,8916,8918,62187,g
2014-04-21,8917,8926,8903,8923,36791,r
2014-04-22,8925,8962,8917,8950,60114,r
2014-04-23,8970,8980,8910,8922,80285,g
2014-04-24,8928,8942,8915,8937,53752,r
2014-04-25,8925,8928,8743,8750,174243,g
2014-04-28,8698,8835,8690,8819,129554,r
2014-04-29,8828,8855,8809,8840,91161,r
2014-04-30,8850,8857,8750,8758,122688,g
2014-05-02,8768,8843,8761,8841,90593,r
2014-05-05,8864,8888,8802,8827,94035,g
2014-05-06,8849,8889,8813,8885,97820,r
2014-05-07,8845,8861,8809,8840,104287,g
2014-05-08,8860,8887,8836,8881,88640,r
2014-05-09,8888,8889,8833,8842,77006,g
2014-05-12,8842,8850,8790,8821,87167,g
2014-05-13,8855,8875,8821,8830,83004,g
2014-05-14,8855,8885,8830,8882,85355,r
2014-05-15,8868,8887,8857,8877,59421,r
2014-05-16,8842,8883,8816,8876,86081,r
2014-05-19,8876,8901,8869,8888,57326,r
2014-05-20,8902,8926,8890,8897,65116,g
2014-05-21,8892,8909,8850,8859,49092,g
2014-05-22,8873,8960,8866,8959,100530,r
2014-05-23,8971,9014,8966,9013,75164,r
2014-05-26,9020,9049,9009,9041,51864,r
2014-05-27,9047,9058,9025,9056,51402,r
2014-05-28,9062,9144,9055,9136,93798,r
2014-05-29,9132,9149,9111,9116,69170,g
2014-05-30,9121,9130,9086,9091,76070,g
2014-06-03,9112,9133,9061,9104,83095,g
2014-06-04,9118,9124,9097,9102,53807,g
2014-06-05,9117,9118,9074,9118,67489,r
2014-06-06,9138,9158,9120,9125,59583,g
2014-06-09,9140,9155,9129,9146,45246,r
2014-06-10,9159,9202,9155,9185,72022,r
2014-06-11,9194,9212,9183,9211,42940,r
2014-06-12,9195,9215,9181,9204,45699,r
2014-06-13,9170,9199,9156,9198,66551,r
2014-06-16,9180,9214,9175,9200,43331,r
2014-06-17,9207,9248,9203,9241,57736,r
2014-06-18,9241,9307,9208,9302,61604,r
2014-06-19,9187,9237,9181,9225,74424,r
2014-06-20,9227,9230,9178,9180,74535,g
2014-06-23,9179,9206,9151,9166,82507,g
2014-06-24,9174,9198,9165,9172,65720,g
2014-06-25,9146,9170,9137,9157,63330,r
2014-06-26,9181,9237,9176,9233,75377,r
2014-06-27,9231,9244,9205,9207,58210,g
2014-06-30,9220,9307,9218,9290,77484,r
2014-07-01,9299,9401,9289,9384,100420,r
2014-07-02,9404,9488,9310,9402,176691,g
2014-07-03,9396,9463,9367,9455,110821,r
2014-07-04,9488,9494,9411,9453,105170,g
2014-07-07,9452,9453,9398,9451,85594,g
2014-07-08,9452,9492,9440,9477,82281,r
2014-07-09,9450,9477,9436,9465,75546,r
2014-07-10,9466,9556,9462,9553,98957,r
2014-07-11,9540,9566,9450,9487,152616,g
2014-07-14,9479,9529,9478,9525,71261,r
2014-07-15,9575,9581,9534,9561,83142,g
2014-07-16,9547,9564,9475,9483,65338,g
2014-07-17,9392,9402,9326,9356,122930,g
2014-07-18,9285,9372,9281,9339,107709,r
2014-07-21,9380,9406,9356,9364,78858,g
2014-07-22,9384,9434,9352,9433,99711,r
2014-07-24,9456,9470,9432,9469,86158,r
2014-07-25,9460,9465,9357,9390,118101,g
2014-07-28,9370,9422,9342,9387,113611,r
2014-07-29,9425,9446,9343,9361,127947,g
2014-07-30,9367,9429,9366,9416,98570,r
2014-07-31,9433,9438,9265,9290,132241,g
2014-08-01,9236,9264,9209,9253,104131,r
2014-08-04,9260,9297,9233,9286,81817,r
2014-08-05,9249,9256,9083,9095,149247,g
2014-08-06,9079,9129,9059,9098,121585,r
2014-08-07,9111,9134,9065,9092,83919,g
2014-08-08,9052,9093,8991,9090,123171,r
2014-08-11,9132,9162,9110,9141,79141,r
2014-08-12,9152,9158,9103,9121,87010,g
2014-08-13,9132,9204,9120,9199,94125,r
2014-08-14,9228,9253,9203,9218,83861,g
2014-08-15,9210,9218,9154,9203,85973,g
2014-08-18,9212,9223,9126,9141,91929,g
2014-08-19,9161,9249,9161,9239,84723,r
2014-08-20,9253,9285,9244,9275,57505,r
2014-08-21,9260,9266,9200,9231,102950,g
2014-08-22,9249,9388,9247,9378,116126,r
2014-08-25,9386,9399,9365,9391,61705,r
2014-08-26,9386,9408,9375,9390,57456,r
2014-08-27,9421,9498,9420,9477,96260,r
2014-08-28,9492,9500,9469,9479,60637,g
2014-08-29,9456,9485,9432,9473,77398,r
2014-09-01,9473,9550,9470,9528,68747,r
2014-09-02,9512,9514,9388,9410,123617,g
2014-09-03,9415,9482,9399,9451,101258,r
2014-09-04,9447,9448,9380,9425,96615,g
2014-09-05,9444,9463,9370,9407,104724,g
2014-09-09,9426,9530,9425,9428,77968,r
2014-09-10,9380,9402,9310,9347,106138,g
2014-09-11,9376,9385,9300,9302,74594,g
2014-09-12,9325,9328,9229,9245,118037,g
2014-09-15,9206,9244,9172,9218,95481,r
2014-09-16,9219,9233,9141,9154,90757,g
2014-09-17,9195,9248,9148,9172,70568,g
2014-09-18,9234,9265,9213,9243,90067,r
2014-09-19,9281,9304,9240,9265,100968,g
2014-09-22,9202,9205,9100,9128,120786,g
2014-09-23,9106,9152,9102,9117,87100,r
2014-09-24,9095,9142,9081,9127,87004,r
2014-09-25,9158,9168,8995,9028,138405,g
2014-09-26,8958,9022,8937,8980,115626,r
2014-09-29,8991,9008,8943,8982,101186,g
2014-09-30,8961,9021,8871,8991,149426,r
2014-10-01,8943,9015,8911,8980,114094,r
2014-10-02,8920,9020,8905,8993,126664,r
2014-10-03,9004,9107,8994,9101,124310,r
2014-10-06,9098,9110,9056,9084,94911,g
2014-10-07,9034,9048,8976,9017,126057,g
2014-10-08,8986,9029,8928,8933,102153,g
2014-10-09,8997,9039,8948,8981,134324,g
2014-10-13,8798,8818,8712,8712,137632,g
2014-10-14,8730,8759,8702,8745,94696,r
2014-10-15,8743,8763,8641,8646,80194,g
2014-10-16,8583,8683,8506,8632,177417,r
2014-10-17,8658,8673,8497,8500,174574,g
2014-10-20,8599,8681,8588,8661,121778,r
2014-10-21,8655,8663,8616,8636,90401,g
2014-10-22,8748,8764,8714,8744,96619,g
2014-10-23,8732,8740,8702,8721,79069,g
2014-10-24,8742,8746,8609,8642,133038,g
2014-10-27,8675,8686,8592,8642,108085,g
2014-10-28,8666,8805,8663,8793,126944,r
2014-10-29,8833,8905,8818,8879,106399,r
2014-10-30,8878,8889,8838,8881,95556,r
2014-10-31,8887,8978,8867,8978,137610,r
2014-11-03,8978,9027,8942,8982,117315,r
2014-11-04,8984,9055,8968,8992,140218,r
2014-11-05,9030,9039,8960,8984,110938,g
2014-11-06,8976,9005,8890,8902,128980,g
2014-11-07,8924,8943,8862,8939,117602,r
2014-11-10,8965,9092,8952,9074,120798,r
2014-11-11,9088,9105,9048,9063,90963,g
2014-11-12,9028,9034,8901,8905,141417,g
2014-11-13,8920,8978,8903,8959,112770,r
2014-11-14,8980,8996,8933,8962,106012,g
2014-11-17,8959,9043,8872,8900,146431,g
2014-11-18,8951,8958,8839,8872,114650,g
2014-11-19,8905,8985,8877,8953,71861,r
2014-11-20,9031,9104,9012,9093,111180,r
2014-11-21,9119,9125,9081,9103,83362,g
2014-11-24,9135,9170,9109,9130,77922,g
2014-11-25,9116,9150,9069,9107,101176,g
2014-11-26,9126,9143,9102,9123,73150,g
2014-11-27,9136,9235,9136,9176,109669,r
2014-11-28,9202,9208,9174,9181,57814,g
2014-12-01,9036,9182,8991,9119,157933,r
2014-12-02,9092,9098,9001,9031,145670,g
2014-12-03,9051,9215,9035,9211,148832,r
2014-12-04,9213,9266,9201,9220,97474,r
2014-12-05,9203,9231,9182,9216,87073,r
2014-12-08,9264,9265,9168,9185,105120,g
2014-12-09,9142,9174,9121,9132,92475,g
2014-12-10,9092,9136,9003,9046,164984,g
2014-12-11,8976,9048,8958,9010,115872,r
2014-12-12,9023,9069,9003,9006,94785,g
2014-12-15,8958,9038,8925,9036,113220,r
2014-12-16,8971,9041,8963,8981,111850,r
2014-12-17,8970,8985,8834,8844,79401,g
2014-12-18,8902,8927,8857,8857,101959,g
2014-12-19,8962,9040,8958,9019,148551,r
2014-12-22,9031,9100,9023,9096,102111,r
2014-12-23,9134,9140,9097,9115,69671,g
2014-12-24,9120,9183,9103,9176,93120,r
2014-12-25,9171,9195,9162,9183,44945,r
2014-12-26,9178,9230,9173,9226,73031,r
2014-12-27,9235,9257,9226,9256,27685,r
2014-12-29,9245,9336,9241,9314,98236,r
2014-12-30,9320,9343,9268,9286,92779,g
2014-12-31,9286,9303,9252,9283,75106,g
2015-01-05,9238,9276,9155,9252,120076,r
2015-01-06,9144,9153,9017,9058,148062,g
2015-01-07,9042,9092,9033,9045,93258,r
2015-01-08,9116,9259,9115,9257,131355,r
2015-01-09,9328,9335,9217,9230,117477,g
2015-01-12,9190,9238,9157,9185,97458,g
2015-01-13,9194,9275,9159,9249,127542,r
2015-01-14,9235,9247,9151,9171,122578,g
2015-01-15,9187,9230,9130,9195,115967,r
2015-01-16,9175,9229,9082,9115,154964,g
2015-01-19,9211,9260,9142,9181,123015,g
2015-01-20,9220,9269,9183,9268,115615,r
2015-01-21,9282,9316,9274,9308,60583,r
2015-01-22,9360,9404,9342,9388,108168,r
2015-01-23,9455,9488,9443,9461,92783,r
2015-01-26,9448,9478,9433,9466,68253,r
2015-01-27,9522,9539,9480,9523,90373,r
2015-01-28,9478,9534,9474,9526,74997,r
2015-01-29,9497,9502,9426,9428,116260,g
2015-01-30,9460,9472,9385,9400,97159,g
2015-02-02,9389,9433,9370,9419,85428,r
2015-02-03,9434,9485,9407,9464,95028,r
2015-02-04,9526,9556,9512,9521,86629,g
2015-02-05,9521,9521,9470,9514,78822,g
2015-02-06,9536,9543,9459,9469,95693,g
2015-02-09,9439,9466,9416,9450,77597,r
2015-02-10,9468,9473,9419,9432,85808,g
2015-02-11,9462,9509,9457,9480,84803,r
2015-02-12,9499,9500,9461,9480,61242,g
2015-02-13,9510,9548,9505,9514,73251,r
2015-02-24,9582,9640,9582,9622,42395,r
2015-02-25,9694,9696,9660,9684,66861,g
2015-02-26,9691,9692,9633,9649,72413,g
2015-03-02,9658,9683,9615,9631,76867,g
2015-03-03,9645,9658,9580,9614,87723,g
2015-03-04,9580,9638,9571,9622,73959,r
2015-03-05,9622,9632,9551,9589,94325,g
2015-03-06,9591,9644,9566,9638,87433,r
2015-03-09,9580,9595,9547,9576,89279,g
2015-03-10,9574,9585,9514,9528,103703,g
2015-03-11,9466,9544,9450,9519,103136,r
2015-03-12,9529,9609,9508,9607,101129,r
2015-03-13,9616,9634,9584,9598,76112,g
2015-03-16,9585,9594,9535,9546,85095,g
2015-03-17,9580,9644,9547,9554,115525,g
2015-03-18,9558,9649,9558,9633,65794,r
2015-03-19,9734,9769,9708,9766,100001,r
2015-03-20,9742,9770,9733,9757,66849,r
2015-03-23,9761,9769,9726,9749,75796,g
2015-03-24,9728,9755,9696,9721,89676,g
2015-03-25,9721,9731,9673,9689,95097,g
2015-03-26,9580,9635,9567,9609,110195,r
2015-03-27,9609,9628,9525,9541,126205,g
2015-03-30,9511,9562,9511,9552,83422,r
2015-03-31,9600,9610,9545,9582,98603,g
2015-04-01,9540,9552,9487,9507,111360,g
2015-04-02,9538,9630,9535,9613,113956,r
2015-04-07,9653,9660,9612,9629,72531,g
2015-04-08,9633,9635,9558,9570,93023,g
2015-04-09,9579,9676,9564,9572,149373,g
2015-04-10,9628,9665,9592,9631,117052,r
2015-04-13,9673,9683,9633,9658,76778,g
2015-04-14,9641,9672,9626,9645,72882,r
2015-04-15,9626,9654,9507,9519,81527,g
2015-04-16,9561,9649,9548,9647,125644,r
2015-04-17,9619,9629,9569,9584,105768,g
2015-04-20,9530,9583,9506,9561,124838,r
2015-04-21,9585,9613,9535,9556,109031,g
2015-04-22,9561,9636,9561,9613,140111,r
2015-04-23,9656,9854,9652,9838,186198,r
2015-04-24,9880,10000,9860,9920,205630,r
2015-04-27,9958,10031,9945,10019,147717,r
2015-04-28,10022,10033,9963,9990,104894,g
2015-04-29,9978,10022,9882,9909,173912,g
2015-04-30,9902,9930,9858,9874,130831,g
2015-05-04,9897,9911,9824,9886,112663,g
2015-05-05,9866,9878,9814,9849,101312,g
2015-05-06,9802,9865,9763,9847,115976,r
2015-05-07,9786,9808,9745,9753,127793,g
2015-05-08,9769,9783,9713,9721,92246,g
2015-05-11,9800,9814,9657,9723,153477,g
2015-05-12,9707,9748,9673,9706,108319,g
2015-05-13,9712,9776,9697,9739,112670,r
2015-05-14,9737,9741,9599,9604,138134,g
2015-05-15,9635,9642,9541,9575,124138,g
2015-05-18,9612,9614,9552,9598,83422,g
2015-05-19,9616,9723,9602,9702,112436,r
2015-05-20,9704,9725,9657,9668,70777,g
2015-05-21,9645,9648,9512,9541,128047,g
2015-05-22,9562,9649,9546,9625,110336,r
2015-05-25,9603,9640,9550,9630,93841,r
2015-05-26,9613,9725,9606,9659,113816,r
2015-05-27,9607,9698,9601,9661,109440,r
2015-05-28,9711,9750,9683,9731,112991,r
2015-05-29,9741,9765,9688,9703,105432,g
2015-06-01,9668,9713,9601,9630,117452,g
2015-06-02,9586,9639,9565,9607,103278,r
2015-06-03,9640,9648,9535,9547,124097,g
2015-06-04,9531,9553,9301,9310,201882,g
2015-06-05,9324,9347,9269,9308,124737,g
2015-06-08,9312,9404,9235,9348,134121,r
2015-06-09,9303,9346,9201,9237,142566,g
2015-06-10,9256,9328,9252,9284,122088,r
2015-06-11,9328,9333,9224,9288,119063,g
2015-06-12,9272,9314,9230,9267,100723,g
2015-06-15,9272,9318,9220,9244,102773,g
2015-06-16,9244,9258,9164,9215,107392,g
2015-06-17,9215,9237,9177,9182,60525,g
2015-06-18,9044,9078,9011,9049,101582,r
2015-06-22,9108,9203,9105,9182,102653,r
2015-06-23,9221,9268,9208,9231,105928,r
2015-06-24,9215,9248,9193,9247,80166,r
2015-06-25,9268,9370,9263,9340,133314,r
2015-06-26,9348,9348,9300,9321,71962,g
2015-06-29,9195,9222,9109,9138,128435,g
2015-06-30,9146,9217,9124,9212,103538,r
2015-07-01,9185,9319,9184,9294,124372,r
2015-07-02,9300,9325,9260,9277,91336,g
2015-07-03,9258,9305,9171,9304,132954,r
2015-07-06,9235,9297,9182,9197,124847,g
2015-07-07,9260,9303,9210,9242,131364,g
2015-07-08,9205,9210,8912,8943,208064,g
2015-07-09,8801,8939,8724,8873,191228,r
2015-07-13,8935,9005,8902,8994,143663,r
2015-07-14,9040,9084,8982,8984,119595,g
2015-07-15,9040,9078,8989,9030,86214,g
2015-07-16,8935,8983,8900,8918,132934,g
2015-07-17,8906,8935,8871,8912,112014,r
2015-07-20,8970,9027,8804,8851,154969,g
2015-07-21,8887,8940,8815,8936,130043,r
2015-07-22,8882,8883,8795,8815,141659,g
2015-07-23,8778,8822,8670,8755,172946,g
2015-07-24,8720,8740,8653,8684,118845,g
2015-07-27,8637,8670,8493,8522,166607,g
2015-07-28,8500,8591,8480,8541,144711,r
2015-07-29,8533,8548,8440,8484,163353,g
2015-07-30,8520,8632,8509,8610,145791,r
2015-07-31,8593,8606,8508,8570,134673,g
2015-08-03,8546,8548,8400,8452,136292,g
2015-08-04,8487,8552,8416,8465,167463,g
2015-08-05,8504,8547,8448,8523,145087,r
2015-08-06,8541,8579,8366,8390,179691,g
2015-08-07,8360,8423,8312,8389,148812,r
2015-08-10,8405,8461,8345,8445,143227,r
2015-08-11,8505,8556,8358,8360,185037,g
2015-08-12,8365,8390,8243,8299,183071,g
2015-08-13,8348,8363,8275,8306,150738,g
2015-08-14,8262,8334,8262,8325,109685,r
2015-08-17,8321,8330,8223,8238,117000,g
2015-08-18,8241,8276,8161,8171,121489,g
2015-08-19,8178,8179,7993,8002,100462,g
2015-08-20,7949,8040,7898,7976,187311,r
2015-08-21,7858,7887,7740,7746,173817,g
2015-08-24,7609,7676,7010,7340,363562,g
2015-08-25,7400,7606,7318,7577,232826,r
2015-08-26,7525,7678,7432,7607,238126,r
2015-08-27,7656,7729,7631,7680,169278,r
2015-08-28,7812,7902,7791,7876,166637,r
2015-08-31,7831,8034,7802,7969,142837,r
2015-09-01,7901,7964,7802,7834,173633,g
2015-09-02,7768,7997,7761,7945,195810,r
2015-09-03,7961,8003,7874,7977,150828,r
2015-09-04,7931,8039,7872,7890,175381,g
2015-09-07,7850,8008,7843,7932,168779,r
2015-09-08,7930,7979,7880,7976,136319,r
2015-09-09,8114,8340,8104,8332,193366,r
2015-09-10,8226,8292,8192,8262,144895,r
2015-09-11,8221,8295,8202,8263,118168,r
2015-09-14,8319,8340,8210,8273,140360,g
2015-09-15,8300,8333,8230,8237,122459,g
2015-09-16,8310,8358,8270,8318,79794,r
2015-09-17,8368,8478,8364,8437,140782,r
2015-09-18,8418,8459,8383,8437,122404,r
2015-09-21,8328,8335,8233,8270,126245,g
2015-09-22,8295,8340,8276,8330,99062,r
2015-09-23,8234,8250,8135,8140,138462,g
2015-09-24,8188,8219,8047,8091,163864,g
2015-09-25,8142,8152,8033,8120,159607,g
2015-09-30,8015,8178,7983,8135,165105,r
2015-10-01,8174,8330,8116,8309,178676,r
2015-10-02,8283,8319,8254,8277,104822,g
2015-10-05,8358,8377,8275,8335,130706,g
2015-10-06,8431,8478,8365,8370,146882,g
2015-10-07,8377,8497,8357,8492,140020,r
2015-10-08,8534,8544,8422,8441,142238,g
2015-10-12,8494,8580,8464,8552,125313,r
2015-10-13,8554,8575,8511,8553,99950,g
2015-10-14,8521,8554,8492,8519,107138,g
2015-10-15,8565,8668,8565,8608,137779,r
2015-10-16,8588,8627,8571,8607,96409,r
2015-10-19,8627,8670,8588,8624,107263,g
2015-10-20,8644,8663,8629,8659,72202,r
2015-10-21,8690,8704,8593,8617,70576,g
2015-10-22,8588,8633,8566,8595,97257,r
2015-10-23,8742,8752,8669,8692,108850,g
2015-10-26,8730,8765,8716,8736,79541,r
2015-10-27,8722,8728,8655,8691,98907,g
2015-10-28,8685,8710,8613,8638,115382,g
2015-10-29,8681,8685,8545,8550,141975,g
2015-10-30,8560,8600,8484,8568,155384,r
2015-11-02,8535,8598,8502,8583,114681,r
2015-11-03,8665,8740,8645,8721,122431,r
2015-11-04,8765,8900,8751,8882,160030,r
2015-11-05,8879,8899,8832,8870,95477,g
2015-11-06,8850,8858,8650,8689,185122,g
2015-11-09,8677,8748,8597,8631,165446,g
2015-11-10,8581,8592,8512,8532,130983,g
2015-11-11,8507,8549,8372,8380,179058,g
2015-11-12,8404,8461,8354,8461,146750,r
2015-11-13,8380,8472,8318,8356,175184,g
2015-11-16,8245,8307,8212,8290,130823,r
2015-11-17,8370,8490,8369,8440,142792,r
2015-11-18,8440,8450,8326,8336,80323,g
2015-11-19,8371,8460,8323,8447,154627,r
2015-11-20,8430,8475,8396,8444,114269,r
2015-11-23,8488,8511,8407,8478,124794,g
2015-11-24,8461,8494,8362,8402,159270,g
2015-11-25,8412,8418,8320,8388,137731,g
2015-11-26,8412,8525,8410,8502,134104,r
2015-11-27,8520,8534,8377,8393,137651,g
2015-11-30,8311,8345,8202,8300,167068,g
2015-12-01,8360,8463,8317,8456,158136,r
2015-12-02,8433,8510,8415,8452,146607,r
2015-12-03,8388,8490,8363,8476,147592,r
2015-12-04,8361,8410,8326,8397,142109,r
2015-12-07,8495,8550,8455,8468,139878,g
2015-12-08,8438,8451,8318,8334,147353,g
2015-12-09,8311,8328,8212,8221,155215,g
2015-12-10,8182,8208,8101,8188,171965,r
2015-12-11,8200,8220,8068,8071,163093,g
2015-12-14,7976,8065,7949,8058,133633,r
2015-12-15,8077,8137,8048,8066,124953,g
2015-12-16,8180,8209,8112,8198,86012,r
2015-12-17,8202,8303,8176,8281,144407,r
2015-12-18,8248,8319,8206,8231,145198,g
2015-12-21,8173,8283,8133,8280,137907,r
2015-12-22,8257,8297,8220,8277,125778,r
2015-12-23,8301,8347,8267,8290,134869,g
2015-12-24,8346,8388,8293,8317,114327,g
2015-12-25,8335,8378,8306,8376,69636,r
2015-12-28,8370,8394,8349,8356,74223,g
2015-12-29,8321,8347,8263,8287,110562,g
2015-12-30,8313,8329,8226,8260,115881,g
2015-12-31,8240,8300,8234,8272,103762,r
2016-01-04,8262,8294,8036,8075,190262,g
2016-01-05,8099,8130,8011,8025,161606,g
2016-01-06,8038,8048,7901,7971,199886,g
2016-01-07,7956,7971,7731,7799,246258,g
2016-01-08,7755,7884,7734,7868,182168,r
2016-01-11,7730,7793,7672,7740,184523,r
2016-01-12,7800,7808,7680,7709,175662,g
2016-01-13,7784,7849,7736,7806,187843,r
2016-01-14,7647,7724,7607,7716,170152,r
2016-01-15,7801,7809,7636,7665,179699,g
2016-01-18,7513,7828,7503,7814,231579,r
2016-01-19,7786,7868,7750,7867,156231,r
2016-01-20,7797,7804,7673,7705,113556,g
2016-01-21,7659,7706,7601,7613,202190,g
2016-01-22,7730,7752,7641,7748,183023,r
2016-01-25,7768,7881,7766,7833,145890,r
2016-01-26,7784,7810,7745,7779,144904,g
2016-01-27,7850,7859,7778,7839,145512,g
2016-01-28,7800,7903,7793,7855,153025,r
2016-01-29,7841,8073,7820,8053,235889,r
2016-01-30,8103,8167,8091,8163,68009,r
2016-02-01,8131,8150,8067,8124,151392,g
2016-02-02,8079,8149,8061,8105,132200,r
2016-02-03,8026,8085,7993,8034,156036,r
2016-02-15,7920,8068,7907,8049,120522,r
2016-02-16,8080,8232,8077,8205,143450,r
2016-02-17,8232,8251,8193,8212,69475,g
2016-02-18,8290,8332,8233,8284,122450,g
2016-02-19,8278,8318,8253,8304,93468,r
2016-02-22,8289,8404,8261,8302,140543,r
2016-02-23,8321,8331,8271,8318,108656,g
2016-02-24,8300,8382,8216,8248,162262,g
2016-02-25,8287,8375,8271,8337,146640,r
2016-02-26,8390,8416,8311,8391,138541,r
2016-03-01,8372,8484,8360,8448,135666,r
2016-03-02,8540,8575,8500,8517,130474,g
2016-03-03,8530,8606,8517,8566,133431,r
2016-03-04,8570,8618,8548,8602,124623,r
2016-03-07,8605,8685,8573,8605,127041,r
2016-03-08,8611,8620,8525,8614,135865,r
2016-03-09,8613,8632,8555,8620,116227,r
2016-03-10,8629,8676,8601,8641,117212,r
2016-03-11,8618,8707,8608,8707,127858,r
2016-03-14,8727,8778,8725,8741,100378,r
2016-03-15,8739,8750,8578,8603,154495,g
2016-03-16,8636,8705,8633,8691,62237,r
2016-03-17,8754,8819,8681,8698,165225,g
2016-03-18,8725,8779,8703,8763,124934,r
2016-03-21,8798,8810,8690,8745,118223,g
2016-03-22,8775,8776,8660,8752,145490,g
2016-03-23,8761,8787,8698,8721,137212,g
2016-03-24,8685,8751,8627,8714,151738,r
2016-03-25,8727,8759,8671,8702,106283,g
2016-03-28,8720,8733,8653,8683,108155,g
2016-03-29,8682,8697,8564,8600,157820,g
2016-03-30,8645,8747,8626,8740,148134,r
2016-03-31,8784,8815,8691,8715,166140,g
2016-04-01,8670,8694,8598,8629,156394,g
2016-04-06,8591,8599,8453,8460,155833,g
2016-04-07,8470,8493,8381,8438,152642,g
2016-04-08,8388,8500,8375,8484,141301,r
2016-04-11,8456,8530,8415,8514,130869,r
2016-04-12,8541,8584,8468,8495,147988,g
2016-04-13,8542,8644,8529,8638,145371,r
2016-04-14,8705,8724,8645,8661,118608,g
2016-04-15,8620,8719,8591,8716,133496,r
2016-04-18,8651,8684,8630,8645,96469,g
2016-04-19,8700,8748,8598,8636,143224,g
2016-04-20,8657,8684,8498,8520,103218,g
2016-04-21,8513,8535,8455,8530,121696,r
2016-04-22,8513,8560,8461,8498,150020,g
2016-04-25,8519,8540,8477,8527,98712,r
2016-04-26,8533,8619,8523,8573,135698,r
2016-04-27,8560,8590,8506,8557,116750,g
2016-04-28,8586,8599,8408,8417,189667,g
2016-04-29,8375,8400,8303,8309,132153,g
2016-05-03,8319,8330,8220,8259,122779,g
2016-05-04,8238,8257,8105,8177,176451,g
2016-05-05,8160,8181,8095,8142,137814,g
2016-05-06,8118,8140,8061,8102,132548,g
2016-05-09,8141,8160,8065,8114,122234,g
2016-05-10,8116,8180,8057,8153,150035,r
2016-05-11,8177,8192,8081,8125,151239,g
2016-05-12,8096,8155,8066,8084,135181,g
2016-05-13,8067,8075,7953,8019,165516,g
2016-05-16,8021,8085,7988,8062,119350,r
2016-05-17,8076,8152,8020,8150,149411,r
2016-05-18,8093,8153,8056,8148,72947,r
2016-05-19,8118,8130,8006,8034,142349,g
2016-05-20,8035,8125,8023,8104,160825,r
2016-05-23,8121,8355,8051,8346,210387,r
2016-05-24,8329,8345,8276,8283,100821,g
2016-05-25,8341,8412,8332,8385,130097,r
2016-05-26,8401,8408,8352,8385,88319,g
2016-05-27,8416,8468,8390,8462,106930,r
2016-05-30,8481,8533,8433,8508,118527,r
2016-05-31,8499,8545,8455,8515,126306,r
2016-06-01,8490,8590,8486,8563,127252,r
2016-06-02,8568,8610,8518,8552,130904,g
2016-06-03,8561,8585,8537,8566,89684,r
2016-06-04,8566,8590,8560,8576,29904,r
2016-06-06,8575,8655,8507,8575,131138,r
2016-06-07,8614,8684,8606,8666,123660,r
2016-06-08,8673,8742,8671,8718,128016,r
2016-06-13,8635,8636,8502,8525,143210,g
2016-06-14,8495,8578,8483,8575,100005,r
2016-06-15,8552,8607,8508,8601,83307,r
2016-06-16,8410,8410,8247,8283,161463,g
2016-06-17,8348,8431,8345,8395,135050,r
2016-06-20,8503,8520,8428,8469,116526,g
2016-06-21,8459,8525,8435,8510,106418,r
2016-06-22,8510,8530,8460,8509,112917,g
2016-06-23,8515,8526,8467,8510,80600,g
2016-06-24,8500,8553,8140,8237,350442,g
2016-06-27,8250,8339,8239,8325,123041,r
2016-06-28,8274,8387,8260,8376,128660,r
2016-06-29,8392,8493,8391,8436,136847,r
2016-06-30,8492,8542,8440,8518,149852,r
2016-07-01,8568,8638,8551,8626,125907,r
2016-07-04,8636,8679,8598,8630,116588,g
2016-07-05,8600,8635,8567,8609,98342,r
2016-07-06,8552,8559,8443,8468,165720,g
2016-07-07,8508,8571,8505,8562,98460,r
2016-07-11,8683,8748,8677,8736,119642,r
2016-07-12,8751,8795,8736,8777,104943,r
2016-07-13,8825,8837,8726,8793,146721,g
2016-07-14,8800,8841,8769,8813,110717,r
2016-07-15,8846,8925,8823,8911,129586,r
2016-07-18,8918,9001,8912,8998,104668,r
2016-07-19,9020,9035,8962,9033,112870,r
2016-07-20,9010,9042,8972,9003,92077,g
2016-07-21,8922,9009,8916,8984,118753,r
2016-07-22,8965,8984,8925,8925,108081,g
2016-07-25,8967,9027,8803,8891,175682,g
2016-07-26,8871,8970,8862,8965,121586,r
2016-07-27,9016,9049,8952,8976,149634,g
2016-07-28,8982,9027,8926,8981,124594,g
2016-07-29,9003,9014,8889,8893,153686,g
2016-08-01,8940,9043,8936,9041,121617,r
2016-08-02,9014,9035,8993,9015,84604,r
2016-08-03,8914,8972,8861,8933,140303,r
2016-08-04,8990,8992,8891,8971,124915,g
2016-08-05,8996,9074,8973,9063,127062,r
2016-08-08,9133,9148,9063,9116,111156,g
2016-08-09,9122,9145,9096,9118,93499,g
2016-08-10,9136,9167,9090,9145,122854,r
2016-08-11,9125,9159,8998,9085,158950,g
2016-08-12,9129,9149,9102,9130,102927,r
2016-08-15,9147,9161,9087,9125,104129,g
2016-08-16,9155,9156,9052,9088,136271,g
2016-08-17,9073,9123,9067,9121,64906,r
2016-08-18,9010,9059,8980,9042,102702,r
2016-08-19,9050,9109,8942,8946,180096,g
2016-08-22,8941,8949,8853,8892,140549,g
2016-08-23,8921,8988,8912,8984,110636,r
2016-08-24,9002,9023,8948,8956,100119,g
2016-08-25,8942,9073,8939,9072,131834,r
2016-08-26,9055,9090,9036,9080,86716,r
2016-08-29,9045,9075,8948,9042,148062,g
2016-08-30,9075,9085,9021,9036,106262,g
2016-08-31,9018,9060,8959,8976,144216,g
2016-09-01,8971,8980,8883,8941,150601,g
2016-09-02,8948,8973,8904,8931,110019,g
2016-09-05,9000,9067,8997,9062,104503,r
2016-09-06,9073,9160,9062,9150,103096,r
2016-09-07,9156,9262,9150,9253,120930,r
2016-09-08,9251,9253,9215,9239,74367,g
2016-09-09,9182,9184,9113,9127,128727,g
2016-09-10,8930,9001,8923,8953,75543,r
2016-09-12,8990,8994,8898,8899,134696,g
2016-09-13,8974,8979,8816,8906,168572,g
2016-09-14,8866,8942,8854,8874,122462,r
2016-09-19,8949,9158,8947,9151,134041,r
2016-09-20,9142,9164,9113,9141,81619,g
2016-09-21,9129,9224,9115,9221,71871,r
2016-09-22,9221,9262,9154,9188,123238,g
2016-09-23,9234,9248,9189,9236,95254,r
2016-09-26,9222,9226,9148,9154,95518,g
2016-09-29,9226,9297,9206,9253,134652,r
2016-09-30,9183,9206,9127,9128,131336,g
2016-10-03,9205,9230,9161,9194,100366,g
2016-10-04,9202,9259,9187,9247,95212,r
2016-10-05,9210,9266,9201,9240,80944,r
2016-10-06,9281,9283,9207,9256,100965,g
2016-10-07,9250,9269,9236,9253,65160,r
2016-10-11,9300,9343,9143,9191,172590,g
2016-10-12,9180,9274,9164,9260,109439,r
2016-10-13,9268,9282,9179,9203,132662,g
2016-10-14,9207,9224,9147,9169,124559,g
2016-10-17,9178,9193,9060,9166,172336,g
2016-10-18,9183,9218,9154,9212,111607,r
2016-10-19,9223,9300,9219,9280,83146,r
2016-10-20,9269,9295,9235,9278,101403,r
2016-10-21,9259,9322,9241,9264,118701,r
2016-10-24,9294,9325,9269,9309,96959,r
2016-10-25,9328,9394,9308,9374,112198,r
2016-10-26,9340,9363,9323,9336,89104,g
2016-10-27,9324,9348,9260,9287,127287,g
2016-10-28,9286,9313,9261,9280,95571,g
2016-10-31,9263,9300,9174,9283,146451,r
2016-11-01,9259,9292,9226,9280,101254,r
2016-11-02,9199,9225,9144,9160,150617,g
2016-11-03,9131,9160,9078,9088,133635,g
2016-11-04,9058,9094,9047,9064,96995,r
2016-11-07,9131,9200,9115,9196,104824,r
2016-11-08,9216,9230,9162,9225,113316,r
2016-11-09,9223,9307,8891,8929,383062,g
2016-11-10,9140,9192,9134,9177,128206,r
2016-11-11,9048,9057,8949,8967,169424,g
2016-11-14,8957,8988,8877,8945,154181,g
2016-11-15,8900,8975,8896,8938,126244,r
2016-11-16,8990,9034,8979,8983,81780,g
2016-11-17,8942,8965,8906,8962,126032,r
2016-11-18,8979,9006,8926,8987,131657,r
2016-11-21,8980,9026,8971,9017,85118,r
2016-11-22,9050,9164,9041,9140,131975,r
2016-11-23,9150,9192,9142,9175,97004,r
2016-11-24,9156,9165,9117,9142,100718,g
2016-11-25,9142,9192,9133,9162,98418,r
2016-11-28,9157,9248,9150,9223,116117,r
2016-11-29,9222,9238,9196,9203,102736,g
2016-11-30,9211,9245,9177,9226,121118,r
2016-12-01,9229,9279,9218,9261,107725,r
2016-12-02,9199,9200,9148,9165,118365,g
2016-12-05,9159,9183,9117,9157,106235,g
2016-12-06,9232,9285,9230,9262,100111,r
2016-12-07,9300,9305,9248,9263,90572,g
2016-12-08,9360,9370,9315,9367,107677,r
2016-12-09,9377,9399,9365,9390,73647,r
2016-12-12,9420,9440,9350,9355,122898,g
2016-12-13,9340,9381,9338,9378,67226,r
2016-12-14,9409,9413,9353,9370,84134,g
2016-12-15,9330,9374,9305,9368,122887,r
2016-12-16,9367,9370,9309,9312,94338,g
2016-12-19,9290,9317,9242,9246,97966,g
2016-12-20,9261,9266,9209,9260,94397,g
2016-12-21,9261,9269,9225,9232,57418,g
2016-12-22,9211,9222,9123,9130,116186,g
2016-12-23,9115,9147,9088,9090,108371,g
2016-12-26,9107,9131,9089,9123,69826,r
2016-12-27,9123,9130,9106,9113,47613,g
2016-12-28,9110,9213,9105,9211,97142,r
2016-12-29,9188,9211,9168,9184,92394,g
2016-12-30,9215,9282,9215,9262,116363,r
2017-01-03,9266,9282,9231,9281,89236,r
2017-01-04,9281,9295,9261,9273,87205,g
2017-01-05,9270,9354,9266,9340,118916,r
2017-01-06,9353,9375,9338,9367,66823,r
2017-01-09,9379,9409,9325,9344,112414,g
2017-01-10,9332,9350,9320,9342,75316,r
2017-01-11,9395,9396,9333,9338,90570,g
2017-01-12,9353,9433,9350,9410,112809,r
2017-01-13,9388,9397,9361,9374,78877,g
2017-01-16,9360,9362,9274,9286,112062,g
2017-01-17,9282,9344,9280,9341,73933,r
2017-01-18,9336,9349,9314,9340,53006,r
2017-01-19,9337,9342,9254,9306,123119,g
2017-01-20,9283,9338,9278,9330,77047,r
2017-01-23,9319,9423,9318,9407,99677,r
2017-01-24,9423,9464,9405,9446,78507,r
2017-02-02,9500,9510,9373,9375,137809,g
2017-02-03,9418,9458,9408,9439,94742,r
2017-02-06,9477,9533,9441,9505,116683,r
2017-02-07,9499,9525,9482,9520,70124,r
2017-02-08,9513,9535,9463,9515,110459,r
2017-02-09,9518,9579,9505,9576,104088,r
2017-02-10,9600,9681,9586,9658,126945,r
2017-02-13,9670,9705,9661,9705,91609,r
2017-02-14,9729,9758,9695,9710,126818,g
2017-02-15,9726,9801,9722,9800,65323,r
2017-02-16,9819,9852,9758,9772,135167,g
2017-02-17,9760,9786,9747,9762,77126,r
2017-02-18,9778,9789,9772,9788,23259,r
2017-02-20,9786,9814,9737,9766,101190,g
2017-02-21,9777,9785,9728,9766,99758,g
2017-02-22,9783,9827,9767,9783,121402,r
2017-02-23,9780,9820,9755,9772,115155,g
2017-02-24,9770,9786,9730,9761,99500,g
2017-03-01,9766,9770,9678,9682,137742,g
2017-03-02,9761,9784,9643,9691,158761,g
2017-03-03,9648,9672,9623,9629,121760,g
2017-03-06,9639,9684,9619,9683,98122,r
2017-03-07,9693,9734,9682,9727,94350,r
2017-03-08,9736,9765,9701,9748,113305,r
2017-03-09,9739,9742,9642,9652,138633,g
2017-03-10,9647,9652,9555,9625,153828,g
2017-03-13,9644,9698,9643,9692,109261,r
2017-03-14,9713,9767,9711,9749,101680,r
2017-03-15,9742,9752,9715,9732,64312,g
2017-03-16,9805,9852,9782,9840,123851,r
2017-03-17,9850,9896,9837,9890,95061,r
2017-03-20,9870,9908,9855,9895,87338,r
2017-03-21,9926,9980,9916,9962,116787,r
2017-03-22,9890,9907,9851,9898,130928,r
2017-03-23,9941,9952,9879,9909,124451,g
2017-03-24,9927,9928,9883,9901,100291,g
2017-03-27,9878,9917,9844,9865,121091,g
2017-03-28,9920,9927,9805,9883,180269,g
2017-03-29,9902,9904,9851,9862,112140,g
2017-03-30,9864,9888,9834,9850,101694,g
2017-03-31,9858,9872,9812,9821,97882,g
2017-04-05,9849,9968,9843,9961,138209,r
2017-04-06,9930,9941,9880,9897,110268,g
2017-04-07,9903,9905,9772,9863,202498,g
2017-04-10,9868,9892,9843,9876,93736,r
2017-04-11,9866,9895,9807,9816,156650,g
2017-04-12,9818,9830,9776,9814,119503,g
2017-04-13,9802,9869,9792,9846,141120,r
2017-04-14,9806,9808,9711,9716,163674,g
2017-04-17,9740,9754,9680,9722,136933,g
2017-04-18,9757,9772,9721,9737,104750,g
2017-04-19,9700,9707,9632,9638,101447,g
2017-04-20,9598,9640,9584,9615,114207,r
2017-04-21,9665,9706,9655,9697,109943,r
2017-04-24,9747,9766,9684,9705,124572,g
2017-04-25,9746,9827,9728,9813,139342,r
2017-04-26,9855,9871,9826,9841,120356,g
2017-04-27,9829,9850,9808,9839,94487,r
2017-04-28,9847,9884,9834,9857,106549,r
2017-05-02,9899,9950,9897,9932,104252,r
2017-05-03,9946,9966,9934,9936,77301,g
2017-05-04,9951,9965,9918,9959,86878,r
2017-05-05,9946,9951,9879,9889,109415,g
2017-05-08,9929,9959,9895,9921,103500,g
2017-05-09,9916,9994,9898,9904,165167,g
2017-05-10,9938,9959,9918,9947,92373,r
2017-05-11,9962,9997,9946,9987,119264,r
2017-05-12,9982,9996,9966,9981,83175,g
2017-05-15,9990,10031,9975,10028,86946,r
2017-05-16,10040,10054,10000,10022,93791,g
2017-05-17,9993,10022,9975,10000,69148,r
2017-05-18,9903,9958,9878,9951,130044,r
2017-05-19,9968,9973,9931,9932,75358,g
2017-05-22,9965,9980,9942,9975,83689,r
2017-05-23,9984,10017,9968,9994,96906,r
2017-05-24,10007,10030,9998,10020,79224,r
2017-05-25,10042,10110,10040,10107,98165,r
2017-05-26,10130,10131,10080,10093,103085,g
2017-05-31,10085,10105,10023,10031,109585,g
2017-06-01,10030,10075,10023,10069,85943,r
2017-06-02,10113,10137,10105,10135,91916,r
2017-06-03,10147,10160,10137,10157,23817,r
2017-06-05,10148,10207,10115,10200,108333,r
2017-06-06,10196,10206,10184,10185,63177,g
2017-06-07,10180,10229,10165,10192,113555,r
2017-06-08,10204,10218,10184,10211,71957,r
2017-06-09,10230,10252,10186,10192,101748,g
2017-06-12,10129,10159,10110,10120,109974,g
2017-06-13,10123,10143,10106,10137,90263,r
2017-06-14,10161,10165,10021,10065,168331,g
2017-06-15,10051,10075,10018,10073,109182,r
2017-06-16,10078,10159,10061,10146,126509,r
2017-06-19,10164,10251,10160,10239,105179,r
2017-06-20,10276,10353,10268,10322,119762,r
2017-06-21,10273,10371,10267,10369,93556,r
2017-06-22,10198,10234,10174,10231,116301,r
2017-06-23,10221,10245,10193,10215,100716,g
2017-06-26,10207,10395,10202,10381,187610,r
2017-06-27,10390,10412,10353,10368,113890,g
2017-06-28,10303,10342,10247,10261,160225,g
2017-06-29,10325,10356,10260,10297,129216,g
2017-06-30,10220,10263,10196,10252,122915,r
2017-07-03,10260,10289,10231,10289,106012,r
2017-07-04,10303,10306,10210,10217,140078,g
2017-07-05,10215,10304,10171,10301,165617,r
2017-07-06,10323,10329,10237,10267,130629,g
2017-07-07,10225,10246,10195,10203,120427,g
2017-07-10,10226,10242,10180,10210,111327,g
2017-07-11,10232,10356,10228,10342,139462,r
2017-07-12,10346,10383,10330,10339,112905,g
2017-07-13,10393,10442,10371,10420,140754,r
2017-07-14,10420,10424,10391,10403,75528,g
2017-07-17,10458,10480,10414,10436,109780,g
2017-07-18,10427,10466,10407,10462,79345,r
2017-07-19,10479,10541,10471,10500,89397,r
2017-07-20,10411,10420,10370,10390,93447,g
2017-07-21,10378,10383,10324,10329,97359,g
2017-07-24,10300,10364,10285,10362,97342,r
2017-07-25,10373,10387,10338,10363,90941,g
2017-07-26,10386,10421,10320,10329,140062,g
2017-07-27,10365,10462,10362,10448,131031,r
2017-07-28,10395,10403,10324,10340,128645,g
2017-07-31,10333,10363,10289,10355,108337,r
2017-08-01,10368,10424,10361,10367,124984,g
2017-08-02,10420,10471,10415,10453,119144,r
2017-08-03,10420,10430,9408,10406,135087,g
2017-08-04,10401,10456,10401,10439,82435,r
2017-08-07,10476,10539,10475,10529,91260,r
2017-08-08,10558,10567,10485,10526,116705,g
2017-08-09,10466,10497,10436,10453,139245,g
2017-08-10,10477,10484,10308,10328,188726,g
2017-08-11,10228,10326,10225,10300,141132,r
2017-08-14,10344,10357,10223,10231,148497,g
2017-08-15,10310,10331,10261,10309,125632,g
2017-08-16,10277,10319,10235,10254,106163,g
2017-08-17,10258,10324,10245,10298,124543,r
2017-08-18,10230,10265,10200,10259,142696,r
2017-08-21,10259,10280,10217,10269,107844,r
2017-08-22,10316,10369,10305,10350,110812,r
2017-08-23,10401,10414,10341,10361,132892,g
2017-08-24,10372,10460,10365,10449,117428,r
2017-08-25,10471,10490,10431,10487,106594,r
2017-08-28,10466,10515,10457,10490,104304,r
2017-08-29,10451,10478,10421,10463,124969,r
2017-08-30,10508,10552,10493,10531,133800,r
2017-08-31,10560,10581,10532,10551,118821,g
2017-09-01,10571,10598,10540,10576,100082,r
2017-09-04,10550,10579,10533,10552,92135,r
2017-09-05,10575,10590,10528,10582,110758,r
2017-09-06,10540,10570,10483,10519,151733,g
2017-09-07,10551,10568,10477,10490,135371,g
2017-09-08,10501,10571,10495,10556,134328,r
2017-09-11,10628,10635,10535,10565,148759,g
2017-09-12,10604,10614,10564,10590,108403,g
2017-09-13,10595,10603,10510,10521,136211,g
2017-09-14,10520,10545,10486,10529,107249,r
2017-09-15,10528,10570,10491,10566,133194,r
2017-09-18,10605,10649,10582,10636,116958,r
2017-09-19,10647,10658,10568,10580,123845,g
2017-09-20,10572,10585,10490,10510,108522,g
2017-09-21,10505,10583,10473,10575,133103,r
2017-09-22,10554,10568,10427,10433,168104,g
2017-09-25,10426,10453,10315,10333,164556,g
2017-09-26,10299,10369,10261,10264,164595,g
2017-09-27,10300,10340,10290,10319,130040,r
2017-09-28,10349,10350,10266,10299,160016,g
2017-09-29,10299,10328,10263,10321,128673,r
2017-09-30,10360,10394,10354,10380,45431,r
2017-10-02,10392,10458,10386,10449,108406,r
2017-10-03,10470,10475,10427,10462,109813,g
2017-10-05,10460,10519,10438,10505,109576,r
2017-10-06,10537,10542,10496,10524,92112,g
2017-10-11,10556,10648,10555,10633,166297,r
2017-10-12,10657,10705,10640,10697,99010,r
2017-10-13,10688,10713,10670,10711,73052,r
2017-10-16,10745,10763,10710,10757,98363,r
2017-10-17,10776,10781,10720,10724,99764,g
2017-10-18,10745,10783,10686,10727,93458,g
2017-10-19,10748,10800,10733,10761,119786,r
2017-10-20,10736,10764,10700,10732,115372,g
2017-10-23,10764,10786,10720,10736,115089,g
2017-10-24,10725,10758,10709,10744,90169,r
2017-10-25,10769,10782,10728,10739,118805,g
2017-10-26,10715,10750,10693,10728,100669,r
2017-10-27,10748,10792,10684,10710,146568,g
2017-10-30,10763,10820,10724,10748,156335,g
2017-10-31,10754,10800,10730,10783,119750,r
2017-11-01,10820,10826,10775,10809,119465,g
2017-11-02,10770,10806,10758,10781,104947,r
2017-11-03,10806,10810,10747,10788,108240,g
2017-11-06,10793,10828,10745,10771,131588,g
2017-11-07,10789,10825,10778,10825,100434,r
2017-11-08,10810,10824,10796,10804,76946,g
2017-11-09,10812,10823,10706,10723,155332,g
2017-11-10,10687,10737,10662,10728,109959,r
2017-11-13,10710,10726,10688,10693,107289,g
2017-11-14,10695,10715,10638,10684,117625,g
2017-11-15,10645,10658,10602,10638,99354,g
2017-11-16,10587,10634,10579,10617,94260,r
2017-11-17,10690,10710,10672,10707,121587,r
2017-11-20,10714,10719,10654,10667,99685,g
2017-11-21,10695,10788,10682,10788,131579,r
2017-11-22,10825,10877,10807,10827,146092,r
2017-11-23,10826,10857,10810,10856,79593,r
2017-11-24,10841,10856,10829,10856,62187,r
2017-11-27,10841,10848,10737,10750,133070,g
2017-11-28,10735,10753,10695,10708,126676,g
2017-11-29,10747,10763,10708,10729,109201,g
2017-11-30,10650,10658,10569,10574,165820,g
2017-12-01,10607,10664,10495,10604,198598,g
2017-12-04,10604,10651,10564,10649,140672,r
2017-12-05,10595,10627,10546,10573,158250,g
2017-12-06,10540,10557,10375,10386,201996,g
2017-12-07,10388,10427,10331,10360,167915,g
2017-12-08,10388,10413,10336,10397,142839,r
2017-12-11,10416,10497,10415,10479,119690,r
2017-12-12,10496,10498,10386,10432,133572,g
2017-12-13,10433,10475,10421,10449,116522,r
2017-12-14,10508,10582,10498,10528,134461,r
2017-12-15,10510,10515,10421,10485,162806,g
2017-12-18,10527,10531,10456,10502,112036,g
2017-12-19,10522,10530,10443,10459,128826,g
2017-12-20,10457,10509,10457,10497,86646,r
2017-12-21,10492,10539,10475,10497,120007,r
2017-12-22,10498,10535,10473,10535,83694,r
2017-12-25,10549,10564,10520,10526,73241,g
2017-12-26,10540,10541,10406,10416,148566,g
2017-12-27,10398,10485,10393,10476,115663,r
2017-12-28,10495,10593,10494,10562,143577,r
2017-12-29,10593,10644,10576,10636,122552,r
2018-01-02,10629,10710,10621,10709,108552,r
2018-01-03,10748,10797,10729,10789,120120,r
2018-01-04,10831,10840,10770,10837,119154,r
2018-01-05,10838,10867,10801,10857,110621,r
2018-01-08,10886,10900,10843,10886,106397,r
2018-01-09,10889,10909,10850,10881,96835,g
2018-01-10,10885,10904,10806,10809,130672,g
2018-01-11,10808,10834,10765,10801,133798,g
2018-01-12,10824,10898,10818,10876,114219,r
2018-01-15,10930,10958,10902,10955,106816,r
2018-01-16,10939,10986,10918,10983,93849,r
2018-01-17,10955,11024,10940,11020,82191,r
2018-01-18,11063,11137,11036,11054,178476,g
2018-01-19,11096,11142,11080,11139,106341,r
2018-01-22,11136,11225,11113,11222,139739,r
2018-01-23,11241,11253,11181,11225,152175,g
2018-01-24,11199,11203,11090,11126,171869,g
2018-01-25,11117,11271,11116,11154,207666,r
2018-01-26,11170,11186,11079,11146,172877,g
2018-01-29,11215,11238,11155,11196,138828,g
2018-01-30,11164,11190,11064,11064,176688,g
2018-01-31,11050,11144,11017,11098,190828,r
2018-02-01,11127,11199,11112,11160,140088,r
2018-02-02,11111,11132,11041,11116,175496,r
2018-02-05,10888,10952,10848,10928,185505,r
2018-02-06,10643,10663,10242,10399,407672,g
2018-02-07,10600,10669,10510,10517,234769,g
2018-02-08,10526,10595,10492,10518,174522,g
2018-02-09,10203,10368,10121,10353,237538,r
2018-02-12,10420,10438,10377,10410,132990,g
2018-02-21,10630,10718,10591,10705,84324,r
2018-02-22,10646,10655,10593,10626,124192,g
2018-02-23,10680,10789,10676,10781,131482,r
2018-02-26,10867,10868,10801,10822,100846,g
2018-02-27,10890,10914,10784,10791,118647,g
2018-03-01,10604,10778,10600,10735,150448,r
2018-03-02,10614,10696,10579,10681,166594,r
2018-03-05,10695,10741,10598,10635,172783,g
2018-03-06,10730,10789,10712,10787,142349,r
2018-03-07,10712,10817,10700,10712,158950,r
2018-03-08,10778,10847,10767,10829,119597,r
2018-03-09,10906,10910,10827,10865,128227,g
2018-03-12,10965,11025,10948,11024,121695,r
2018-03-13,11028,11103,11013,11100,108725,r
2018-03-14,11048,11066,11003,11031,126694,g
2018-03-15,10994,11068,10985,11041,108764,r
2018-03-16,11038,11043,10923,11018,182422,g
2018-03-19,10975,11054,10959,11028,123878,r
2018-03-20,10973,11025,10957,11012,100930,r
2018-03-21,11030,11073,11011,11044,77982,r
2018-03-22,11036,11122,10961,10989,192202,g
2018-03-23,10730,10816,10718,10734,178541,r
2018-03-26,10693,10847,10682,10840,147841,r
2018-03-27,10948,10991,10906,10989,131429,r
2018-03-28,10879,10910,10809,10820,155278,g
2018-03-29,10830,10859,10773,10840,149208,r
2018-03-30,10921,10974,10904,10919,111915,g
2018-03-31,10947,10949,10912,10926,24160,g
2018-04-02,10920,10958,10843,10865,137892,g
2018-04-03,10774,10807,10738,10784,133944,r
2018-04-09,10838,10911,10813,10904,155895,r
2018-04-10,10874,10993,10852,10949,172300,r
2018-04-11,10959,11007,10948,10979,118375,r
2018-04-12,10993,11024,10905,10943,144872,g
2018-04-13,10966,10988,10920,10955,109150,g
2018-04-16,10975,10976,10908,10943,116688,g
2018-04-17,10958,10963,10802,10806,140945,g
2018-04-18,10849,10909,10789,10845,104645,g
2018-04-19,10856,10975,10852,10969,146730,r
2018-04-20,10869,10870,10776,10788,168330,g
2018-04-23,10731,10767,10687,10694,143144,g
2018-04-24,10692,10694,10547,10583,185922,g
2018-04-25,10487,10558,10468,10535,167247,r
2018-04-26,10601,10621,10470,10476,173497,g
2018-04-27,10561,10565,10483,10561,138887,r
2018-04-30,10593,10655,10537,10655,132816,r
2018-05-02,10631,10670,10597,10609,119118,g
2018-05-03,10560,10575,10488,10506,145420,g
2018-05-04,10506,10544,10468,10523,146158,r
2018-05-07,10599,10615,10529,10595,139312,g
2018-05-08,10597,10672,10580,10669,120418,r
2018-05-09,10685,10731,10666,10704,138089,r
2018-05-10,10732,10771,10723,10763,115946,r
2018-05-11,10819,10865,10806,10861,119772,r
2018-05-14,10926,10968,10891,10958,112558,r
2018-05-15,10946,10961,10857,10869,116573,g
2018-05-16,10845,10907,10839,10872,86049,r
2018-05-17,10920,10928,10823,10826,125652,g
2018-05-18,10834,10873,10805,10820,109276,g
2018-05-21,10865,10966,10863,10965,101155,r
2018-05-22,10969,10999,10913,10922,114528,g
2018-05-23,10933,10998,10855,10858,137646,g
2018-05-24,10879,10923,10851,10917,113071,r
2018-05-25,10921,10956,10890,10932,107199,r
2018-05-28,10979,10989,10937,10983,93146,r
2018-05-29,10979,10982,10896,10928,118924,g
2018-05-30,10833,10848,10761,10775,151456,g
2018-05-31,10836,10870,10821,10867,124620,r
2018-06-01,10854,10925,10844,10915,111927,r
2018-06-04,10976,11095,10976,11085,108953,r
2018-06-05,11101,11118,11035,11069,119500,g
2018-06-06,11095,11210,11088,11200,131780,r
2018-06-07,11245,11253,11174,11227,127192,g
2018-06-08,11205,11215,11103,11125,122468,g
2018-06-11,11151,11173,11098,11128,104144,g
2018-06-12,11148,11152,11054,11141,159260,g
2018-06-13,11152,11169,11095,11146,113977,g
2018-06-14,11101,11106,10984,10985,137380,g
2018-06-15,11001,11075,10961,11055,129640,r
2018-06-19,10943,10958,10871,10874,135892,g
2018-06-20,10904,10951,10850,10936,106512,r
2018-06-21,10725,10745,10688,10706,130209,g
2018-06-22,10630,10685,10581,10655,139744,r
2018-06-25,10624,10660,10583,10584,122273,g
2018-06-26,10550,10596,10484,10592,167414,r
2018-06-27,10585,10625,10538,10554,134419,g
2018-06-28,10513,10578,10484,10523,150236,r
2018-06-29,10541,10692,10526,10677,155619,r
2018-07-02,10680,10719,10609,10611,141722,g
2018-07-03,10651,10717,10544,10622,221105,g
2018-07-04,10598,10639,10584,10618,130993,r
2018-07-05,10625,10633,10488,10500,191743,g
2018-07-06,10535,10556,10414,10539,218759,r
2018-07-09,10583,10676,10582,10661,146543,r
2018-07-10,10733,10744,10680,10709,122141,g
2018-07-11,10608,10656,10574,10617,177708,r
2018-07-12,10640,10750,10609,10740,145992,r
2018-07-13,10808,10850,10768,10848,127089,r
2018-07-16,10854,10874,10807,10815,115043,g
2018-07-17,10809,10819,10756,10768,123089,g
2018-07-18,10829,10872,10791,10844,87678,r
2018-07-19,10756,10792,10708,10721,142214,g
2018-07-20,10774,10847,10765,10824,191663,r
2018-07-23,10846,10864,10794,10830,142475,g
2018-07-24,10841,10880,10802,10871,115303,r
2018-07-25,10860,10892,10851,10865,96247,r
2018-07-26,10909,10926,10873,10915,117116,r
2018-07-27,10928,10995,10918,10992,111648,r
2018-07-30,10970,11007,10937,10940,117665,g
2018-07-31,10931,10997,10913,10989,116618,r
2018-08-01,11034,11057,11010,11047,96025,r
2018-08-02,11048,11048,10862,10871,168805,g
2018-08-03,10934,10977,10928,10970,107878,r
2018-08-06,10990,11036,10956,10982,133563,g
2018-08-07,10986,11003,10951,10968,103882,g
2018-08-08,11000,11070,10997,11049,115627,r
2018-08-09,11031,11038,10969,11017,117175,g
2018-08-10,10970,11022,10953,10959,117058,g
2018-08-13,10909,10912,10692,10757,204440,g
2018-08-14,10791,10831,10756,10820,121853,r
2018-08-15,10835,10841,10696,10737,110318,g
2018-08-16,10610,10724,10591,10690,160423,r
2018-08-17,10723,10732,10647,10662,118808,g
2018-08-20,10687,10715,10652,10671,120117,g
2018-08-21,10698,10774,10682,10767,125902,r
2018-08-22,10752,10795,10733,10764,124040,r
2018-08-23,10795,10845,10758,10842,150099,r
2018-08-24,10811,10830,10728,10788,143636,g
2018-08-27,10831,10892,10820,10886,127625,r
2018-08-28,10945,10980,10935,10954,111679,r
2018-08-29,10977,11049,10968,11044,130757,r
2018-08-30,11088,11135,11019,11023,160036,g
2018-08-31,10975,11024,10953,11022,136127,r
2018-09-03,11013,11045,10919,10935,141932,g
2018-09-04,10963,11004,10935,11002,129969,r
2018-09-05,10973,11021,10948,10950,150987,g
2018-09-06,10920,10950,10865,10901,165385,g
2018-09-07,10864,10892,10803,10845,177333,g
2018-09-10,10865,10880,10708,10734,198576,g
2018-09-11,10758,10767,10682,10740,169832,g
2018-09-12,10762,10772,10687,10726,161683,g
2018-09-13,10740,10779,10709,10717,139580,g
2018-09-14,10784,10887,10771,10881,162818,r
2018-09-17,10857,10868,10810,10823,112329,g
2018-09-18,10787,10818,10761,10781,131237,g
2018-09-19,10836,10875,10819,10873,69197,r
2018-09-20,10910,10922,10824,10848,147052,g
2018-09-21,10905,10976,10854,10974,160945,r
2018-09-25,10960,10996,10935,10981,98858,r
2018-09-26,10963,10991,10949,10972,107633,r
2018-09-27,10955,11011,10936,10982,136779,r
2018-09-28,11011,11039,10921,10955,162429,g
2018-10-01,10968,11018,10966,11006,89417,r
2018-10-02,11006,11011,10873,10879,155921,g
2018-10-03,10880,10914,10845,10856,135463,g
2018-10-04,10823,10830,10688,10694,159905,g
2018-10-05,10658,10673,10431,10506,255983,g
2018-10-08,10470,10530,10416,10461,174745,g
2018-10-09,10491,10508,10447,10460,152939,g
2018-10-11,10026,10080,9630,9642,347807,g
2018-10-12,9736,10021,9683,9948,241580,r
2018-10-15,9899,9927,9854,9860,149756,g
2018-10-16,9885,9992,9868,9951,170490,r
2018-10-17,10082,10114,9987,9993,103651,g
2018-10-18,9923,9986,9878,9884,150984,g
2018-10-19,9753,9914,9747,9905,179391,r
2018-10-22,9813,9972,9761,9935,177131,r
2018-10-23,9825,9849,9723,9728,185927,g
2018-10-24,9753,9791,9623,9715,221427,g
2018-10-25,9423,9557,9414,9486,205304,r
2018-10-26,9547,9573,9339,9424,241323,g
2018-10-29,9527,9539,9428,9473,158853,g
2018-10-30,9465,9564,9463,9524,169437,r
2018-10-31,9595,9748,9590,9724,164864,r
2018-11-01,9750,9827,9705,9787,139542,r
2018-11-02,9868,9884,9791,9874,153387,r
2018-11-05,9803,9824,9741,9817,145772,r
2018-11-06,9849,9867,9746,9774,122386,g
2018-11-07,9785,9890,9780,9848,154753,r
2018-11-08,9980,10000,9906,9924,115495,g
2018-11-09,9897,9899,9754,9789,138794,g
2018-11-12,9750,9864,9741,9812,115032,r
2018-11-13,9600,9758,9528,9728,169997,r
2018-11-14,9768,9798,9731,9769,110901,r
2018-11-15,9790,9837,9708,9827,151147,r
2018-11-16,9877,9903,9756,9783,138820,g
2018-11-19,9802,9838,9778,9819,88373,r
2018-11-20,9755,9808,9703,9732,121166,g
2018-11-21,9661,9760,9624,9743,73424,r
2018-11-22,9766,9769,9700,9714,91041,g
2018-11-23,9715,9733,9613,9620,113544,g
2018-11-26,9668,9850,9656,9768,147456,r
2018-11-27,9727,9755,9644,9741,133622,r
2018-11-28,9780,9880,9732,9870,147693,r
2018-11-29,9984,9989,9861,9877,130827,g
2018-11-30,9900,9935,9847,9853,121312,g
2018-12-03,10012,10156,9996,10122,134887,r
2018-12-04,10080,10094,10033,10042,104801,g
2018-12-05,9900,9946,9863,9878,129637,g
2018-12-06,9813,9814,9626,9674,164677,g
2018-12-07,9735,9763,9689,9746,105182,r
2018-12-10,9565,9680,9560,9626,115904,r
2018-12-11,9654,9698,9625,9687,113669,r
2018-12-12,9759,9827,9725,9818,131769,r
2018-12-13,9831,9872,9790,9856,106106,r
2018-12-14,9805,9809,9676,9730,139345,g
2018-12-17,9753,9826,9722,9790,107257,r
2018-12-18,9718,9755,9688,9718,116371,r
2018-12-19,9758,9778,9728,9768,51131,r
2018-12-20,9638,9709,9610,9641,141720,r
2018-12-21,9624,9668,9556,9660,122128,r
2018-12-22,9580,9615,9575,9585,23773,r
2018-12-24,9603,9627,9587,9620,89050,r
2018-12-25,9480,9487,9410,9477,99779,g
2018-12-26,9523,9555,9438,9459,116619,g
2018-12-27,9589,9655,9566,9633,124095,r
2018-12-28,9630,9680,9622,9671,92807,r
2019-01-02,9760,9762,9506,9536,165919,g
2019-01-03,9488,9547,9433,9440,130686,g
2019-01-04,9367,9410,9305,9367,168604,r
2019-01-07,9541,9588,9490,9563,144918,r
2019-01-08,9600,9611,9532,9561,120571,g
2019-01-09,9608,9755,9602,9708,160579,r
2019-01-10,9710,9713,9673,9694,95996,g
2019-01-11,9760,9803,9724,9750,131199,g
2019-01-14,9738,9756,9660,9691,111772,g
2019-01-15,9743,9817,9715,9793,132371,r
2019-01-16,9781,9804,9755,9784,57162,r
2019-01-17,9777,9834,9721,9779,142681,r
2019-01-18,9825,9846,9770,9820,115258,g
2019-01-21,9885,9919,9856,9866,119813,g
2019-01-22,9841,9868,9822,9847,93372,r
2019-01-23,9830,9860,9807,9818,106247,g
2019-01-24,9833,9884,9820,9863,104490,r
2019-01-25,9928,9989,9911,9968,116391,r
2019-01-28,10000,10018,9975,9985,81401,g
2019-01-29,9932,9936,9880,9923,113689,g
2019-01-30,9925,9956,9896,9926,83952,r
2019-02-11,10010,10067,9966,9999,101414,g
2019-02-12,10049,10093,10029,10084,77940,r
2019-02-13,10125,10128,10055,10084,96268,g
2019-02-14,10044,10124,10034,10080,96528,r
2019-02-15,10040,10116,10022,10042,111580,r
2019-02-18,10111,10161,10098,10135,96852,r
2019-02-19,10123,10158,10104,10142,71591,r
2019-02-20,10183,10262,10177,10256,68057,r
2019-02-21,10255,10327,10232,10324,97327,r
2019-02-22,10272,10312,10245,10310,87939,r
2019-02-25,10350,10378,10324,10368,104871,r
2019-02-26,10381,10394,10336,10355,100522,g
2019-02-27,10375,10384,10325,10362,83415,g
2019-03-04,10390,10400,10276,10311,122683,g
2019-03-05,10260,10306,10248,10274,97388,r
2019-03-06,10283,10333,10282,10322,90566,r
2019-03-07,10315,10335,10260,10262,95909,g
2019-03-08,10230,10244,10162,10200,127865,g
2019-03-11,10170,10234,10168,10229,78112,r
2019-03-12,10301,10385,10300,10348,109094,r
2019-03-13,10325,10365,10305,10365,99791,r
2019-03-14,10390,10392,10322,10338,92014,g
2019-03-15,10355,10430,10347,10414,105842,r
2019-03-18,10437,10487,10420,10477,80996,r
2019-03-19,10483,10511,10461,10501,73231,r
2019-03-20,10493,10549,10492,10545,49292,r
2019-03-21,10538,10593,10532,10590,90646,r
2019-03-22,10645,10659,10560,10613,107628,g
2019-03-25,10478,10486,10423,10438,100109,g
2019-03-26,10482,10538,10480,10522,87186,r
2019-03-27,10506,10533,10473,10520,88484,r
2019-03-28,10450,10515,10444,10493,83359,r
2019-03-29,10551,10600,10476,10598,128133,r
2019-04-01,10679,10715,10615,10638,114428,g
2019-04-02,10688,10704,10668,10676,78346,g
2019-04-03,10688,10728,10671,10693,92554,r
2019-04-08,10779,10795,10745,10770,91782,g
2019-04-09,10801,10848,10782,10843,70207,r
2019-04-10,10820,10869,10812,10862,69294,r
2019-04-11,10868,10885,10775,10806,108036,g
2019-04-12,10818,10831,10782,10802,74303,g
2019-04-15,10865,10895,10843,10876,72144,r
2019-04-16,10870,10932,10863,10931,78811,r
2019-04-17,10954,11010,10948,11004,57674,r
2019-04-18,11022,11039,10920,10939,117374,g
2019-04-19,11020,11036,10954,10972,88747,g
2019-04-22,11008,11030,10958,10978,77372,g
2019-04-23,10988,11024,10934,11024,103721,r
2019-04-24,11050,11057,10970,11009,108062,g
2019-04-25,10990,11041,10977,11031,84333,r
2019-04-26,10962,10972,10900,10933,117727,g
2019-04-29,10959,10978,10902,10932,90054,g
2019-04-30,10912,10961,10883,10952,99257,r
2019-05-02,10947,11033,10933,10978,110441,r
2019-05-03,10992,11094,10975,11092,105075,r
2019-05-06,10980,10980,10821,10857,157580,g
2019-05-07,10900,10996,10900,10970,112170,r
2019-05-08,10849,10943,10841,10893,122003,r
2019-05-09,10854,10866,10716,10746,160280,g
2019-05-10,10750,10850,10646,10745,233608,g
2019-05-13,10686,10708,10565,10576,141353,g
2019-05-14,10425,10571,10399,10532,161116,r
2019-05-15,10539,10609,10513,10579,76901,r
2019-05-16,10537,10574,10483,10488,135442,g
2019-05-17,10562,10566,10406,10411,147669,g
2019-05-20,10442,10485,10405,10433,137967,g
2019-05-21,10398,10502,10378,10487,139187,r
2019-05-22,10471,10515,10453,10480,116647,r
2019-05-23,10422,10424,10285,10310,140726,g
2019-05-24,10316,10386,10315,10344,109852,r
2019-05-27,10350,10390,10284,10333,103055,g
2019-05-28,10369,10374,10309,10340,87522,g
2019-05-29,10220,10295,10218,10291,94586,r
2019-05-30,10311,10382,10279,10367,118760,r
2019-05-31,10332,10493,10330,10455,132152,r
2019-06-03,10431,10477,10366,10471,129013,r
2019-06-04,10461,10483,10401,10416,91564,g
2019-06-05,10495,10510,10439,10456,101521,g
2019-06-06,10433,10437,10351,10360,111098,g
2019-06-10,10477,10546,10442,10539,122472,r
2019-06-11,10555,10618,10533,10592,101614,r
2019-06-12,10587,10611,10564,10592,87461,r
2019-06-13,10561,10589,10497,10529,113159,g
2019-06-14,10534,10558,10516,10529,76827,g
2019-06-17,10477,10565,10460,10545,101665,r
2019-06-18,10539,10576,10526,10553,65992,r
2019-06-19,10680,10800,10667,10770,78705,r
2019-06-20,10575,10605,10558,10591,81952,r
2019-06-21,10628,10641,10564,10585,96523,g
2019-06-24,10605,10647,10553,10623,91543,r
2019-06-25,10620,10630,10523,10540,99145,g
2019-06-26,10525,10541,10499,10503,83783,g
2019-06-27,10535,10642,10532,10622,107401,r
2019-06-28,10621,10627,10550,10580,82315,g
2019-07-01,10707,10780,10693,10767,97311,r
2019-07-02,10738,10766,10729,10749,60623,r
2019-07-03,10733,10741,10202,10641,110724,g
2019-07-04,10691,10729,10677,10710,77761,r
2019-07-05,10713,10749,10682,10718,77789,r
2019-07-08,10655,10711,10630,10665,105478,r
2019-07-09,10688,10699,10631,10650,79145,g
2019-07-10,10699,10741,10689,10731,99507,r
2019-07-11,10801,10833,10772,10814,83589,r
2019-07-12,10789,10830,10788,10810,67176,r
2019-07-15,10808,10860,10730,10849,115603,r
2019-07-16,10863,10892,10851,10876,72001,r
2019-07-17,10837,10855,10805,10831,70376,g
2019-07-18,10625,10676,10623,10651,78963,r
2019-07-19,10757,10792,10727,10744,96592,g
2019-07-22,10735,10798,10729,10794,78274,r
2019-07-23,10822,10836,10785,10803,76789,g
2019-07-24,10817,10835,10792,10804,66376,g
2019-07-25,10825,10831,10769,10822,73931,g
2019-07-26,10781,10795,10765,10787,53211,r
2019-07-29,10779,10802,10744,10782,83163,r
2019-07-30,10819,10836,10751,10752,91664,g
2019-07-31,10721,10743,10674,10737,103902,r
2019-08-01,10635,10697,10623,10644,109347,r
2019-08-02,10518,10535,10441,10469,142673,g
2019-08-05,10421,10460,10358,10379,135526,g
2019-08-06,10096,10387,10095,10331,199016,r
2019-08-07,10330,10375,10301,10347,113815,r
2019-08-08,10372,10454,10340,10439,121943,r
2019-08-12,10439,10477,10380,10441,86901,r
2019-08-13,10385,10400,10319,10342,102727,g
2019-08-14,10457,10492,10416,10429,107677,g
2019-08-15,10255,10335,10242,10301,114302,r
2019-08-16,10315,10421,10288,10414,123666,r
2019-08-19,10436,10489,10419,10484,84825,r
2019-08-20,10487,10530,10478,10527,75599,r
2019-08-21,10514,10544,10505,10528,55501,r
2019-08-22,10538,10564,10464,10477,105723,g
2019-08-23,10485,10513,10460,10499,76865,r
2019-08-26,10335,10367,10294,10307,120523,g
2019-08-27,10372,10390,10343,10364,73260,g
2019-08-28,10390,10438,10388,10413,86140,r
2019-08-29,10420,10442,10376,10430,84000,r
2019-08-30,10520,10584,10517,10576,79663,r
2019-09-02,10564,10615,10556,10605,60421,r
2019-09-03,10599,10632,10537,10543,91885,g
2019-09-04,10563,10657,10558,10644,86348,r
2019-09-05,10719,10762,10703,10735,90561,r
2019-09-06,10776,10783,10741,10768,67991,g
2019-09-09,10802,10827,10773,10792,68655,g
2019-09-10,10801,10814,10731,10743,76145,g
2019-09-11,10795,10808,10751,10773,85552,g
2019-09-12,10842,10870,10801,10824,87681,g
2019-09-16,10802,10885,10802,10881,76736,r
2019-09-17,10907,10910,10858,10863,59679,g
2019-09-18,10912,10963,10884,10959,55502,r
2019-09-19,10915,10936,10851,10870,91269,g
2019-09-20,10901,10912,10884,10901,60369,r
2019-09-23,10894,10929,10872,10894,75187,r
2019-09-24,10911,10932,10865,10908,89394,g
2019-09-25,10865,10873,10805,10841,100195,g
2019-09-26,10876,10895,10828,10843,83502,g
2019-09-27,10876,10897,10811,10824,94659,g
2019-10-01,10856,10962,10856,10954,90905,r
2019-10-02,10916,10948,10912,10922,66999,r
2019-10-03,10827,10877,10773,10851,97153,r
2019-10-04,10881,10912,10820,10880,104736,g
2019-10-07,10907,10937,10886,10915,67650,r
2019-10-08,10958,11021,10950,11001,82233,r
2019-10-09,10963,10969,10880,10880,81729,g
2019-10-14,11070,11092,11030,11076,84410,r
2019-10-15,11083,11122,11073,11108,65648,r
2019-10-16,11158,11171,11130,11145,61672,g
2019-10-17,11148,11161,11117,11157,56129,r
2019-10-18,11195,11223,11132,11150,91140,g
2019-10-21,11157,11168,11133,11155,54206,g
2019-10-22,11213,11252,11191,11242,78410,r
2019-10-23,11225,11254,11182,11201,79430,g
2019-10-24,11232,11292,11225,11290,71549,r
2019-10-25,11321,11328,11264,11284,61352,g
2019-10-28,11334,11342,11291,11311,52187,g
2019-10-29,11348,11366,11293,11326,80263,g
2019-10-30,11312,11351,11295,11338,66639,r
2019-10-31,11371,11396,11341,11346,74371,g
2019-11-01,11333,11377,11316,11371,60297,r
2019-11-04,11416,11554,11413,11544,102899,r
2019-11-05,11594,11650,11566,11645,85543,r
2019-11-06,11644,11675,11600,11653,89714,r
2019-11-07,11636,11637,11558,11596,98281,g
2019-11-08,11646,11648,11554,11573,93098,g
2019-11-11,11577,11581,11424,11437,115483,g
2019-11-12,11483,11528,11466,11523,76130,r
2019-11-13,11463,11494,11428,11466,103164,r
2019-11-14,11493,11496,11413,11456,103359,g
2019-11-15,11485,11563,11480,11532,99316,r
2019-11-18,11533,11594,11507,11593,75739,r
2019-11-19,11574,11654,11563,11644,77336,r
2019-11-20,11621,11644,11594,11607,57522,g
2019-11-21,11529,11551,11450,11544,135389,r
2019-11-22,11565,11592,11531,11556,80401,g
2019-11-25,11615,11629,11559,11565,87186,g
2019-11-26,11620,11658,11603,11618,107823,g
2019-11-27,11613,11651,11596,11647,70895,r
2019-11-28,11658,11663,11605,11614,88562,g
2019-11-29,11604,11613,11462,11465,131564,g
2019-12-02,11527,11533,11459,11502,90559,g
2019-12-03,11444,11527,11439,11524,88442,r
2019-12-04,11492,11505,11443,11503,106777,r
2019-12-05,11540,11618,11532,11598,91768,r
2019-12-06,11645,11670,11580,11612,88205,g
2019-12-09,11670,11699,11633,11671,77905,r
2019-12-10,11647,11656,11605,11625,72720,g
2019-12-11,11600,11706,11594,11706,91763,r
2019-12-12,11765,11888,11754,11853,116222,r
2019-12-13,11977,12007,11917,11965,108465,g
2019-12-16,11932,11976,11922,11961,69733,r
2019-12-17,11974,12102,11945,12100,92853,r
2019-12-18,12077,12129,12065,12118,48307,r
2019-12-19,12110,12115,12015,12030,92203,g
2019-12-20,12063,12063,11951,11979,126726,g
2019-12-23,12000,12028,11972,12020,75282,r
2019-12-24,12030,12044,11982,11983,55383,g
2019-12-25,11989,12027,11976,12020,41574,r
2019-12-26,12029,12042,11986,12009,52147,g
2019-12-27,12038,12112,12037,12097,74436,r
2019-12-30,12091,12125,12065,12069,66060,g
2019-12-31,12029,12049,11992,11995,74341,g
2020-01-02,12044,12120,12023,12102,100399,r
2020-01-03,12180,12198,11996,12086,172648,g
2020-01-06,12017,12034,11948,11950,118371,g
2020-01-07,11995,12009,11816,11871,157259,g
2020-01-08,11728,11892,11697,11788,158049,r
2020-01-09,11919,11998,11883,11968,111683,r
2020-01-10,12005,12042,11953,12010,103541,r
2020-01-13,12085,12121,12044,12117,114704,r
2020-01-14,12176,12199,12148,12181,85245,r
2020-01-15,12159,12175,12058,12063,82149,g
2020-01-16,12040,12078,11990,12056,106191,r
2020-01-17,12103,12118,12029,12072,101186,g
2020-01-20,12119,12160,12097,12111,77545,g
2020-01-30,11770,11798,11366,11370,248157,g
2020-01-31,11460,11567,11407,11468,154005,r
2020-02-03,11285,11370,11152,11325,206378,r
2020-02-04,11373,11557,11362,11534,145457,r
2020-02-05,11603,11620,11474,11542,155144,g
2020-02-06,11651,11744,11628,11741,122905,r
2020-02-07,11660,11666,11566,11592,125731,g
2020-02-10,11455,11598,11402,11564,146924,r
2020-02-11,11625,11689,11613,11666,91645,r
2020-02-12,11663,11797,11647,11771,104632,r
2020-02-13,11798,11837,11762,11774,107703,g
2020-02-14,11757,11852,11755,11812,96611,r
2020-02-17,11710,11792,11702,11770,87093,r
2020-02-18,11715,11719,11627,11640,135029,g
2020-02-19,11678,11805,11637,11760,81374,r
2020-02-20,11820,11830,11679,11715,137087,g
2020-02-21,11665,11765,11636,11664,139423,g
2020-02-24,11509,11587,11476,11508,136082,g
2020-02-25,11400,11561,11386,11542,148573,r
2020-02-26,11383,11482,11365,11421,162595,r
2020-02-27,11395,11447,11237,11273,168005,g
2020-03-02,11011,11278,11005,11174,203495,r
2020-03-03,11313,11375,11278,11324,165462,r
2020-03-04,11348,11369,11267,11364,142616,r
2020-03-05,11450,11501,11428,11492,112411,r
2020-03-06,11400,11420,11260,11269,153360,g
2020-03-09,10975,11108,10916,10950,212371,g
2020-03-10,10830,10996,10779,10984,205710,r
2020-03-11,10979,11029,10807,10821,182504,g
2020-03-12,10750,10765,10161,10367,330619,g
2020-03-13,9749,10147,9450,10021,341165,r
2020-03-16,9919,10055,9636,9668,238066,g
2020-03-17,9379,9677,9271,9363,244063,g
2020-03-18,9366,9489,9205,9263,110370,g
2020-03-19,8820,8872,8268,8353,301874,g
2020-03-20,8562,9166,8544,9013,265951,r
2020-03-23,8609,8868,8555,8688,180002,r
2020-03-24,8998,9295,8986,9193,178732,r
2020-03-25,9410,9624,9370,9583,208028,r
2020-03-26,9679,9690,9426,9638,189335,g
2020-03-27,9899,9910,9548,9583,187431,g
2020-03-30,9376,9576,9266,9576,164749,r
2020-03-31,9666,9717,9495,9596,142553,g
2020-04-01,9588,9650,9551,9552,115886,g
2020-04-06,9741,9860,9582,9826,145664,r
2020-04-07,9955,10020,9878,9997,136838,r
2020-04-08,9950,10135,9945,10127,126694,r
2020-04-09,10131,10197,10028,10101,132479,g
2020-04-10,10038,10140,10030,10133,72463,r
2020-04-13,10084,10149,10031,10073,106858,g
2020-04-14,10160,10355,10125,10346,113099,r
2020-04-15,10347,10463,10330,10450,65111,r
2020-04-16,10177,10343,10161,10302,117864,r
2020-04-17,10575,10669,10456,10561,158339,g
2020-04-20,10515,10560,10458,10476,95539,g
2020-04-21,10406,10467,10144,10198,185229,g
2020-04-22,10145,10226,10065,10225,140265,r
2020-04-23,10268,10402,10154,10292,167208,r
2020-04-24,10231,10292,10211,10270,104535,r
2020-04-27,10373,10567,10368,10547,122584,r
2020-04-28,10600,10605,10480,10582,110372,g
2020-04-29,10655,10770,10631,10707,114317,r
2020-04-30,10813,10971,10803,10944,115213,r
2020-05-04,10540,10699,10477,10615,132838,r
2020-05-05,10717,10795,10658,10725,110278,r
2020-05-06,10658,10780,10618,10750,121491,r
2020-05-07,10736,10877,10710,10833,115862,r
2020-05-08,10893,10956,10853,10896,105781,r
2020-05-11,10979,11038,10935,10983,92771,r
2020-05-12,10902,10932,10802,10865,116595,g
2020-05-13,10783,10925,10776,10915,102002,r
2020-05-14,10828,10877,10738,10750,126357,g
2020-05-15,10830,10869,10701,10818,126173,g
2020-05-18,10768,10824,10724,10763,112378,g
2020-05-19,10932,10964,10836,10872,111021,g
2020-05-20,10903,10960,10853,10887,60224,g
2020-05-21,10903,11008,10894,10952,115495,r
2020-05-22,10928,10935,10723,10743,136579,g
2020-05-25,10800,10840,10651,10817,120809,r
2020-05-26,10896,11027,10891,10984,106963,r
2020-05-27,10962,11037,10926,10972,102280,r
2020-05-28,11066,11077,10856,10907,141854,g
2020-05-29,10888,10950,10806,10922,115714,r
2020-06-01,10983,11103,10971,11057,103044,r
2020-06-02,11080,11140,11072,11106,82686,r
2020-06-03,11250,11299,11206,11283,109370,r
2020-06-04,11419,11425,11306,11357,108643,g
2020-06-05,11399,11473,11377,11457,84936,r
2020-06-08,11550,11626,11491,11570,106849,r
2020-06-09,11596,11622,11521,11609,89412,r
2020-06-10,11634,11730,11596,11706,94591,r
2020-06-11,11689,11738,11475,11491,143895,g
2020-06-12,11331,11432,11250,11395,131980,r
2020-06-15,11356,11446,11216,11229,135508,g
2020-06-16,11448,11554,11421,11526,110305,r
2020-06-17,11480,11568,11467,11521,67160,r
2020-06-18,11372,11425,11295,11394,115869,r
2020-06-19,11424,11439,11361,11410,93728,g
2020-06-22,11374,11498,11362,11423,113862,r
2020-06-23,11493,11540,11346,11455,140029,g
2020-06-24,11541,11570,11503,11523,89905,g
2020-06-29,11394,11458,11315,11361,123338,g
2020-06-30,11460,11502,11412,11469,83988,r
2020-07-01,11482,11623,11472,11546,102438,r
2020-07-02,11585,11712,11566,11695,91826,r
2020-07-03,11788,11850,11752,11838,92196,r
2020-07-06,11921,12072,11905,12065,106636,r
2020-07-07,12149,12192,11990,12027,134089,g
2020-07-08,12041,12145,12025,12125,103175,r
2020-07-09,12202,12222,12118,12147,111926,g
2020-07-10,12204,12213,11987,11999,133264,g
2020-07-13,12139,12210,12105,12205,93929,r
2020-07-14,12147,12224,12119,12188,108264,r
2020-07-15,12305,12323,12150,12220,72961,g
2020-07-16,12066,12094,11931,12032,132941,g
2020-07-17,12088,12138,12011,12039,112205,g
2020-07-20,12073,12075,11903,12031,120986,g
2020-07-21,12125,12324,12121,12289,122572,r
2020-07-22,12301,12361,12256,12331,94744,r
2020-07-23,12309,12313,12199,12288,122780,g
2020-07-24,12232,12352,12123,12150,171550,g
2020-07-27,12410,12572,12407,12503,140415,r
2020-07-28,12834,12900,12408,12457,245626,g
2020-07-29,12446,12543,12392,12423,138350,g
2020-07-30,12617,12627,12488,12596,126208,g
2020-07-31,12606,12644,12525,12577,129922,g
2020-08-03,12531,12567,12405,12443,134434,g
2020-08-04,12516,12632,12489,12629,111157,r
2020-08-05,12700,12746,12643,12744,105206,r
2020-08-06,12856,12925,12753,12835,141230,g
2020-08-07,12860,12866,12706,12763,114890,g
2020-08-10,12779,12905,12720,12855,109532,r
2020-08-11,12825,12874,12727,12737,106327,g
2020-08-12,12700,12701,12565,12655,131329,g
2020-08-13,12816,12836,12702,12723,111174,g
2020-08-14,12696,12790,12646,12788,98141,r
2020-08-17,12776,12959,12771,12955,104307,r
2020-08-18,12983,12998,12836,12875,113409,g
2020-08-19,12905,12955,12780,12806,68830,g
2020-08-20,12695,12709,12067,12305,237634,g
2020-08-21,12466,12598,12423,12543,134919,r
2020-08-24,12568,12653,12503,12604,103744,r
2020-08-25,12657,12795,12643,12737,111854,r
2020-08-26,12730,12799,12681,12792,86710,r
2020-08-27,12838,12925,12735,12760,126484,g
2020-08-28,12740,12782,12634,12691,138362,g
2020-08-31,12800,12826,12563,12591,142023,g
2020-09-01,12566,12698,12531,12691,114310,r
2020-09-02,12765,12776,12595,12691,126775,g
2020-09-03,12792,12858,12705,12732,130376,g
2020-09-04,12558,12651,12510,12606,130135,r
2020-09-07,12608,12733,12560,12582,136901,g
2020-09-08,12657,12695,12610,12667,109694,r
2020-09-09,12545,12606,12434,12598,151060,r
2020-09-10,12669,12706,12622,12699,106806,r
2020-09-11,12658,12689,12606,12661,104558,r
2020-09-14,12694,12797,12678,12785,100703,r
2020-09-15,12768,12855,12756,12840,80253,r
2020-09-16,12945,13018,12900,12968,65376,r
2020-09-17,12855,12908,12772,12816,119667,g
2020-09-18,12839,12866,12773,12835,95515,g
2020-09-21,12820,12877,12655,12659,139403,g
2020-09-22,12627,12655,12481,12507,129891,g
2020-09-23,12553,12563,12441,12528,117800,g
2020-09-24,12407,12414,12166,12175,170091,g
2020-09-25,12265,12309,12114,12195,127927,g
2020-09-28,12292,12421,12246,12417,94192,r
2020-09-29,12478,12522,12395,12421,102619,g
2020-09-30,12456,12548,12444,12472,107581,r
2020-10-05,12577,12620,12486,12529,93806,g
2020-10-06,12618,12704,12614,12675,99215,r
2020-10-07,12620,12758,12606,12755,88445,r
2020-10-08,12831,12876,12772,12873,98409,r
2020-10-12,12935,12995,12878,12920,105691,g
2020-10-13,12950,12952,12816,12919,98635,g
2020-10-14,12940,12956,12871,12888,81099,g
2020-10-15,12838,12892,12727,12840,126868,r
2020-10-16,12818,12865,12718,12745,109644,g
2020-10-19,12783,12912,12782,12896,95525,r
2020-10-20,12892,12905,12844,12856,67480,g
2020-10-21,12906,12946,12851,12860,54675,g
2020-10-22,12729,12839,12707,12837,100532,r
2020-10-23,12865,12883,12795,12839,78563,g
2020-10-26,12848,12935,12820,12858,90490,r
2020-10-27,12826,12833,12765,12807,81840,g
2020-10-28,12780,12809,12713,12739,87353,g
2020-10-29,12598,12640,12504,12602,118287,r
2020-10-30,12545,12563,12407,12414,121262,g
2020-11-02,12474,12531,12402,12515,97072,r
2020-11-03,12611,12715,12602,12685,90446,r
2020-11-04,12770,12879,12662,12865,149792,r
2020-11-05,12924,12928,12821,12890,90561,g
2020-11-06,12942,12991,12896,12936,100680,g
2020-11-09,13090,13175,13046,13121,116402,r
2020-11-10,13130,13154,13010,13071,109754,g
2020-11-11,13101,13281,13077,13263,107523,r
2020-11-12,13266,13305,13193,13230,89752,g
2020-11-13,13227,13285,13163,13284,83665,r
2020-11-16,13407,13582,13406,13581,99291,r
2020-11-17,13656,13737,13603,13625,99847,g
2020-11-18,13632,13788,13621,13755,65551,r
2020-11-19,13732,13750,13662,13740,95252,r
2020-11-20,13724,13737,13640,13736,85959,r
2020-11-23,13790,13943,13788,13875,115042,r
2020-11-24,13921,13928,13777,13804,88315,g
2020-11-25,13886,13909,13692,13709,121765,g
2020-11-26,13788,13862,13741,13841,96591,r
2020-11-27,13781,13890,13763,13878,94121,r
2020-11-30,13883,13975,13704,13722,133848,g
2020-12-01,13818,13885,13751,13877,91149,r
2020-12-02,13932,13980,13855,13956,109526,r
2020-12-03,13971,14047,13903,13986,123415,r
2020-12-04,14022,14149,14012,14138,107795,r
2020-12-07,14181,14247,14087,14225,124683,r
2020-12-08,14206,14350,14156,14342,109702,r
2020-12-09,14372,14425,14331,14397,95553,r
2020-12-10,14261,14314,14178,14241,124762,g
2020-12-11,14290,14340,14091,14236,152573,g
2020-12-14,14264,14285,14197,14200,96649,g
2020-12-15,14162,14232,14030,14085,133830,g
2020-12-16,14198,14328,14186,14322,69719,r
2020-12-17,14220,14225,14085,14186,115652,g
2020-12-18,14190,14222,14128,14137,89377,g
2020-12-21,14155,14313,14021,14312,134417,r
2020-12-22,14253,14334,14042,14046,135918,g
2020-12-23,14104,14181,14031,14113,115155,r
2020-12-24,14185,14287,14179,14242,105890,r
2020-12-25,14328,14383,14245,14305,88382,g
2020-12-28,14329,14444,14320,14437,81663,r
2020-12-29,14465,14466,14376,14459,79140,g
2020-12-30,14451,14643,14440,14638,97715,r
2020-12-31,14678,14712,14604,14678,95250,r
2021-01-04,14640,14925,14635,14874,136418,r
2021-01-05,14874,14980,14836,14977,110584,r
2021-01-06,15048,15140,14764,14911,232247,g
2021-01-07,15050,15260,15024,15230,150718,r
2021-01-08,15376,15473,15264,15454,157479,r
2021-01-11,15420,15538,15369,15534,138091,r
2021-01-12,15517,15605,15407,15493,174168,g
2021-01-13,15557,15790,15555,15764,154207,r
2021-01-14,15705,15766,15632,15729,119908,r
2021-01-15,15950,16002,15584,15634,223867,g
2021-01-18,15637,15679,15327,15606,177780,g
2021-01-19,15714,15946,15710,15888,147332,r
2021-01-20,15899,15964,15735,15766,118918,g
2021-01-21,15803,16183,15769,16129,231029,r
2021-01-22,16051,16085,15928,15984,160968,g
2021-01-25,15956,16004,15719,15912,167725,g
2021-01-26,15865,15974,15537,15626,228676,g
2021-01-27,15725,15814,15585,15660,183234,g
2021-01-28,15411,15524,15305,15383,201902,g
2021-01-29,15498,15539,15063,15075,203189,g
2021-02-01,15156,15398,15090,15360,164061,r
2021-02-02,15469,15820,15459,15755,175239,r
2021-02-03,15864,15875,15716,15772,140799,g
2021-02-04,15721,15777,15542,15701,159362,g
2021-02-05,15809,15984,15751,15804,158711,g
2021-02-17,16261,16433,16179,16326,97829,r
2021-02-18,16374,16525,16287,16380,152649,r
2021-02-19,16301,16328,16130,16314,152657,r
2021-02-22,16480,16564,16336,16385,151213,g
2021-02-23,16223,16451,16182,16437,136215,r
2021-02-24,16300,16435,16133,16182,178964,g
2021-02-25,16388,16422,16243,16388,133910,r
2021-02-26,16037,16118,15852,15935,197461,g
2021-03-02,16249,16277,15868,15907,146169,g
2021-03-03,16000,16196,15885,16181,151923,r
2021-03-04,16025,16066,15756,15925,198456,g
2021-03-05,15601,15914,15570,15855,168052,r
2021-03-08,15950,16095,15767,15816,175215,g
2021-03-09,15810,15848,15608,15822,170669,r
2021-03-10,15977,15986,15808,15883,135501,g
2021-03-11,15951,16214,15942,16174,134085,r
2021-03-12,16276,16288,16155,16222,111380,g
2021-03-15,16206,16249,16142,16200,104404,g
2021-03-16,16250,16348,16213,16305,108989,r
2021-03-17,16304,16336,16161,16176,70775,g
2021-03-18,16255,16401,16220,16239,138607,g
2021-03-19,16100,16110,15953,16012,149659,g
2021-03-22,16018,16174,15911,16140,134486,r
2021-03-23,16223,16277,16103,16120,116871,g
2021-03-24,16019,16062,15939,15983,131631,g
2021-03-25,15890,16090,15870,16032,136257,r
2021-03-26,16095,16293,16081,16288,123690,r
2021-03-29,16370,16485,16350,16411,112020,r
2021-03-30,16469,16531,16418,16519,100761,r
2021-03-31,16540,16549,16403,16422,103715,g
2021-04-01,16535,16587,16452,16551,114810,r
2021-04-06,16760,16840,16697,16731,103529,g
2021-04-07,16777,16788,16673,16768,92995,g
2021-04-08,16715,16930,16687,16930,111152,r
2021-04-09,16952,16971,16810,16841,102589,g
2021-04-12,16895,16965,16760,16834,112795,g
2021-04-13,16910,17046,16780,16795,149960,g
2021-04-14,16860,16917,16592,16856,184815,g
2021-04-15,16881,17074,16852,17071,131427,r
2021-04-16,17062,17160,16990,17158,123739,r
2021-04-19,17118,17296,17111,17271,103693,r
2021-04-20,17238,17324,17206,17319,99047,r
2021-04-21,17225,17270,17150,17231,82281,r
2021-04-22,17258,17369,17053,17109,189631,g
2021-04-23,17061,17260,17041,17257,122667,r
2021-04-26,17337,17536,17323,17530,128090,r
2021-04-27,17532,17576,17460,17571,120401,r
2021-04-28,17548,17563,17475,17533,101939,g
2021-04-29,17578,17702,17531,17571,150269,g
2021-05-03,17501,17534,17226,17253,184143,g
2021-05-04,17271,17309,16668,16933,242821,g
2021-05-05,16847,17020,16756,16769,156870,g
2021-05-06,16884,17081,16700,16944,197351,r
2021-05-07,17120,17288,17060,17287,142220,r
2021-05-10,17369,17373,17178,17228,125075,g
2021-05-11,16968,16970,16425,16556,244702,g
2021-05-12,16503,16531,15027,15692,365799,g
2021-05-13,15538,15991,15348,15566,233564,r
2021-05-14,15800,16021,15653,15772,214696,g
2021-05-17,15183,15735,15096,15263,256471,r
2021-05-18,15563,16180,15501,16147,203129,r
2021-05-19,16122,16248,15979,16138,114547,r
2021-05-20,16078,16113,15854,15981,157663,g
2021-05-21,16222,16425,16072,16257,183369,r
2021-05-24,16079,16368,16069,16294,138277,r
2021-05-25,16463,16623,16425,16585,144203,r
2021-05-26,16616,16664,16504,16616,104531,r
2021-05-27,16593,16595,16219,16534,150071,g
2021-05-28,16731,16878,16673,16863,124140,r
2021-05-31,16891,17098,16884,17013,143425,r
2021-06-01,17050,17148,17015,17130,115114,r
2021-06-02,17171,17198,17016,17098,120228,g
2021-06-03,17253,17313,17147,17230,129666,g
2021-06-04,17051,17159,17025,17100,108240,r
2021-06-07,17212,17229,16719,17090,175677,g
2021-06-08,17190,17198,17030,17090,102166,g
2021-06-09,16997,17073,16889,16963,119910,g
2021-06-10,17035,17175,16992,17159,125623,r
2021-06-11,17189,17298,17189,17219,101792,r
2021-06-15,17322,17402,17276,17398,95967,r
2021-06-16,17324,17398,17033,17345,66516,r
2021-06-17,17070,17298,17039,17297,101443,r
2021-06-18,17315,17332,17212,17252,96090,g
2021-06-21,17048,17149,16891,16962,141986,g
2021-06-22,17155,17180,16988,17028,100072,g
2021-06-23,17100,17319,17059,17272,126987,r
2021-06-24,17298,17398,17261,17336,92468,r
2021-06-25,17438,17562,17377,17419,113747,g
2021-06-28,17484,17560,17398,17535,81297,r
2021-06-29,17595,17623,17451,17529,114831,g
2021-06-30,17610,17766,17583,17715,104369,r
2021-07-01,17678,17774,17555,17646,122680,g
2021-07-02,17651,17724,17588,17653,101450,r
2021-07-05,17755,17920,17742,17898,107652,r
2021-07-06,17956,17974,17858,17878,84402,g
2021-07-07,17821,17906,17715,17830,109367,r
2021-07-08,17876,17897,17694,17825,115967,g
2021-07-09,17662,17700,17526,17658,137903,g
2021-07-12,17848,17960,17770,17824,127641,g
2021-07-13,17958,18030,17824,17869,123186,g
2021-07-14,17846,17924,17748,17874,119916,r
2021-07-15,17919,18046,17868,18022,102470,r
2021-07-16,17826,17928,17772,17925,108304,r
2021-07-19,17717,17813,17647,17794,124038,r
2021-07-20,17680,17716,17478,17558,133498,g
2021-07-21,17655,17674,17376,17430,85482,g
2021-07-22,17441,17525,17347,17407,124291,g
2021-07-23,17486,17559,17380,17407,115854,g
2021-07-26,17473,17479,17197,17202,108582,g
2021-07-27,17322,17348,17153,17173,118268,g
2021-07-28,17062,17136,16733,16965,203423,g
2021-07-29,17136,17332,17068,17331,123014,r
2021-07-30,17285,17299,17126,17173,116506,g
2021-08-02,17313,17470,17160,17470,131214,r
2021-08-03,17426,17496,17361,17484,95188,r
2021-08-04,17491,17586,17464,17571,89061,r
2021-08-05,17570,17584,17520,17542,65462,g
2021-08-06,17555,17560,17353,17437,110072,g
2021-08-09,17438,17448,17235,17404,124472,g
2021-08-10,17396,17443,17259,17299,109033,g
2021-08-11,17217,17298,17078,17171,140906,g
2021-08-12,17207,17235,17125,17157,91388,g
2021-08-13,17185,17190,16934,16934,148896,g
2021-08-16,16829,16936,16750,16772,134562,g
2021-08-17,16850,16873,16575,16580,117535,g
2021-08-18,16440,16796,16389,16784,100900,r
2021-08-19,16611,16648,16256,16329,196612,g
2021-08-20,16297,16426,16145,16193,175893,g
2021-08-23,16427,16729,16393,16684,127297,r
2021-08-24,16822,16842,16717,16784,90435,g
2021-08-25,16794,16982,16785,16963,109356,r
2021-08-26,17103,17125,16882,16995,127097,g
2021-08-27,16940,17218,16908,17170,122511,r
2021-08-30,17249,17353,17206,17339,95668,r
2021-08-31,17276,17468,17144,17457,138350,r
2021-09-01,17408,17500,17363,17476,110554,r
2021-09-02,17434,17507,17266,17320,136590,g
2021-09-03,17442,17553,17370,17509,114187,r
2021-09-06,17440,17596,17425,17496,118875,r
2021-09-07,17522,17529,17337,17422,125083,g
2021-09-08,17395,17426,17163,17262,151473,g
2021-09-09,17142,17291,17084,17235,124510,r
2021-09-10,17300,17479,17284,17473,108121,r
2021-09-13,17434,17492,17356,17442,100818,r
2021-09-14,17541,17569,17426,17461,89454,g
2021-09-15,17403,17433,17280,17382,72295,g
2021-09-16,17337,17362,17191,17248,93144,g
2021-09-17,17256,17395,17165,17298,117475,r
2021-09-22,16835,16940,16751,16900,134552,r
2021-09-23,17020,17130,16985,17080,99563,r
2021-09-24,17191,17275,17170,17250,92944,r
2021-09-27,17247,17344,17222,17292,94561,r
2021-09-28,17182,17183,17042,17170,103522,g
2021-09-29,16926,16937,16760,16823,148537,g
2021-09-30,16803,16966,16704,16917,129062,r
2021-10-01,16800,16805,16415,16517,162803,g
2021-10-04,16588,16629,16313,16358,140746,g
2021-10-05,16240,16424,16107,16398,151363,r
2021-10-06,16470,16493,16265,16359,135744,g
2021-10-07,16521,16760,16519,16706,123558,r
2021-10-08,16740,16759,16591,16627,100910,g
2021-10-12,16485,16489,16285,16418,138234,g
2021-10-13,16520,16585,16318,16318,114412,g
2021-10-14,16496,16546,16354,16405,104099,g
2021-10-15,16654,16790,16570,16782,108151,r
2021-10-18,16800,16870,16705,16725,88842,g
2021-10-19,16810,16954,16787,16902,79811,r
2021-10-20,16973,16987,16863,16882,53379,g
2021-10-21,16879,17047,16812,16813,117743,g
2021-10-22,16877,16913,16770,16854,98811,g
2021-10-25,16788,16930,16731,16888,97209,r
2021-10-26,16975,17073,16948,17048,91899,r
2021-10-27,16944,17088,16928,17071,85947,r
2021-10-28,17013,17103,16984,17038,85287,r
2021-10-29,17061,17074,16858,16945,111379,g
2021-11-01,17040,17130,17028,17079,79799,r
2021-11-02,17167,17255,17004,17047,108844,g
2021-11-03,17081,17127,17040,17092,72076,r
2021-11-04,17269,17280,17050,17075,89933,g
2021-11-05,17150,17279,17106,17267,89855,r
2021-11-08,17256,17425,17251,17424,77214,r
2021-11-09,17499,17593,17480,17555,80723,r
2021-11-10,17550,17581,17496,17555,75735,r
2021-11-11,17430,17537,17395,17470,84209,r
2021-11-12,17570,17638,17491,17547,89400,g
2021-11-15,17615,17707,17603,17664,79926,r
2021-11-16,17662,17717,17653,17701,58695,r
2021-11-17,17711,17761,17678,17722,47675,r
2021-11-18,17769,17868,17763,17860,87482,r
2021-11-19,17919,17949,17813,17851,82608,g
2021-11-22,17790,17876,17787,17836,58434,r
2021-11-23,17765,17768,17638,17659,102491,g
2021-11-24,17604,17698,17593,17679,76578,r
2021-11-25,17688,17715,17600,17676,66726,g
2021-11-26,17530,17572,17307,17342,129577,g
2021-11-29,17243,17416,17184,17308,120115,r
2021-11-30,17428,17537,17312,17327,111857,g
2021-12-01,17350,17617,17333,17586,103435,r
2021-12-02,17570,17709,17509,17705,108436,r
2021-12-03,17696,17745,17621,17706,78781,r
2021-12-06,17619,17736,17527,17693,90743,r
2021-12-07,17677,17799,17586,17795,94193,r
2021-12-08,17945,17988,17840,17851,93915,g
2021-12-09,17886,17946,17812,17911,78813,r
2021-12-10,17808,17874,17765,17818,72306,r
2021-12-13,17912,17944,17743,17752,78553,g
2021-12-14,17683,17711,17565,17605,88543,g
2021-12-15,17588,17666,17536,17630,50891,r
2021-12-16,17765,17809,17671,17804,84057,r
2021-12-17,17716,17798,17703,17786,78487,r
2021-12-20,17720,17748,17564,17580,103615,g
2021-12-21,17660,17829,17624,17796,87901,r
2021-12-22,17847,17852,17783,17833,53900,g
2021-12-23,17935,17983,17903,17954,66047,r
2021-12-24,18014,18035,17946,17958,50003,g
2021-12-27,17982,18099,17967,18068,58095,r
2021-12-28,18115,18209,18105,18207,60935,r
2021-12-29,18195,18289,18188,18276,57008,r
2021-12-30,18242,18265,18177,18212,56892,g
2022-01-03,18288,18389,18203,18273,96931,g
2022-01-04,18361,18522,18359,18516,90689,r
2022-01-05,18480,18546,18438,18480,81986,r
2022-01-06,18345,18419,18238,18335,119542,g
2022-01-07,18459,18478,18115,18143,137397,g
2022-01-10,18075,18264,18022,18258,96289,r
2022-01-11,18200,18295,18102,18280,119060,r
2022-01-12,18403,18411,18271,18375,90061,g
2022-01-13,18433,18485,18364,18425,95020,g
2022-01-14,18549,18560,18220,18357,155236,g
2022-01-17,18417,18537,18387,18509,100472,r
2022-01-18,18531,18583,18347,18349,110932,g
2022-01-19,18261,18345,18210,18217,70331,g
2022-01-20,18203,18270,18081,18226,119037,r
2022-01-21,18026,18050,17836,17895,157744,g
2022-01-24,17736,17973,17703,17957,133653,r
2022-01-25,17790,17799,17578,17678,158555,g
2022-01-26,17683,17757,17607,17625,95615,g
2022-02-07,17797,17900,17693,17899,113311,r
2022-02-08,17960,18047,17922,17942,89409,g
2022-02-09,18068,18169,18050,18167,72131,r
2022-02-10,18230,18340,18133,18337,94850,r
2022-02-11,18202,18290,18182,18275,85357,r
2022-02-14,18099,18132,17934,17977,118091,g
2022-02-15,17922,18093,17883,17953,97676,r
2022-02-16,18184,18248,18140,18207,59689,r
2022-02-17,18269,18330,18168,18243,110093,g
2022-02-18,18065,18254,18039,18226,96285,r
2022-02-21,18001,18242,17970,18210,95829,r
2022-02-22,17990,18068,17773,17878,144177,g
2022-02-23,17954,18060,17936,18042,83797,r
2022-02-24,17811,17850,17506,17516,186963,g
2022-02-25,17660,17702,17513,17606,129349,g
2022-03-01,17756,17942,17692,17911,109678,r
2022-03-02,17788,17895,17758,17844,94427,r
2022-03-03,17942,17964,17865,17929,76649,g
2022-03-04,17608,17788,17522,17666,118354,r
2022-03-07,17362,17405,17051,17058,155945,g
2022-03-08,16840,17058,16695,16702,159871,g
2022-03-09,16890,17023,16865,16946,113718,r
2022-03-10,17301,17456,17269,17437,101384,r
2022-03-11,17372,17387,17170,17220,94554,g
2022-03-14,17289,17350,17150,17239,104264,g
2022-03-15,17177,17195,16861,16882,127350,g
2022-03-16,17080,17089,16801,16937,73199,g
2022-03-17,17339,17470,17262,17446,128692,r
2022-03-18,17441,17444,17295,17391,96761,g
2022-03-21,17442,17577,17439,17489,93140,r
2022-03-22,17536,17543,17453,17520,68089,g
2022-03-23,17644,17735,17610,17702,88756,r
2022-03-24,17570,17687,17548,17671,80120,r
2022-03-25,17720,17726,17591,17621,83057,g
2022-03-28,17512,17521,17304,17438,117547,g
2022-03-29,17560,17577,17484,17545,76385,g
2022-03-30,17671,17755,17658,17741,89837,r
2022-03-31,17747,17774,17623,17639,78011,g
2022-04-01,17466,17567,17414,17554,81946,r
2022-04-06,17439,17508,17327,17506,86912,r
2022-04-07,17333,17387,17123,17143,114546,g
2022-04-08,17200,17318,17169,17316,83281,r
2022-04-11,17222,17298,16976,17039,127779,g
2022-04-12,16960,17068,16906,16999,107319,r
2022-04-13,17080,17321,17071,17316,105913,r
2022-04-14,17349,17352,17251,17298,72448,g
2022-04-15,17102,17117,16960,16983,95242,g
2022-04-18,16908,16995,16813,16881,104425,g
2022-04-19,17065,17122,16988,17000,87868,g
2022-04-20,17071,17135,16992,17126,53762,r
2022-04-21,17180,17222,17090,17126,86002,g
2022-04-22,16862,16999,16823,16992,96333,r
2022-04-25,16686,16734,16508,16572,123321,g
2022-04-26,16648,16663,16533,16586,81902,g
2022-04-27,16221,16344,16160,16285,141112,r
2022-04-28,16317,16416,16220,16387,103721,r
2022-04-29,16555,16635,16495,16583,103875,r
2022-05-03,16487,16570,16434,16470,90179,g
2022-05-04,16505,16589,16489,16519,69370,r
2022-05-05,16753,16776,16645,16684,78722,g
2022-05-06,16310,16380,16266,16355,95774,r
2022-05-09,16156,16194,16015,16027,98847,g
2022-05-10,15809,16045,15730,16039,127144,r
2022-05-11,15989,16058,15907,16010,87439,r
2022-05-12,15801,15890,15608,15632,117996,g
2022-05-13,15777,15854,15743,15851,95043,r
2022-05-16,15996,16044,15847,15921,97948,g
2022-05-17,15978,16096,15963,16075,76752,r
2022-05-18,16180,16318,16159,16302,51713,r
2022-05-19,15871,15965,15820,15911,109113,r
2022-05-20,16069,16145,16013,16135,85478,r
2022-05-23,16220,16263,16076,16147,98829,g
2022-05-24,16131,16156,15914,15926,98021,g
2022-05-25,15996,16146,15968,16060,96676,r
2022-05-26,16153,16184,15928,15950,99193,g
2022-05-27,16110,16245,16100,16230,83336,r
2022-05-30,16400,16584,16391,16560,80655,r
2022-05-31,16492,16716,16460,16682,107357,r
2022-06-01,16647,16755,16592,16610,94376,g
2022-06-02,16536,16585,16471,16532,78784,g
2022-06-06,16590,16648,16463,16600,98757,r
2022-06-07,16520,16531,16406,16462,101337,g
2022-06-08,16560,16693,16555,16644,80796,r
2022-06-09,16573,16606,16524,16582,66974,r
2022-06-10,16380,16486,16350,16471,82802,r
2022-06-13,16115,16120,15993,16053,103019,g
2022-06-14,15950,16068,15841,16055,103651,r
2022-06-15,16052,16096,15989,16062,57752,r
2022-06-16,15751,15805,15382,15410,127054,g
2022-06-17,15196,15300,15137,15200,123806,r
2022-06-20,15182,15231,14966,15038,129690,g
2022-06-21,15164,15362,15115,15334,115118,r
2022-06-22,15316,15319,14984,15012,128298,g
2022-06-23,15059,15145,14804,14938,164352,g
2022-06-24,15006,15142,14959,15058,119811,r
2022-06-27,15205,15400,15201,15277,98537,r
2022-06-28,15299,15304,15096,15192,96028,g
2022-06-29,15020,15114,14980,15019,100639,g
2022-06-30,14931,14945,14610,14622,131969,g
2022-07-01,14656,14702,14128,14175,183609,g
2022-07-04,14236,14312,14025,14152,143166,g
2022-07-05,14350,14430,13975,14231,174925,g
2022-07-06,14213,14239,13858,13871,150634,g
2022-07-07,14068,14295,13832,14176,157844,r
2022-07-08,14390,14485,14264,14329,139163,g
2022-07-11,14467,14496,14229,14276,119884,g
2022-07-12,14157,14181,13850,13914,126970,g
2022-07-13,14240,14356,14203,14277,112280,r
2022-07-14,14237,14437,14122,14389,128056,r
2022-07-15,14422,14542,14333,14475,115586,r
2022-07-18,14577,14666,14535,14650,97507,r
2022-07-19,14562,14697,14533,14678,75051,r
2022-07-20,14845,14907,14696,14712,61379,g
2022-07-21,14600,14771,14573,14748,90727,r
2022-07-22,14796,14848,14725,14751,90996,g
2022-07-25,14750,14845,14688,14794,82634,r
2022-07-26,14755,14788,14650,14705,92181,g
2022-07-27,14670,14800,14615,14794,104595,r
2022-07-28,14922,14949,14786,14831,94962,g
2022-07-29,14936,14990,14870,14938,94106,r
2022-08-01,14921,14940,14804,14870,89798,g
2022-08-02,14767,14778,14589,14643,108920,g
2022-08-03,14627,14727,14594,14669,97963,r
2022-08-04,14686,14722,14461,14658,139609,g
2022-08-05,14780,15020,14777,15009,94860,r
2022-08-08,14937,14987,14888,14961,74400,r
2022-08-09,14894,15065,14853,15016,89654,r
2022-08-10,14874,14945,14832,14876,77707,r
2022-08-11,15115,15191,15093,15183,79596,r
2022-08-12,15229,15309,15200,15272,64246,r
2022-08-15,15369,15432,15310,15387,70493,r
2022-08-16,15390,15450,15385,15422,59340,r
2022-08-17,15404,15461,15396,15452,43013,r
2022-08-18,15250,15325,15224,15315,69330,r
2022-08-19,15308,15406,15275,15353,72573,r
2022-08-22,15171,15250,15156,15175,63922,r
2022-08-23,15059,15109,15022,15028,68645,g
2022-08-24,15080,15120,14987,15035,70287,g
2022-08-25,15130,15225,15116,15172,81716,r
2022-08-26,15271,15318,15228,15241,62640,g
2022-08-29,14832,14898,14762,14818,102821,g
2022-08-30,14850,14994,14837,14948,86046,r
2022-08-31,14849,15099,14826,15039,108516,r
2022-09-01,14841,14842,14675,14736,117696,g
2022-09-02,14776,14782,14584,14597,92322,g
2022-09-05,14590,14719,14561,14611,92528,r
2022-09-06,14720,14770,14555,14634,93171,g
2022-09-07,14445,14455,14331,14359,99305,g
2022-09-08,14459,14552,14389,14548,88497,r
2022-09-12,14775,14824,14731,14794,73842,r
2022-09-13,14884,14928,14827,14875,64556,g
2022-09-14,14458,14641,14443,14577,88649,r
2022-09-15,14578,14715,14562,14642,77284,r
2022-09-16,14500,14527,14465,14483,73528,g
2022-09-19,14550,14579,14406,14420,76933,g
2022-09-20,14548,14569,14464,14561,66392,r
2022-09-21,14476,14520,14392,14402,43913,g
2022-09-22,14225,14250,14088,14242,104145,r
2022-09-23,14212,14229,14056,14119,86729,g
2022-09-26,13916,13953,13740,13758,114637,g
2022-09-27,13843,13861,13735,13818,94787,g
2022-09-28,13796,13849,13486,13515,144367,g
2022-09-29,13658,13672,13471,13524,114685,g
2022-09-30,13356,13458,13298,13395,120026,r
2022-10-03,13248,13444,13215,13304,110283,r
2022-10-04,13530,13615,13489,13597,91519,r
2022-10-05,13740,13884,13721,13820,116435,r
2022-10-06,13932,13957,13814,13869,89567,g
2022-10-07,13781,13818,13683,13689,81042,g
2022-10-11,13251,13297,13081,13091,130789,g
2022-10-12,13049,13140,12975,13076,110759,r
2022-10-13,13032,13085,12805,12869,124854,g
2022-10-14,13150,13249,13074,13166,100323,r
2022-10-17,12964,13009,12821,12981,118529,r
2022-10-18,13158,13182,12992,13103,109718,g
2022-10-19,13125,13168,12967,12998,65908,g
2022-10-20,12815,12916,12662,12900,137537,r
2022-10-21,12922,12948,12794,12805,107923,g
2022-10-24,13100,13126,12864,12882,120319,g
2022-10-25,12895,12946,12652,12682,146444,g
2022-10-26,12722,12833,12664,12739,108896,r
2022-10-27,12883,12984,12878,12956,97654,r
2022-10-28,12855,12915,12745,12764,97132,g
2022-10-31,12880,12997,12836,12943,88369,r
2022-11-01,12960,13095,12934,13031,90923,r
2022-11-02,13033,13103,13015,13083,66141,r
2022-11-03,12883,12983,12854,12958,74126,r
2022-11-04,12880,13039,12850,13030,82377,r
2022-11-07,13156,13265,13096,13224,95526,r
2022-11-08,13312,13390,13298,13334,74514,r
2022-11-09,13467,13613,13438,13595,87422,r
2022-11-10,13543,13565,13461,13477,70993,g
2022-11-11,13965,14062,13896,14058,111884,r
2022-11-14,14159,14195,14080,14127,93292,g
2022-11-15,14237,14575,14212,14530,124599,r
2022-11-16,14620,14652,14451,14499,73243,g
2022-11-17,14471,14545,14357,14513,88508,r
2022-11-18,14551,14681,14437,14460,114290,g
2022-11-21,14492,14517,14411,14428,80223,g
2022-11-22,14457,14529,14364,14505,88305,r
2022-11-23,14615,14642,14543,14600,76971,g
2022-11-24,14690,14789,14656,14775,77417,r
2022-11-25,14769,14798,14703,14703,68341,g
2022-11-28,14550,14588,14433,14475,106428,g
2022-11-29,14470,14678,14431,14658,91986,r
2022-11-30,14640,14838,14619,14800,101786,r
2022-12-01,15030,15119,14927,14977,109442,g
2022-12-02,14860,14959,14842,14886,70181,r
2022-12-05,14898,15046,14880,14935,79481,r
2022-12-06,14874,14894,14672,14675,92453,g
2022-12-07,14603,14780,14594,14623,106897,r
2022-12-08,14567,14570,14413,14496,99574,g
2022-12-09,14636,14722,14572,14707,87700,r
2022-12-12,14649,14650,14485,14581,87099,g
2022-12-13,14660,14687,14496,14519,85905,g
2022-12-14,14609,14732,14576,14710,87730,r
2022-12-15,14658,14750,14607,14708,87954,r
2022-12-16,14440,14550,14411,14461,100988,r
2022-12-19,14405,14485,14362,14404,64949,g
2022-12-20,14366,14442,14121,14154,108897,g
2022-12-21,14210,14278,14175,14219,45346,r
2022-12-22,14311,14396,14285,14377,71947,r
2022-12-23,14168,14237,14125,14190,72919,r
2022-12-26,14196,14254,14192,14245,35312,r
2022-12-27,14295,14392,14278,14303,65326,r
2022-12-28,14190,14195,14070,14110,84581,g
2022-12-29,13960,14072,13938,14032,78427,r
2022-12-30,14193,14213,14127,14134,61365,g
2023-01-03,14050,14247,13952,14230,114601,r
2023-01-04,14205,14271,14181,14208,69500,r
2023-01-05,14324,14375,14239,14289,77618,g
2023-01-06,14278,14403,14275,14364,78468,r
2023-01-09,14618,14770,14582,14769,79899,r
2023-01-10,14745,14829,14735,14808,68954,r
2023-01-11,14855,14884,14746,14792,62257,g
2023-01-12,14825,14840,14709,14768,68191,g
2023-01-13,15000,15016,14822,14833,80383,g
2023-01-16,14935,15004,14916,14936,62933,r
2023-01-17,14923,14969,14906,14925,50602,r
2023-01-30,15558,15559,15364,15451,43570,g
2023-01-31,15449,15456,15265,15268,72932,g
2023-02-01,15350,15402,15297,15383,61363,r
2023-02-02,15549,15600,15468,15580,75344,r
2023-02-03,15581,15629,15488,15579,71749,g
2023-02-06,15504,15505,15391,15405,75308,g
2023-02-07,15383,15447,15366,15396,65047,r
2023-02-08,15475,15624,15474,15604,71731,r
2023-02-09,15549,15608,15530,15601,56490,r
2023-02-10,15596,15598,15520,15575,83269,g
2023-02-13,15510,15547,15431,15533,77702,r
2023-02-14,15633,15682,15588,15661,62687,r
2023-02-15,15502,15550,15382,15398,59061,g
2023-02-16,15458,15599,15451,15546,81638,r
2023-02-17,15428,15475,15384,15433,71206,r
2023-02-20,15386,15555,15367,15522,70770,r
2023-02-21,15486,15547,15471,15528,57220,r
2023-02-22,15353,15415,15306,15376,80455,r
2023-02-23,15435,15656,15433,15597,92181,r
2023-02-24,15642,15684,15526,15542,76668,g
2023-03-01,15381,15555,15333,15544,82553,r
2023-03-02,15596,15618,15435,15542,81481,g
2023-03-03,15612,15670,15568,15619,81452,r
2023-03-06,15730,15834,15692,15774,88501,r
2023-03-07,15786,15894,15750,15874,66057,r
2023-03-08,15725,15809,15721,15785,75133,r
2023-03-09,15855,15862,15751,15767,62946,g
2023-03-10,15618,15624,15452,15484,99826,g
2023-03-13,15450,15540,15345,15520,110273,r
2023-03-14,15358,15428,15310,15352,91660,g
2023-03-15,15472,15532,15404,15404,50561,g
2023-03-16,15194,15305,15150,15227,115367,r
2023-03-17,15310,15418,15298,15403,91787,r
2023-03-20,15454,15477,15352,15373,79647,g
2023-03-21,15464,15517,15425,15455,73240,g
2023-03-22,15589,15725,15568,15712,79364,r
2023-03-23,15695,15866,15683,15837,87808,r
2023-03-24,15878,15923,15806,15912,72503,r
2023-03-27,15855,15893,15793,15831,72213,g
2023-03-28,15814,15829,15655,15690,84132,g
2023-03-29,15730,15787,15653,15740,77174,r
2023-03-30,15822,15862,15761,15821,78722,g
2023-03-31,15879,15965,15860,15864,82029,g
2023-04-06,15780,15793,15701,15760,71423,g
2023-04-07,15850,15870,15796,15818,52377,g
2023-04-10,15839,15927,15828,15849,61147,r
2023-04-11,15834,15963,15825,15921,81383,r
2023-04-12,15957,15960,15866,15926,56983,g
2023-04-13,15865,15903,15808,15816,79317,g
2023-04-14,15882,15995,15855,15947,86791,r
2023-04-17,15920,15974,15877,15970,61613,r
2023-04-18,15931,15963,15862,15890,73121,g
2023-04-19,15893,15923,15750,15774,49147,g
2023-04-20,15730,15798,15682,15731,95063,r
2023-04-21,15757,15778,15602,15615,101722,g
2023-04-24,15545,15655,15542,15623,74548,r
2023-04-25,15641,15662,15369,15388,117712,g
2023-04-26,15390,15409,15312,15375,96417,g
2023-04-27,15342,15461,15305,15427,85773,r
2023-04-28,15515,15596,15498,15573,84499,r
2023-05-02,15628,15672,15551,15636,78904,r
2023-05-03,15559,15595,15523,15552,67559,g
2023-05-04,15496,15619,15490,15609,70485,r
2023-05-05,15598,15696,15576,15643,78720,r
2023-05-08,15758,15776,15704,15723,67203,g
2023-05-09,15706,15744,15652,15739,73056,r
2023-05-10,15692,15702,15581,15609,79711,g
2023-05-11,15660,15683,15517,15518,92384,g
2023-05-12,15450,15559,15420,15508,87209,r
2023-05-15,15439,15522,15425,15510,76356,r
2023-05-16,15604,15723,15593,15690,74523,r
2023-05-17,15720,15973,15713,15954,64172,r
2023-05-18,16026,16085,15960,16070,86091,r
2023-05-19,16153,16161,16068,16129,72575,g
2023-05-22,16133,16158,16091,16116,57625,g
2023-05-23,16149,16195,16072,16133,82147,g
2023-05-24,16055,16091,16005,16072,76885,r
2023-05-25,16132,16232,16125,16207,98344,r
2023-05-26,16362,16456,16346,16435,89845,r
2023-05-29,16607,16633,16543,16570,73704,g
2023-05-30,16550,16607,16515,16576,66034,r
2023-05-31,16576,16598,16455,16489,97860,g
2023-06-01,16440,16518,16422,16470,69997,r
2023-06-02,16577,16738,16566,16710,81823,r
2023-06-05,16750,16764,16657,16681,67672,g
2023-06-06,16687,16784,16680,16747,76464,r
2023-06-07,16785,16906,16766,16889,75921,r
2023-06-08,16852,16867,16667,16719,86292,g
2023-06-09,16802,16888,16785,16888,68522,r
2023-06-12,16954,16984,16907,16942,62692,g
2023-06-13,17088,17274,17081,17220,89173,r
2023-06-14,17199,17230,17133,17203,69623,r
2023-06-15,17250,17348,17230,17337,73362,r
2023-06-16,17292,17322,17215,17268,82782,g
2023-06-19,17194,17286,17160,17255,67947,r
2023-06-20,17210,17238,17106,17189,82380,g
2023-06-21,17157,17244,17140,17230,42242,r
2023-06-26,16851,16915,16822,16880,72165,r
2023-06-27,16805,16855,16705,16743,94068,g
2023-06-28,16795,16810,16712,16776,75639,g
2023-06-29,16851,16965,16733,16756,111693,g
2023-06-30,16718,16826,16671,16788,76932,r
2023-07-03,16901,17038,16897,17035,75494,r
2023-07-04,17025,17116,16983,17106,67406,r
2023-07-05,17086,17098,16975,17005,72781,g
2023-07-06,16869,16898,16673,16686,108783,g
2023-07-07,16566,16708,16536,16623,96781,r
2023-07-10,16675,16737,16545,16550,99279,g
2023-07-11,16750,16877,16737,16870,82907,r
2023-07-12,16880,16929,16824,16925,78308,r
2023-07-13,17137,17255,17056,17084,107106,g
2023-07-14,17219,17305,17143,17292,83487,r
2023-07-17,17234,17345,17229,17291,69789,r
2023-07-18,17338,17386,17152,17225,100538,g
2023-07-19,17287,17325,17092,17102,66082,g
2023-07-20,17020,17150,17018,17126,87999,r
2023-07-21,16860,16984,16816,16944,99103,r
2023-07-24,16947,17024,16866,16981,94468,r
2023-07-25,17091,17225,17054,17180,92648,r
2023-07-26,17206,17208,17078,17102,92558,g
2023-07-27,17183,17263,17168,17221,90976,r
2023-07-28,17155,17299,17135,17262,105963,r
2023-07-31,17400,17425,17058,17100,130807,g
2023-08-01,17160,17218,17090,17182,91998,r
2023-08-02,17093,17162,16806,16814,136576,g
2023-08-04,16720,16863,16715,16824,96578,r
2023-08-07,16859,17027,16836,17002,93444,r
2023-08-08,17020,17026,16757,16853,114639,g
2023-08-09,16815,16935,16780,16852,99067,r
2023-08-10,16788,16797,16584,16660,114970,g
2023-08-11,16711,16754,16574,16625,95141,g
2023-08-14,16567,16570,16306,16378,119643,g
2023-08-15,16471,16540,16422,16422,78803,g
2023-08-16,16300,16413,16290,16364,55722,r
2023-08-17,16261,16493,16205,16454,124667,r
2023-08-18,16422,16541,16320,16352,118103,g
2023-08-21,16424,16474,16325,16351,91743,g
2023-08-22,16495,16507,16380,16401,86226,g
2023-08-23,16419,16561,16405,16559,97826,r
2023-08-24,16788,16798,16670,16759,108483,g
2023-08-25,16549,16586,16415,16421,99873,g
2023-08-28,16468,16548,16461,16490,83016,r
2023-08-29,16578,16632,16453,16624,84828,r
2023-08-30,16738,16778,16695,16724,69972,g
2023-08-31,16730,16731,16602,16628,89829,g
2023-09-01,16608,16727,16600,16651,78425,r
2023-09-04,16646,16782,16607,16782,84928,r
2023-09-05,16736,16765,16707,16754,56978,r
2023-09-06,16758,16801,16702,16711,70586,g
2023-09-07,16604,16660,16560,16564,78282,g
2023-09-08,16490,16579,16467,16563,74541,r
2023-09-11,16560,16577,16366,16427,104249,g
2023-09-12,16459,16591,16413,16573,94537,r
2023-09-13,16570,16645,16523,16577,79001,r
2023-09-14,16676,16842,16675,16838,82982,r
2023-09-15,16848,16918,16808,16906,74629,r
2023-09-18,16757,16796,16700,16709,71901,g
2023-09-19,16700,16741,16603,16609,73679,g
2023-09-20,16611,16648,16531,16537,46135,g
2023-09-21,16479,16483,16280,16309,103883,g
2023-09-22,16200,16355,16188,16345,77413,r
2023-09-25,16352,16491,16340,16464,69416,r
2023-09-26,16400,16408,16273,16308,88019,g
2023-09-27,16246,16334,16230,16311,76108,r
2023-09-28,16342,16435,16295,16368,90611,r
2023-10-02,16531,16610,16504,16557,76530,r
2023-10-03,16497,16553,16408,16412,84165,g
2023-10-04,16285,16286,16164,16245,105775,g
2023-10-05,16300,16486,16288,16456,88102,r
2023-10-06,16476,16552,16473,16531,67755,r
2023-10-11,16829,16829,16662,16717,82924,g
2023-10-12,16768,16857,16725,16848,75642,r
2023-10-13,16750,16807,16730,16770,65729,r
2023-10-16,16661,16683,16603,16648,78553,g
2023-10-17,16764,16782,16634,16650,67449,g
2023-10-18,16616,16633,16411,16426,59625,g
2023-10-19,16365,16487,16357,16458,83643,r
2023-10-20,16440,16465,16255,16413,115067,g
2023-10-23,16350,16366,16250,16254,78866,g
2023-10-24,16274,16343,16148,16335,117143,r
2023-10-25,16370,16480,16350,16358,85051,g
2023-10-26,16144,16176,16039,16069,109855,g
2023-10-27,16137,16217,16120,16151,84423,r
2023-10-30,16118,16238,16111,16157,88581,r
2023-10-31,16180,16197,15973,15994,108999,g
2023-11-01,16099,16120,15978,16048,86876,g
2023-11-02,16256,16399,16250,16390,80745,r
2023-11-03,16488,16537,16441,16512,73851,r
2023-11-06,16680,16750,16626,16670,82809,g
2023-11-07,16632,16712,16613,16709,64900,r
2023-11-08,16725,16797,16687,16749,76106,r
2023-11-09,16711,16788,16692,16763,69625,r
2023-11-10,16664,16738,16627,16736,76599,r
2023-11-13,16969,16985,16836,16876,81001,g
2023-11-14,16956,16976,16912,16949,58854,g
2023-11-15,17170,17192,17055,17123,50266,g
2023-11-16,17196,17218,17109,17186,72678,g
2023-11-17,17152,17252,17151,17222,72926,r
2023-11-20,17227,17288,17154,17200,72248,g
2023-11-21,17281,17425,17280,17415,70146,r
2023-11-22,17298,17334,17256,17284,65436,g
2023-11-23,17275,17323,17214,17307,73744,r
2023-11-24,17330,17350,17265,17293,51647,g
2023-11-27,17257,17361,17145,17173,90240,g
2023-11-28,17215,17402,17195,17364,87468,r
2023-11-29,17339,17450,17314,17334,78995,g
2023-11-30,17400,17416,17291,17393,82949,g
2023-12-01,17333,17434,17254,17421,79683,r
2023-12-04,17465,17491,17376,17419,69254,g
2023-12-05,17285,17330,17231,17309,76573,r
2023-12-06,17367,17453,17346,17381,79344,r
2023-12-07,17321,17371,17261,17270,77268,g
2023-12-08,17409,17470,17363,17377,87603,g
2023-12-11,17436,17457,17350,17418,64963,g
2023-12-12,17518,17545,17427,17464,67162,g
2023-12-13,17491,17519,17426,17453,65107,g
2023-12-14,17608,17691,17595,17666,93001,r
2023-12-15,17771,17775,17672,17674,70299,g
2023-12-18,17672,17673,17583,17655,62906,g
2023-12-19,17596,17621,17505,17574,73241,g
2023-12-20,17605,17655,17596,17636,38508,r
2023-12-21,17442,17544,17414,17529,72858,r
2023-12-22,17563,17597,17542,17558,52665,g
2023-12-25,17644,17666,17607,17622,36922,g
2023-12-26,17651,17740,17634,17735,52567,r
2023-12-27,17755,17874,17737,17857,64574,r
2023-12-28,17850,17887,17821,17865,56412,r
2023-12-29,17853,17900,17828,17868,56464,r
