trade_date,contract,maturity_month_week,open,high,low,close,change,change_pct,volume,settlement,open_interest,best_bid,best_ask,hist_high,hist_low,year,info_pause,session,spread_single_order_volume
1998-07-21,TX,199809,8131,8131,8036,8045,-,-,208,8045,137,-,-,8131,8036,original,,,
1998-07-22,TX,199809,7950,7950,7820,7870,-175,-2.18%,360,7870,279,-,-,8131,7820,original,,,
1998-07-23,TX,199809,7830,7859,7802,7825,-45,-0.57%,190,7825,357,-,-,8131,7802,original,,,
1998-07-24,TX,199809,7750,7835,7740,7835,10,0.13%,340,7835,420,-,-,8131,7740,original,,,
1998-07-27,TX,199809,7830,7835,7780,7786,-49,-0.63%,150,7786,466,-,-,8131,7740,original,,,
1998-07-28,TX,199809,7809,7830,7741,7742,-44,-0.57%,264,7742,496,-,-,8131,7740,original,,,
1998-07-29,TX,199809,7710,7729,7657,7680,-62,-0.80%,323,7680,555,-,-,8131,7657,original,,,
1998-07-30,TX,199809,7665,7678,7620,7638,-42,-0.55%,222,7638,580,-,-,8131,7620,original,,,
1998-07-31,TX,199809,7660,7683,7600,7600,-38,-0.50%,257,7600,622,-,-,8131,7600,original,,,
1998-08-01,TX,199809,7557,7609,7550,7609,9,0.12%,378,7609,712,-,-,8131,7550,original,,,
1998-08-03,TX,199809,7640,7657,7542,7552,-57,-0.75%,293,7552,790,-,-,8131,7542,original,,,
1998-08-04,TX,199809,7555,7600,7548,7560,8,0.11%,302,7560,855,-,-,8131,7542,original,,,
1998-08-05,TX,199809,7510,7520,7470,7487,-73,-0.97%,455,7487,922,-,-,8131,7470,original,,,
1998-08-06,TX,199809,7515,7525,7451,7462,-25,-0.33%,270,7462,971,-,-,8131,7451,original,,,
1998-08-07,TX,199809,7480,7520,7452,7515,53,0.71%,453,7515,1049,-,-,8131,7451,original,,,
1998-08-10,TX,199809,7500,7500,7350,7365,-150,-2.00%,345,7365,1048,-,-,8131,7350,original,,,
1998-08-11,TX,199809,7316,7379,7316,7360,-5,-0.07%,386,7360,1093,-,-,8131,7316,original,,,
1998-08-12,TX,199809,7335,7335,7281,7330,-30,-0.41%,384,7330,1205,-,-,8131,7281,original,,,
1998-08-13,TX,199809,7360,7378,7291,7291,-39,-0.53%,496,7291,1280,-,-,8131,7281,original,,,
1998-08-14,TX,199809,7275,7326,7140,7320,29,0.40%,528,7320,1339,-,-,8131,7140,original,,,
1998-08-15,TX,199809,7261,7338,7261,7300,-20,-0.27%,361,7300,1329,-,-,8131,7140,original,,,
1998-08-17,TX,199809,7285,7285,7219,7219,-81,-1.11%,308,7219,1331,-,-,8131,7140,original,,,
1998-08-18,TX,199809,7250,7250,7165,7220,1,0.01%,574,7220,1402,-,-,8131,7140,original,,,
1998-08-19,TX,199809,7269,7300,7260,7285,65,0.90%,543,7285,1496,-,-,8131,7140,original,,,
1998-08-20,TX,199809,7300,7300,7253,7274,-11,-0.15%,322,7274,1577,-,-,8131,7140,original,,,
1998-08-21,TX,199809,7255,7255,7220,7225,-49,-0.67%,301,7225,1583,-,-,8131,7140,original,,,
1998-08-24,TX,199809,7172,7175,6955,6955,-270,-3.74%,919,6955,1604,-,-,8131,6955,original,,,
1998-08-25,TX,199809,6938,6970,6844,6949,-6,-0.09%,780,6949,1628,-,-,8131,6844,original,,,
1998-08-26,TX,199809,6990,7014,6790,6790,-159,-2.29%,839,6790,1657,-,-,8131,6790,original,,,
1998-08-27,TX,199809,6681,6850,6651,6835,45,0.66%,1137,6835,1641,-,-,8131,6651,original,,,
1998-08-28,TX,199809,6699,6820,6655,6695,-140,-2.05%,1285,6695,1764,-,-,8131,6651,original,,,
1998-08-29,TX,199809,6700,6780,6700,6728,33,0.49%,698,6728,1879,-,-,8131,6651,original,,,
1998-08-31,TX,199809,6750,6756,6566,6566,-162,-2.41%,922,6566,1928,-,-,8131,6566,original,,,
1998-09-01,TX,199809,6352,6410,6216,6410,-156,-2.38%,1584,6410,1783,-,-,8131,6216,original,,,
1998-09-02,TX,199809,6494,6495,6380,6430,20,0.31%,1417,6430,1834,-,-,8131,6216,original,,,
1998-09-03,TX,199809,6400,6400,6200,6200,-230,-3.58%,1459,6200,2075,-,-,8131,6200,original,,,
1998-09-04,TX,199809,6120,6400,6120,6399,199,3.21%,1789,6399,1940,-,-,8131,6120,original,,,
1998-09-05,TX,199809,6420,6710,6420,6700,301,4.70%,2198,6700,1827,-,-,8131,6120,original,,,
1998-09-07,TX,199809,6730,6769,6603,6719,19,0.28%,1632,6719,1946,-,-,8131,6120,original,,,
1998-09-08,TX,199809,6719,6870,6700,6865,146,2.17%,1410,6865,2000,-,-,8131,6120,original,,,
1998-09-09,TX,199809,6930,6931,6735,6770,-95,-1.38%,1901,6770,2075,-,-,8131,6120,original,,,
1998-09-10,TX,199809,6720,6798,6702,6730,-40,-0.59%,1371,6730,1915,-,-,8131,6120,original,,,
1998-09-11,TX,199809,6680,6769,6630,6769,39,0.58%,1804,6769,1676,-,-,8131,6120,original,,,
1998-09-14,TX,199809,6789,6849,6769,6818,49,0.72%,871,6818,1479,-,-,8131,6120,original,,,
1998-09-15,TX,199809,6840,6850,6780,6825,7,0.10%,612,6825,1156,-,-,8131,6120,original,,,
1998-09-16,TX,199809,6815,6995,6815,6995,170,2.49%,732,6995,575,-,-,8131,6120,original,,,
1998-09-17,TX,199810,6945,6964,6892,6906,-24,-0.35%,1979,6906,2146,-,-,7770,6150,original,,,
1998-09-18,TX,199810,6840,6876,6832,6842,-64,-0.93%,1470,6842,2608,-,-,7770,6150,original,,,
1998-09-19,TX,199810,6859,7040,6855,7039,197,2.88%,2339,7039,2821,-,-,7770,6150,original,,,
1998-09-21,TX,199810,7035,7060,6850,6861,-178,-2.53%,2307,6861,2918,-,-,7770,6150,original,,,
1998-09-22,TX,199810,6930,6958,6855,6926,65,0.95%,1715,6926,3208,-,-,7770,6150,original,,,
1998-09-23,TX,199810,6900,6946,6850,6852,-74,-1.07%,1773,6852,3400,-,-,7770,6150,original,,,
1998-09-24,TX,199810,6940,6940,6870,6890,38,0.55%,1403,6890,3630,-,-,7770,6150,original,,,
1998-09-25,TX,199810,6856,6881,6771,6871,-19,-0.28%,1928,6871,3269,-,-,7770,6150,original,,,
1998-09-28,TX,199810,6860,6880,6801,6840,-31,-0.45%,1132,6840,3442,-,-,7770,6150,original,,,
1998-09-29,TX,199810,6870,6875,6780,6806,-34,-0.50%,1389,6806,3590,-,-,7770,6150,original,,,
1998-09-30,TX,199810,6806,6827,6751,6787,-19,-0.28%,1239,6787,3554,-,-,7770,6150,original,,,
1998-10-01,TX,199810,6738,6745,6620,6620,-167,-2.46%,2073,6620,3384,-,-,7770,6150,original,,,
1998-10-02,TX,199810,6530,6530,6311,6398,-222,-3.35%,2532,6398,2943,-,-,7770,6150,original,,,
1998-10-03,TX,199810,6398,6555,6398,6550,152,2.38%,2383,6550,2930,-,-,7770,6150,original,,,
1998-10-06,TX,199810,6490,6493,6320,6450,-100,-1.53%,2007,6450,3079,-,-,7770,6150,original,,,
1998-10-07,TX,199810,6469,6640,6469,6639,189,2.93%,2348,6639,3347,-,-,7770,6150,original,,,
1998-10-08,TX,199810,6600,7035,6600,6981,342,5.15%,3281,6981,3089,-,-,7770,6150,original,,,
1998-10-09,TX,199810,6980,7028,6830,6900,-81,-1.16%,3290,6900,3164,-,-,7770,6150,original,,,
1998-10-12,TX,199810,6980,6980,6900,6935,35,0.51%,1613,6935,3119,-,-,7770,6150,original,,,
1998-10-13,TX,199810,6950,6990,6851,6852,-83,-1.20%,2387,6852,3101,-,-,7770,6150,original,,,
1998-10-14,TX,199810,6830,6830,6740,6775,-77,-1.12%,2224,6775,2706,-,-,7770,6150,original,,,
1998-10-15,TX,199810,6775,6781,6720,6760,-15,-0.22%,1188,6760,2752,-,-,7770,6150,original,,,
1998-10-17,TX,199810,6950,6975,6895,6908,148,2.19%,1592,6908,2396,-,-,7770,6150,original,,,
1998-10-19,TX,199810,6920,6926,6871,6900,-8,-0.12%,641,6900,2039,-,-,7770,6150,original,,,
1998-10-20,TX,199810,6885,6898,6812,6812,-88,-1.28%,777,6812,1367,-,-,7770,6150,original,,,
1998-10-21,TX,199810,6812,7055,6789,7054,242,3.55%,926,7054,579,-,-,7770,6150,original,,,
1998-10-22,TX,199811,7030,7038,6905,6955,-44,-0.63%,2243,6955,3761,-,-,7038,6290,original,,,
1998-10-23,TX,199811,6975,7040,6962,7015,60,0.86%,2586,7015,4110,-,-,7040,6290,original,,,
1998-10-26,TX,199811,7000,7010,6951,7010,-5,-0.07%,1463,7010,4387,-,-,7040,6290,original,,,
1998-10-27,TX,199811,7020,7061,6980,7014,4,0.06%,2071,7014,4784,-,-,7061,6290,original,,,
1998-10-28,TX,199811,7005,7020,6906,6914,-100,-1.43%,2947,6914,4791,-,-,7061,6290,original,,,
1998-10-29,TX,199811,6912,6965,6907,6965,51,0.74%,1515,6965,5046,-,-,7061,6290,original,,,
1998-10-30,TX,199811,7000,7046,6950,7035,70,1.01%,2302,7035,5204,-,-,7061,6290,original,,,
1998-10-31,TX,199811,7058,7120,7035,7118,83,1.18%,2753,7118,5244,-,-,7120,6290,original,,,
1998-11-02,TX,199811,7129,7200,7118,7181,63,0.89%,2530,7181,5259,-,-,7200,6290,original,,,
1998-11-03,TX,199811,7150,7150,7073,7080,-101,-1.41%,2876,7080,5113,-,-,7200,6290,original,,,
1998-11-04,TX,199811,7051,7060,6920,6958,-122,-1.72%,3434,6958,4529,-,-,7200,6290,original,,,
1998-11-05,TX,199811,6970,7025,6903,7015,57,0.82%,2888,7015,4655,-,-,7200,6290,original,,,
1998-11-06,TX,199811,7018,7018,6915,6921,-94,-1.34%,3000,6921,4661,-,-,7200,6290,original,,,
1998-11-07,TX,199811,6930,7000,6930,7000,79,1.14%,2117,7000,4826,-,-,7200,6290,original,,,
1998-11-09,TX,199811,7001,7018,6940,6965,-35,-0.50%,1374,6965,4869,-,-,7200,6290,original,,,
1998-11-10,TX,199811,6901,6901,6828,6831,-134,-1.92%,2496,6831,4320,-,-,7200,6290,original,,,
1998-11-11,TX,199811,6781,6788,6707,6710,-121,-1.77%,2317,6710,3816,-,-,7200,6290,original,,,
1998-11-13,TX,199811,6850,6899,6820,6894,184,2.74%,2411,6894,3235,-,-,7200,6290,original,,,
1998-11-16,TX,199811,6914,7072,6914,7070,176,2.55%,1784,7070,2365,-,-,7200,6290,original,,,
1998-11-17,TX,199811,7070,7180,7041,7165,95,1.34%,1252,7165,1488,-,-,7200,6290,original,,,
1998-11-18,TX,199811,7195,7198,7052,7110,-55,-0.77%,940,7110,770,-,-,7200,6290,original,,,
1998-11-19,TX,199812,7160,7365,7160,7350,210,2.94%,3567,7350,4036,-,-,8025,6200,original,,,
1998-11-20,TX,199812,7360,7390,7293,7390,40,0.54%,2989,7390,4319,-,-,8025,6200,original,,,
1998-11-21,TX,199812,7425,7456,7355,7380,-10,-0.14%,3385,7380,4603,-,-,8025,6200,original,,,
1998-11-23,TX,199812,7326,7380,7320,7344,-36,-0.49%,1636,7344,4913,-,-,8025,6200,original,,,
1998-11-24,TX,199812,7425,7538,7425,7525,181,2.46%,3250,7525,4685,-,-,8025,6200,original,,,
1998-11-25,TX,199812,7250,7380,7250,7366,-159,-2.11%,4222,7366,5152,-,-,8025,6200,original,,,
1998-11-26,TX,199812,7385,7550,7368,7529,163,2.21%,3485,7529,5004,-,-,8025,6200,original,,,
1998-11-27,TX,199812,7550,7558,7455,7490,-39,-0.52%,2598,7490,5172,-,-,8025,6200,original,,,
1998-11-30,TX,199812,7480,7484,7410,7413,-77,-1.03%,2194,7413,5674,-,-,8025,6200,original,,,
1998-12-01,TX,199812,7360,7415,7328,7336,-77,-1.04%,2815,7336,6106,-,-,8025,6200,original,,,
1998-12-02,TX,199812,7400,7420,7355,7380,44,0.60%,2268,7380,6871,-,-,8025,6200,original,,,
1998-12-03,TX,199812,7365,7370,7301,7321,-59,-0.80%,1844,7321,7010,-,-,8025,6200,original,,,
1998-12-04,TX,199812,7320,7384,7306,7384,63,0.86%,2017,7384,7054,-,-,8025,6200,original,,,
1998-12-07,TX,199812,7534,7540,7470,7470,86,1.16%,2958,7470,7159,-,-,8025,6200,original,,,
1998-12-08,TX,199812,7500,7510,7350,7352,-118,-1.58%,2678,7352,7530,-,-,8025,6200,original,,,
1998-12-09,TX,199812,7328,7338,7201,7226,-126,-1.71%,2646,7226,7173,-,-,8025,6200,original,,,
1998-12-10,TX,199812,7200,7250,7151,7186,-40,-0.55%,2171,7186,6915,-,-,8025,6200,original,,,
1998-12-11,TX,199812,7110,7190,6960,6965,-221,-3.08%,2886,6965,5648,-,-,8025,6200,original,,,
1998-12-14,TX,199812,6965,7040,6940,6959,-6,-0.09%,1576,6959,4828,-,-,8025,6200,original,,,
1998-12-15,TX,199812,6901,7010,6760,7000,41,0.59%,2067,7000,3335,-,-,8025,6200,original,,,
1998-12-16,TX,199812,6975,6985,6760,6760,-240,-3.43%,1701,6760,1857,-,-,8025,6200,original,,,
1998-12-17,TX,199901,6761,6870,6672,6691,-168,-2.45%,5263,6691,5415,-,-,7640,6672,original,,,
1998-12-18,TX,199901,6750,6830,6660,6769,78,1.17%,5258,6769,5775,-,-,7640,6660,original,,,
1998-12-19,TX,199901,6759,6759,6588,6612,-157,-2.32%,4491,6612,6064,-,-,7640,6588,original,,,
1998-12-21,TX,199901,6660,6747,6650,6705,93,1.41%,3869,6705,6177,-,-,7640,6588,original,,,
1998-12-22,TX,199901,6749,6950,6732,6940,235,3.50%,4617,6940,6053,-,-,7640,6588,original,,,
1998-12-23,TX,199901,6920,6930,6820,6835,-105,-1.51%,3868,6835,6515,-,-,7640,6588,original,,,
1998-12-24,TX,199901,6920,6949,6835,6840,5,0.07%,3801,6840,6792,-,-,7640,6588,original,,,
1998-12-28,TX,199901,6789,6789,6550,6591,-249,-3.64%,4403,6591,6569,-,-,7640,6550,original,,,
1998-12-29,TX,199901,6530,6645,6480,6630,39,0.59%,3876,6630,6782,-,-,7640,6480,original,,,
1998-12-30,TX,199901,6649,6720,6581,6608,-22,-0.33%,4600,6608,7527,-,-,7640,6480,original,,,
1998-12-31,TX,199901,6669,6680,6531,6531,-77,-1.17%,3173,6531,7885,-,-,7640,6480,original,,,
1999-01-05,TX,199901,6430,6430,6074,6120,-411,-6.29%,5058,6120.0,6441,-,-,7640,6074,original,,,
1999-01-06,TX,199901,6011,6330,6011,6245,125,2.04%,5903,6245.0,5290,-,-,7640,6011,original,,,
1999-01-07,TX,199901,6385,6510,6211,6510,265,4.24%,5515,6510.0,5127,-,-,7640,6011,original,,,
1999-01-08,TX,199901,6442,6520,6391,6452,-58,-0.89%,4385,6452.0,4864,-,-,7640,6011,original,,,
1999-01-11,TX,199901,6478,6500,6385,6435,-17,-0.26%,2558,6435.0,4641,-,-,7640,6011,original,,,
1999-01-12,TX,199901,6435,6470,6360,6390,-45,-0.70%,3195,6390.0,4434,-,-,7640,6011,original,,,
1999-01-13,TX,199901,6332,6360,6290,6352,-38,-0.59%,2693,6352.0,4261,-,-,7640,6011,original,,,
1999-01-14,TX,199901,6318,6335,6231,6280,-72,-1.13%,2775,6280.0,4109,-,-,7640,6011,original,,,
1999-01-15,TX,199901,6220,6600,6200,6600,320,5.10%,3923,6600.0,3232,-,-,7640,6011,original,,,
1999-01-16,TX,199901,6599,6619,6502,6530,-70,-1.06%,2442,6530.0,2645,-,-,7640,6011,original,,,
1999-01-18,TX,199901,6530,6530,6410,6412,-118,-1.81%,885,6412.0,2240,-,-,7640,6011,original,,,
1999-01-19,TX,199901,6421,6486,6355,6385,-27,-0.42%,932,6385.0,1636,-,-,7640,6011,original,,,
1999-01-20,TX,199901,6385,6395,6309,6321,-64,-1.00%,1015,6321.0,758,-,-,7640,6011,original,,,
1999-01-21,TX,199902,6420,6548,6415,6417,12,0.19%,4800,6417.0,4089,-,-,6998,6011,original,,,
1999-01-22,TX,199902,6359,6391,6271,6285,-132,-2.06%,3985,6285.0,4587,-,-,6998,6011,original,,,
1999-01-25,TX,199902,6220,6220,6031,6040,-245,-3.90%,3424,6040.0,4725,-,-,6998,6011,original,,,
1999-01-26,TX,199902,6089,6230,6026,6220,180,2.98%,5115,6220.0,4932,-,-,6998,6011,original,,,
1999-01-27,TX,199902,6249,6270,6141,6145,-75,-1.21%,3969,6145.0,5066,-,-,6998,6011,original,,,
1999-01-28,TX,199902,6101,6140,6052,6070,-75,-1.22%,3359,6070.0,4793,-,-,6998,6011,original,,,
1999-01-29,TX,199902,6102,6120,6020,6080,10,0.16%,3691,6080.0,5025,-,-,6998,6011,original,,,
1999-01-30,TX,199902,6080,6200,6050,6110,30,0.49%,5084,6110.0,5212,-,-,6998,6011,original,,,
1999-02-01,TX,199902,6051,6051,5952,5954,-156,-2.55%,3284,5954.0,5406,-,-,6998,5952,original,,,
1999-02-02,TX,199902,6000,6010,5860,5880,-74,-1.24%,3803,5880.0,5327,-,-,6998,5860,original,,,
1999-02-03,TX,199902,5800,5940,5711,5890,10,0.17%,5641,5890.0,5548,-,-,6998,5711,original,,,
1999-02-04,TX,199902,5852,5870,5550,5558,-332,-5.64%,5240,5558.0,5282,-,-,6998,5550,original,,,
1999-02-05,TX,199902,5462,5775,5462,5580,22,0.40%,5807,5580.0,4973,-,-,6998,5462,original,,,
1999-02-06,TX,199902,5640,5770,5590,5767,187,3.35%,5022,5767.0,4218,-,-,6998,5462,original,,,
1999-02-08,TX,199902,5750,5890,5750,5835,68,1.18%,3572,5835.0,3365,-,-,6998,5462,original,,,
1999-02-09,TX,199902,5800,5810,5751,5770,-65,-1.11%,1545,5770.0,2871,-,-,6998,5462,original,,,
1999-02-10,TX,199902,5735,5849,5720,5840,70,1.21%,1373,5840.0,1964,-,-,6998,5462,original,,,
1999-02-20,TX,199902,5980,6149,5950,6140,300,5.14%,1197,6140.0,914,-,-,6998,5462,original,,,
1999-02-22,TX,199903,6250,6550,6250,6530,312,5.02%,5356,6530.0,5238,-,-,8242,5540,original,,,
1999-02-23,TX,199903,6539,6540,6315,6315,-215,-3.29%,5973,6315.0,5890,-,-,8242,5540,original,,,
1999-02-24,TX,199903,6335,6426,6275,6425,110,1.74%,5943,6425.0,6611,-,-,8242,5540,original,,,
1999-02-25,TX,199903,6395,6499,6350,6380,-45,-0.70%,5210,6380.0,6859,-,-,8242,5540,original,,,
1999-02-26,TX,199903,6355,6470,6285,6469,89,1.39%,4658,6469.0,6775,-,-,8242,5540,original,,,
1999-03-01,TX,199903,6410,6456,6368,6419,-50,-0.77%,3787,6419.0,6930,-,-,8242,5540,original,,,
1999-03-02,TX,199903,6450,6450,6312,6345,-74,-1.15%,4189,6345.0,6771,-,-,8242,5540,original,,,
1999-03-03,TX,199903,6301,6495,6298,6450,105,1.65%,5452,6450.0,6654,-,-,8242,5540,original,,,
1999-03-04,TX,199903,6450,6478,6380,6388,-62,-0.96%,5499,6388.0,6061,-,-,8242,5540,original,,,
1999-03-05,TX,199903,6400,6445,6340,6425,37,0.58%,4459,6425.0,5746,-,-,8242,5540,original,,,
1999-03-06,TX,199903,6528,6534,6435,6440,15,0.23%,4710,6440.0,5713,-,-,8242,5540,original,,,
1999-03-08,TX,199903,6450,6465,6390,6465,25,0.39%,2462,6465.0,5836,-,-,8242,5540,original,,,
1999-03-09,TX,199903,6465,6535,6445,6489,24,0.37%,4157,6489.0,5490,-,-,8242,5540,original,,,
1999-03-10,TX,199903,6480,6520,6460,6520,31,0.48%,2695,6520.0,5245,-,-,8242,5540,original,,,
1999-03-11,TX,199903,6549,6549,6451,6451,-69,-1.06%,2635,6451.0,4846,-,-,8242,5540,original,,,
1999-03-12,TX,199903,6455,6489,6431,6489,38,0.59%,1699,6489.0,4430,-,-,8242,5540,original,,,
1999-03-15,TX,199903,6466,6630,6450,6619,130,2.00%,2078,6619.0,3118,-,-,8242,5540,original,,,
1999-03-16,TX,199903,6634,6698,6619,6659,40,0.60%,1487,6659.0,2161,-,-,8242,5540,original,,,
1999-03-17,TX,199903,6680,6790,6675,6776,117,1.76%,1484,6776.0,905,-,-,8242,5540,original,,,
1999-03-18,TX,199904,6775,6940,6775,6934,154,2.27%,4144,6934.0,5614,-,-,6940,6251,original,,,
1999-03-19,TX,199904,6968,7080,6915,7070,136,1.96%,4410,7070.0,5634,-,-,7080,6251,original,,,
1999-03-20,TX,199904,7044,7080,7011,7075,5,0.07%,3769,7075.0,6291,-,-,7080,6251,original,,,
1999-03-22,TX,199904,7055,7135,7025,7100,25,0.35%,2710,7100.0,6341,-,-,7135,6251,original,,,
1999-03-23,TX,199904,7130,7157,7005,7005,-95,-1.34%,4342,7005.0,6259,-,-,7157,6251,original,,,
1999-03-24,TX,199904,6921,7000,6920,6981,-24,-0.34%,4683,6981.0,6136,-,-,7157,6251,original,,,
1999-03-25,TX,199904,7010,7035,6980,7010,29,0.42%,2906,7010.0,6526,-,-,7157,6251,original,,,
1999-03-26,TX,199904,7054,7110,7030,7095,85,1.21%,3784,7095.0,6560,-,-,7157,6251,original,,,
1999-03-29,TX,199904,7095,7095,6947,6947,-148,-2.09%,3684,6947.0,6433,-,-,7157,6251,original,,,
1999-03-30,TX,199904,6990,7000,6920,6984,37,0.53%,3603,6984.0,6738,-,-,7157,6251,original,,,
1999-03-31,TX,199904,6949,6971,6888,6935,-49,-0.70%,3602,6935.0,6975,-,-,7157,6251,original,,,
1999-04-01,TX,199904,6920,7117,6916,7110,175,2.52%,4887,7110.0,6841,-,-,7157,6251,original,,,
1999-04-02,TX,199904,7137,7390,7130,7366,256,3.60%,5807,7366.0,5940,-,-,7390,6251,original,,,
1999-04-03,TX,199904,7379,7388,7280,7305,-61,-0.83%,4636,7305.0,6181,-,-,7390,6251,original,,,
1999-04-06,TX,199904,7351,7365,7280,7314,9,0.12%,2770,7314.0,6717,-,-,7390,6251,original,,,
1999-04-07,TX,199904,7310,7320,7235,7274,-40,-0.55%,3160,7274.0,7172,-,-,7390,6251,original,,,
1999-04-08,TX,199904,7308,7435,7302,7380,106,1.46%,4669,7380.0,6972,-,-,7435,6251,original,,,
1999-04-09,TX,199904,7410,7434,7330,7330,-50,-0.68%,4024,7330.0,6863,-,-,7435,6251,original,,,
1999-04-12,TX,199904,7280,7325,7236,7275,-55,-0.75%,3680,7275.0,6876,-,-,7435,6251,original,,,
1999-04-13,TX,199904,7330,7380,7310,7377,102,1.40%,3347,7377.0,6732,-,-,7435,6251,original,,,
1999-04-14,TX,199904,7359,7429,7356,7365,-12,-0.16%,3501,7365.0,5744,-,-,7435,6251,original,,,
1999-04-15,TX,199904,7360,7480,7320,7480,115,1.56%,3417,7480.0,5481,-,-,7480,6251,original,,,
1999-04-16,TX,199904,7525,7540,7410,7460,-20,-0.27%,2774,7460.0,4714,-,-,7540,6251,original,,,
1999-04-17,TX,199904,7441,7570,7427,7570,110,1.47%,1899,7570.0,4081,-,-,7570,6251,original,,,
1999-04-19,TX,199904,7596,7669,7551,7620,50,0.66%,1296,7620.0,3428,-,-,7669,6251,original,,,
1999-04-20,TX,199904,7558,7668,7551,7640,20,0.26%,901,7640.0,2752,-,-,7669,6251,original,,,
1999-04-21,TX,199904,7662,7688,7480,7490,-150,-1.96%,1798,7490.0,1214,-,-,7688,6251,original,,,
1999-04-22,TX,199905,7589,7618,7535,7590,31,0.41%,4262,7590.0,6948,-,-,7699,6800,original,,,
1999-04-23,TX,199905,7630,7689,7616,7653,63,0.83%,4592,7653.0,6694,7653,7655,7699,6800,original,,,
1999-04-26,TX,199905,7631,7665,7585,7630,-23,-0.30%,3108,7630.0,7113,7629,7634,7699,6800,original,,,
1999-04-27,TX,199905,7640,7650,7550,7575,-55,-0.72%,3256,7575.0,7469,7573,7575,7699,6800,original,,,
1999-04-28,TX,199905,7561,7589,7540,7559,-16,-0.21%,2636,7559.0,7769,7558,7559,7699,6800,original,,,
1999-04-29,TX,199905,7502,7502,7381,7381,-178,-2.35%,5961,7381.0,7730,7380,7381,7699,6800,original,,,
1999-04-30,TX,199905,7350,7440,7335,7440,59,0.80%,4727,7440.0,7733,7440,7441,7699,6800,original,,,
1999-05-03,TX,199905,7450,7450,7382,7436,-4,-0.05%,2622,7436.0,8019,7436,7437,7699,6800,original,,,
1999-05-04,TX,199905,7479,7629,7479,7625,189,2.54%,5721,7625.0,6772,7625,7626,7699,6800,original,,,
1999-05-05,TX,199905,7581,7637,7568,7599,-26,-0.34%,3291,7599.0,7209,7599,7600,7699,6800,original,,,
1999-05-06,TX,199905,7650,7669,7581,7603,4,0.05%,3294,7603.0,7715,7603,7605,7699,6800,original,,,
1999-05-07,TX,199905,7551,7579,7501,7519,-84,-1.10%,3685,7519.0,7582,7518,7519,7699,6800,original,,,
1999-05-10,TX,199905,7495,7564,7460,7560,41,0.55%,2902,7560.0,7610,7560,7563,7699,6800,original,,,
1999-05-11,TX,199905,7565,7629,7460,7470,-90,-1.19%,4013,7470.0,7615,7470,7472,7699,6800,original,,,
1999-05-12,TX,199905,7505,7518,7455,7518,48,0.64%,2694,7470.0,7615,7470,7472,7699,6800,original,,,
1999-05-13,TX,199905,7490,7533,7463,7469,-1,-0.01%,2389,7469.0,7220,7468,7469,7699,6800,original,,,
1999-05-14,TX,199905,7515,7615,7515,7610,141,1.89%,3525,7610.0,5723,7610,7611,7699,6800,original,,,
1999-05-15,TX,199905,7561,7610,7559,7610,0,0.00%,1700,7610.0,5012,7610,7611,7699,6800,original,,,
1999-05-17,TX,199905,7608,7670,7580,7600,-10,-0.13%,1811,7600.0,3978,7595,7603,7699,6800,original,,,
1999-05-18,TX,199905,7608,7622,7530,7600,0,0.00%,1095,7600.0,3135,7599,7600,7699,6800,original,,,
1999-05-19,TX,199905,7620,7625,7554,7609,9,0.12%,1753,7609.0,1473,7608,7609,7699,6800,original,,,
1999-05-20,TX,199906,7663,7679,7610,7610,-14,-0.18%,3978,7610.0,6735,7610,7613,7709,5602,original,,,
1999-05-21,TX,199906,7620,7649,7600,7625,15,0.20%,2195,7625.0,7163,7622,7625,7709,5602,original,,,
1999-05-24,TX,199906,7620,7630,7580,7628,3,0.04%,2455,7628.0,7106,7628,7629,7709,5602,original,,,
1999-05-25,TX,199906,7580,7589,7500,7509,-119,-1.56%,4904,7509.0,7241,7508,7509,7709,5602,original,,,
1999-05-26,TX,199906,7462,7500,7430,7500,-9,-0.12%,4280,7500.0,7807,7499,7500,7709,5602,original,,,
1999-05-27,TX,199906,7526,7540,7480,7480,-20,-0.27%,2901,7480.0,8224,7477,7481,7709,5602,original,,,
1999-05-28,TX,199906,7430,7448,7402,7418,-62,-0.83%,3395,7418.0,7773,7418,7419,7709,5602,original,,,
1999-05-29,TX,199906,7438,7459,7410,7439,21,0.28%,2123,7439.0,8106,7438,7440,7709,5602,original,,,
1999-05-31,TX,199906,7428,7428,7321,7321,-118,-1.59%,2891,7321.0,7728,7321,7324,7709,5602,original,,,
1999-06-01,TX,199906,7323,7409,7323,7408,87,1.19%,2952,7408.0,7711,7408,7409,7709,5602,original,,,
1999-06-02,TX,199906,7386,7458,7381,7452,44,0.59%,3163,7452.0,7549,7450,7452,7709,5602,original,,,
1999-06-03,TX,199906,7486,7540,7472,7510,58,0.78%,3292,7510.0,7703,7508,7510,7709,5602,original,,,
1999-06-04,TX,199906,7510,7535,7500,7535,25,0.33%,1614,7535.0,7887,7530,7535,7709,5602,original,,,
1999-06-05,TX,199906,7579,7592,7560,7584,49,0.65%,2194,7584.0,7607,7583,7584,7709,5602,original,,,
1999-06-07,TX,199906,7600,7797,7600,7795,211,2.78%,4588,7795.0,6490,7795,7796,7797,5602,original,,,
1999-06-08,TX,199906,7898,7937,7850,7894,99,1.27%,2870,7894.0,5878,7894,7895,7937,5602,original,,,
1999-06-09,TX,199906,7893,7927,7855,7925,31,0.39%,2287,7925.0,5915,7924,7925,7937,5602,original,,,
1999-06-10,TX,199906,7942,8025,7941,7960,35,0.44%,2548,7960.0,5744,7957,7960,8025,5602,original,,,
1999-06-11,TX,199906,7960,7988,7902,7960,0,0.00%,1857,7960.0,5605,7960,7966,8025,5602,original,,,
1999-06-14,TX,199906,7940,7975,7920,7975,15,0.19%,1284,7975.0,5032,7972,7975,8025,5602,original,,,
1999-06-15,TX,199906,8090,8090,7920,7943,-32,-0.40%,1714,7943.0,3751,7942,7943,8090,5602,original,,,
1999-06-16,TX,199906,7950,8090,7913,8090,147,1.85%,2128,8090.0,1834,8090,8095,8090,5602,original,,,
1999-06-17,TX,199907,8193,8349,8170,8349,236,2.91%,4654,8349.0,5406,8348,8349,8349,7330,original,,,
1999-06-21,TX,199907,8389,8480,8320,8439,90,1.08%,3935,8439.0,5423,8438,8439,8480,7330,original,,,
1999-06-22,TX,199907,8459,8700,8422,8690,251,2.97%,4372,8690.0,5296,8690,8691,8700,7330,original,,,
1999-06-23,TX,199907,8630,8667,8522,8527,-163,-1.88%,5303,8527.0,5718,8527,8528,8700,7330,original,,,
1999-06-24,TX,199907,8561,8715,8503,8697,170,1.99%,4819,8697.0,5862,8696,8697,8715,7330,original,,,
1999-06-25,TX,199907,8601,8601,8380,8434,-263,-3.02%,5512,8434.0,5470,8420,8434,8715,7330,original,,,
1999-06-28,TX,199907,8429,8480,8380,8447,13,0.15%,2883,8447.0,5873,8446,8447,8715,7330,original,,,
1999-06-29,TX,199907,8524,8625,8520,8618,171,2.02%,3720,8618.0,5535,8617,8618,8715,7330,original,,,
1999-06-30,TX,199907,8650,8650,8522,8559,-59,-0.68%,2884,8559.0,5505,8557,8559,8715,7330,original,,,
1999-07-02,TX,199907,8618,8700,8590,8631,72,0.84%,3213,8631.0,5575,8631,8632,8715,7330,original,,,
1999-07-03,TX,199907,8680,8730,8581,8616,-15,-0.17%,2856,8616.0,5491,8616,8617,8730,7330,original,,,
1999-07-05,TX,199907,8580,8630,8540,8608,-8,-0.09%,2068,8608.0,5670,8604,8608,8730,7330,original,,,
1999-07-06,TX,199907,8589,8620,8510,8526,-82,-0.95%,2582,8526.0,5472,8525,8526,8730,7330,original,,,
1999-07-07,TX,199907,8500,8565,8475,8560,34,0.40%,2970,8560.0,5579,8555,8560,8730,7330,original,,,
1999-07-08,TX,199907,8580,8639,8560,8615,55,0.64%,2519,8615.0,5439,8613,8615,8730,7330,original,,,
1999-07-09,TX,199907,8595,8647,8563,8565,-50,-0.58%,1759,8565.0,5383,8565,8566,8730,7330,original,,,
1999-07-12,TX,199907,8581,8594,8520,8550,-15,-0.18%,1704,8550.0,5266,8549,8550,8730,7330,original,,,
1999-07-13,TX,199907,8510,8510,8280,8280,-270,-3.16%,4296,8280.0,5055,8280,8286,8730,7330,original,,,
1999-07-14,TX,199907,8250,8320,7870,7985,-295,-3.56%,4794,7985.0,4130,7981,7985,8730,7330,original,,,
1999-07-15,TX,199907,8021,8090,7876,8030,45,0.56%,3510,8030.0,4108,8026,8030,8730,7330,original,,,
1999-07-16,TX,199907,8060,8120,7468,7468,-562,-7.00%,3767,7468.0,3247,-,-,8730,7330,original,,,
1999-07-17,TX,199907,7110,7450,7051,7418,-50,-0.67%,3694,7418.0,2229,7416,7419,8730,7051,original,,,
1999-07-19,TX,199907,7360,7470,7052,7395,-23,-0.31%,1156,7395.0,1639,7393,7395,8730,7051,original,,,
1999-07-20,TX,199907,7500,7855,7500,7815,420,5.68%,1332,7815.0,765,7815,7830,8730,7051,original,,,
1999-07-21,TX,199907,7690,7814,7627,7790,-25,-0.32%,608,7790.0,338,7786,7790,8730,7051,original,,,
1999-07-22,TX,199908,7700,7750,7620,7623,-157,-2.02%,2847,7623.0,3696,7622,7623,8730,7151,original,,,
1999-07-23,TX,199908,7620,7749,7600,7749,126,1.65%,2902,7749.0,3997,7740,7749,8730,7151,original,,,
1999-07-26,TX,199908,7650,7695,7550,7567,-182,-2.35%,2455,7567.0,4035,7567,7568,8730,7151,original,,,
1999-07-27,TX,199908,7548,7550,7350,7395,-172,-2.27%,3713,7395.0,3681,7395,7399,8730,7151,original,,,
1999-07-28,TX,199908,7500,7525,7430,7479,84,1.14%,2685,7479.0,4069,7478,7479,8730,7151,original,,,
1999-07-29,TX,199908,7451,7469,7320,7329,-150,-2.01%,2787,7329.0,3980,7328,7329,8730,7151,original,,,
1999-07-30,TX,199908,7200,7451,7153,7449,120,1.64%,3284,7329.0,3980,7328,7329,8730,7151,original,,,
1999-07-31,TX,199908,7380,7460,7254,7268,-61,-0.83%,2716,7268.0,4147,7267,7268,8730,7151,original,,,
1999-08-02,TX,199908,7285,7350,7169,7210,-58,-0.80%,3083,7210.0,4329,7206,7210,8730,7151,original,,,
1999-08-03,TX,199908,7152,7260,7015,7195,-15,-0.21%,4199,7195.0,4363,7195,7199,8730,7015,original,,,
1999-08-04,TX,199908,7195,7268,7092,7095,-100,-1.39%,3077,7095.0,4485,7094,7095,8730,7015,original,,,
1999-08-05,TX,199908,7030,7079,6957,6958,-137,-1.93%,3977,6958.0,4357,6958,6959,8730,6957,original,,,
1999-08-06,TX,199908,6999,7048,6851,6870,-88,-1.26%,3809,6870.0,4325,6870,6875,8730,6851,original,,,
1999-08-07,TX,199908,6880,7088,6851,7035,165,2.40%,4337,7035.0,4245,7032,7035,8730,6851,original,,,
1999-08-09,TX,199908,7080,7082,6980,7015,-20,-0.28%,2494,7015.0,4180,7015,7019,8730,6851,original,,,
1999-08-10,TX,199908,7015,7300,6980,7290,275,3.92%,4111,7290.0,3422,7287,7290,8730,6851,original,,,
1999-08-11,TX,199908,7290,7340,7205,7230,-60,-0.82%,3604,7230.0,3530,7228,7230,8730,6851,original,,,
1999-08-12,TX,199908,7315,7405,7261,7316,86,1.19%,3264,7316.0,3332,7315,7316,8730,6851,original,,,
1999-08-13,TX,199908,7814,7814,7516,7685,369,5.04%,3592,7685.0,2584,7685,7688,8730,6851,original,,,
1999-08-16,TX,199908,7730,8222,7730,8195,510,6.64%,2938,8195.0,1715,8195,8200,8730,6851,original,,,
1999-08-17,TX,199908,8103,8150,7990,8130,-65,-0.79%,1503,8130.0,1000,8130,8139,8730,6851,original,,,
1999-08-18,TX,199908,8196,8196,7980,8000,-130,-1.60%,695,8000.0,430,7996,8000,8730,6851,original,,,
1999-08-19,TX,199909,8030,8074,7985,8074,14,0.17%,2673,8074.0,3054,8074,8080,8704,5631,original,,,
1999-08-20,TX,199909,8100,8255,8078,8219,145,1.80%,3446,8219.0,3198,8216,8219,8704,5631,original,,,
1999-08-21,TX,199909,8299,8388,8260,8261,42,0.51%,3329,8261.0,3458,8261,8263,8704,5631,original,,,
1999-08-23,TX,199909,8249,8265,8151,8265,4,0.05%,2056,8265.0,3555,8265,8267,8704,5631,original,,,
1999-08-24,TX,199909,8355,8379,8000,8001,-264,-3.19%,3708,8001.0,3301,8001,8005,8704,5631,original,,,
1999-08-25,TX,199909,8011,8245,7988,8230,229,2.86%,3643,8230.0,3430,8228,8230,8704,5631,original,,,
1999-08-26,TX,199909,8265,8300,8050,8134,-96,-1.17%,3108,8134.0,3454,8131,8134,8704,5631,original,,,
1999-08-27,TX,199909,8100,8152,8056,8145,11,0.14%,2626,8145.0,3636,8142,8145,8704,5631,original,,,
1999-08-30,TX,199909,8090,8230,8075,8190,45,0.55%,2748,8190.0,3654,8180,8190,8704,5631,original,,,
1999-08-31,TX,199909,8134,8264,8130,8248,58,0.71%,2852,8248.0,3750,8245,8248,8704,5631,original,,,
1999-09-01,TX,199909,8300,8475,8300,8426,178,2.16%,4238,8426.0,4007,8425,8426,8704,5631,original,,,
1999-09-02,TX,199909,8470,8495,8331,8352,-74,-0.88%,3228,8352.0,4368,8351,8356,8704,5631,original,,,
1999-09-03,TX,199909,8340,8340,8132,8132,-220,-2.63%,3542,8132.0,4666,8131,8132,8704,5631,original,,,
1999-09-04,TX,199909,8276,8280,8070,8137,5,0.06%,3514,8137.0,4711,8137,8140,8704,5631,original,,,
1999-09-06,TX,199909,8150,8215,8060,8215,78,0.96%,2251,8215.0,4750,8205,8215,8704,5631,original,,,
1999-09-07,TX,199909,8200,8238,7926,7930,-285,-3.47%,3275,7930.0,4326,7930,7939,8704,5631,original,,,
1999-09-08,TX,199909,7950,8045,7871,7970,40,0.50%,3716,7970.0,3931,7970,7990,8704,5631,original,,,
1999-09-09,TX,199909,7933,8037,7912,8010,40,0.50%,2531,8010.0,3554,8005,8010,8704,5631,original,,,
1999-09-10,TX,199909,8059,8218,8052,8190,180,2.25%,2345,8190.0,3039,8190,8192,8704,5631,original,,,
1999-09-13,TX,199909,8185,8245,8150,8189,-1,-0.01%,1380,8189.0,2634,8189,8190,8704,5631,original,,,
1999-09-14,TX,199909,8160,8166,8051,8119,-70,-0.85%,989,8119.0,1966,8119,8120,8704,5631,original,,,
1999-09-15,TX,199909,8062,8115,7981,7983,-136,-1.68%,1187,7983.0,959,7982,7983,8704,5631,original,,,
1999-09-16,TX,199910,7915,8005,7905,7975,-44,-0.55%,2503,7975.0,3153,7975,7976,8550,7900,original,,,
1999-09-17,TX,199910,8011,8037,7877,7921,-54,-0.68%,2618,7921.0,3610,7921,7922,8550,7877,original,,,
1999-09-18,TX,199910,7980,8040,7960,8018,97,1.22%,2295,8018.0,3624,8018,8019,8550,7877,original,,,
1999-09-20,TX,199910,7980,8030,7933,7987,-31,-0.39%,1569,7987.0,3741,7985,7987,8550,7877,original,,,
1999-09-27,TX,199910,7708,7708,7708,7708,-279,-3.49%,103,7708.0,3738,-,-,8550,7708,original,,,
1999-09-28,TX,199910,7439,7439,7439,7439,-269,-3.49%,1005,7439.0,3402,-,-,8550,7439,original,,,
1999-09-29,TX,199910,7439,7600,7392,7589,150,2.02%,3666,7589.0,3306,7585,7589,8550,7392,original,,,
1999-09-30,TX,199910,7539,7630,7530,7540,-49,-0.65%,2448,7540.0,3445,7540,7545,8550,7392,original,,,
1999-10-01,TX,199910,7613,7648,7555,7648,108,1.43%,2507,7648.0,3576,7647,7648,8550,7392,original,,,
1999-10-02,TX,199910,7620,7648,7532,7599,-49,-0.64%,2083,7599.0,3647,7598,7599,8550,7392,original,,,
1999-10-04,TX,199910,7570,7645,7543,7618,19,0.25%,1787,7618.0,3909,7615,7618,8550,7392,original,,,
1999-10-05,TX,199910,7665,7675,7510,7510,-108,-1.42%,1889,7510.0,3790,7506,7510,8550,7392,original,,,
1999-10-06,TX,199910,7511,7538,7456,7535,25,0.33%,1781,7535.0,3729,7530,7535,8550,7392,original,,,
1999-10-07,TX,199910,7580,7608,7552,7580,45,0.60%,1790,7580.0,3708,7576,7580,8550,7392,original,,,
1999-10-08,TX,199910,7560,7570,7500,7520,-60,-0.79%,1178,7520.0,3655,7520,7523,8550,7392,original,,,
1999-10-11,TX,199910,7536,7595,7535,7586,66,0.88%,1242,7586.0,3702,7586,7588,8550,7392,original,,,
1999-10-12,TX,199910,7600,7830,7590,7826,240,3.16%,2914,7599.0,3647,7598,7599,8550,7392,original,,,
1999-10-13,TX,199910,7780,7830,7756,7828,229,3.01%,1723,7828.0,3566,7828,7829,8550,7392,original,,,
1999-10-14,TX,199910,7753,7900,7745,7900,72,0.92%,1646,7900.0,3390,7900,7905,8550,7392,original,,,
1999-10-15,TX,199910,7900,7933,7810,7810,-90,-1.14%,1296,7810.0,3092,7810,7815,8550,7392,original,,,
1999-10-16,TX,199910,7741,7849,7725,7812,2,0.03%,1191,7812.0,2703,7811,7832,8550,7392,original,,,
1999-10-18,TX,199910,7780,7820,7720,7735,-77,-0.99%,728,7735.0,2264,7735,7745,8550,7392,original,,,
1999-10-19,TX,199910,7751,7775,7685,7690,-45,-0.58%,759,7690.0,1670,7690,7693,8550,7392,original,,,
1999-10-20,TX,199910,7730,7730,7656,7678,-12,-0.16%,841,7678.0,883,7678,7679,8550,7392,original,,,
1999-10-21,TX,199911,7780,7785,7680,7683,-17,-0.22%,2301,7683.0,3458,7682,7685,8070,7436,original,,,
1999-10-22,TX,199911,7690,7730,7500,7597,-86,-1.12%,3094,7597.0,3388,7595,7597,8070,7436,original,,,
1999-10-25,TX,199911,7613,7690,7575,7688,91,1.20%,2024,7688.0,3570,7688,7689,8070,7436,original,,,
1999-10-26,TX,199911,7667,7770,7650,7736,48,0.62%,2695,7736.0,3578,7735,7736,8070,7436,original,,,
1999-10-27,TX,199911,7722,7775,7682,7737,1,0.01%,1811,7737.0,3916,7737,7738,8070,7436,original,,,
1999-10-28,TX,199911,7756,7765,7710,7727,-10,-0.13%,1150,7727.0,3991,7727,7728,8070,7436,original,,,
1999-10-29,TX,199911,7800,7819,7735,7776,49,0.63%,2154,7776.0,4053,7776,7777,8070,7436,original,,,
1999-10-30,TX,199911,7840,7965,7830,7948,172,2.21%,3262,7948.0,3783,7945,7948,8070,7436,original,,,
1999-11-01,TX,199911,7938,7938,7890,7911,-37,-0.47%,1356,7911.0,3951,7911,7912,8070,7436,original,,,
1999-11-02,TX,199911,7880,7890,7781,7820,-91,-1.15%,2096,7820.0,3970,7820,7821,8070,7436,original,,,
1999-11-03,TX,199911,7820,7820,7669,7678,-142,-1.82%,2297,7678.0,4057,7677,7678,8070,7436,original,,,
1999-11-04,TX,199911,7711,7719,7533,7565,-113,-1.47%,2733,7565.0,4315,7563,7565,8070,7436,original,,,
1999-11-05,TX,199911,7550,7620,7481,7619,54,0.71%,2847,7619.0,4594,7618,7620,8070,7436,original,,,
1999-11-06,TX,199911,7640,7640,7400,7400,-219,-2.87%,3358,7619.0,4594,7618,7620,8070,7436,original,,,
1999-11-08,TX,199911,7326,7488,7320,7441,-178,-2.34%,2993,7441.0,4658,7440,7443,8070,7320,original,,,
1999-11-09,TX,199911,7460,7490,7382,7382,-59,-0.79%,1925,7382.0,4622,7381,7382,8070,7320,original,,,
1999-11-10,TX,199911,7378,7570,7370,7443,61,0.83%,2612,7443.0,4318,7443,7445,8070,7320,original,,,
1999-11-11,TX,199911,7501,7590,7501,7575,132,1.77%,2172,7575.0,3735,7575,7579,8070,7320,original,,,
1999-11-15,TX,199911,7620,7628,7506,7582,7,0.09%,874,7582.0,3254,7582,7584,8070,7320,original,,,
1999-11-16,TX,199911,7595,7652,7550,7629,47,0.62%,1176,7629.0,2281,7628,7629,8070,7320,original,,,
1999-11-17,TX,199911,7659,7686,7635,7669,40,0.52%,1374,7669.0,1021,7668,7669,8070,7320,original,,,
1999-11-18,TX,199912,7640,7775,7640,7741,41,0.53%,2557,7741.0,3481,7740,7742,8950,5631,original,,,
1999-11-19,TX,199912,7798,7828,7751,7800,59,0.76%,2221,7800.0,3813,7799,7800,8950,5631,original,,,
1999-11-20,TX,199912,7901,7980,7878,7980,180,2.31%,2507,7980.0,3683,7980,7981,8950,5631,original,,,
1999-11-22,TX,199912,8030,8160,7980,8139,159,1.99%,2716,8139.0,3408,8139,8140,8950,5631,original,,,
1999-11-23,TX,199912,8180,8180,8051,8130,-9,-0.11%,2358,8130.0,3613,8129,8130,8950,5631,original,,,
1999-11-24,TX,199912,8000,8060,7961,7965,-165,-2.03%,2736,7965.0,3740,7965,7966,8950,5631,original,,,
1999-11-25,TX,199912,7971,8023,7882,8016,51,0.64%,2677,8016.0,3971,8016,8017,8950,5631,original,,,
1999-11-26,TX,199912,8016,8025,7581,7700,-316,-3.94%,4559,7700.0,3370,7698,7700,8950,5631,original,,,
1999-11-29,TX,199912,7761,7865,7751,7855,155,2.01%,2862,7855.0,3579,7853,7855,8950,5631,original,,,
1999-11-30,TX,199912,7885,7895,7752,7764,-91,-1.16%,2492,7764.0,3537,7764,7765,8950,5631,original,,,
1999-12-01,TX,199912,7750,7820,7710,7820,56,0.72%,1408,7820.0,3619,7819,7820,8950,5631,original,,,
1999-12-02,TX,199912,7810,7881,7793,7848,28,0.36%,2085,7848.0,3642,7848,7849,8950,5631,original,,,
1999-12-03,TX,199912,7885,7997,7881,7974,126,1.61%,2320,7974.0,3523,7972,7974,8950,5631,original,,,
1999-12-04,TX,199912,8084,8095,8015,8022,48,0.60%,2012,8022.0,3635,8022,8024,8950,5631,original,,,
1999-12-06,TX,199912,8010,8010,7885,7929,-93,-1.16%,1850,7929.0,3489,7928,7929,8950,5631,original,,,
1999-12-07,TX,199912,7909,7928,7845,7870,-59,-0.74%,1719,7870.0,3465,7870,7872,8950,5631,original,,,
1999-12-08,TX,199912,7850,7930,7838,7840,-30,-0.38%,1352,7840.0,3574,7839,7840,8950,5631,original,,,
1999-12-09,TX,199912,7810,7870,7770,7770,-70,-0.89%,1570,7770.0,3343,7768,7771,8950,5631,original,,,
1999-12-10,TX,199912,7785,7810,7716,7800,30,0.39%,1326,7800.0,3191,7800,7804,8950,5631,original,,,
1999-12-13,TX,199912,7820,7950,7820,7950,150,1.92%,1247,7950.0,2500,7945,7950,8950,5631,original,,,
1999-12-14,TX,199912,7950,7950,7860,7872,-78,-0.98%,765,7872.0,1937,7871,7872,8950,5631,original,,,
1999-12-15,TX,199912,7854,7890,7830,7883,11,0.14%,1011,7883.0,1020,7882,7883,8950,5631,original,,,
1999-12-16,TX,200001,7925,7950,7792,7795,-130,-1.64%,2224,7795.0,2788,7795,7800,8194,7502,original,,,
1999-12-17,TX,200001,7820,7859,7768,7816,21,0.27%,1533,7816.0,3066,7816,7817,8194,7502,original,,,
1999-12-18,TX,200001,7826,7873,7816,7860,44,0.56%,1496,7860.0,3185,7858,7860,8194,7502,original,,,
1999-12-20,TX,200001,7860,7860,7780,7841,-19,-0.24%,1010,7841.0,3270,7840,7841,8194,7502,original,,,
1999-12-21,TX,200001,7841,7998,7814,7970,129,1.65%,1884,7970.0,3494,7968,7970,8194,7502,original,,,
1999-12-22,TX,200001,8039,8080,8003,8020,50,0.63%,1763,8020.0,3575,8019,8021,8194,7502,original,,,
1999-12-23,TX,200001,8018,8115,8000,8106,86,1.07%,1721,8106.0,3745,8105,8108,8194,7502,original,,,
1999-12-24,TX,200001,8170,8350,8167,8329,223,2.75%,2207,8329.0,3509,8329,8330,8350,7502,original,,,
1999-12-27,TX,200001,8349,8560,8310,8560,231,2.77%,2234,8560.0,3536,8560,8564,8560,7502,original,,,
1999-12-28,TX,200001,8560,8565,8451,8564,4,0.05%,1990,8564.0,3398,8563,8564,8565,7502,original,,,
2000-01-04,TX,200001,8688,8939,8650,8843,279,3.26%,2800,8843.0,2946,8840,8845,8939,7502,original,,,
2000-01-05,TX,200001,8718,8870,8671,8810,-33,-0.37%,2854,8810.0,3120,8810,8839,8939,7502,original,,,
2000-01-06,TX,200001,8840,9005,8820,8850,40,0.45%,2501,8850.0,3440,8845,8850,9005,7502,original,,,
2000-01-07,TX,200001,8781,8870,8711,8829,-21,-0.24%,2409,8829.0,3227,8825,8829,9005,7502,original,,,
2000-01-10,TX,200001,8949,9200,8880,9200,371,4.20%,2638,9200.0,3275,9180,9200,9200,7502,original,,,
2000-01-11,TX,200001,9340,9340,8930,8951,-249,-2.71%,3367,8951.0,2750,8951,8960,9340,7502,original,,,
2000-01-12,TX,200001,8951,9190,8951,9190,239,2.67%,2028,9190.0,2821,9190,9192,9340,7502,original,,,
2000-01-13,TX,200001,9190,9195,9066,9115,-75,-0.82%,1796,9115.0,2946,9115,9117,9340,7502,original,,,
2000-01-14,TX,200001,9161,9190,8976,9073,-42,-0.46%,2198,9073.0,2536,9070,9073,9340,7502,original,,,
2000-01-15,TX,200001,9175,9230,9095,9230,157,1.73%,1556,9230.0,2262,9229,9230,9340,7502,original,,,
2000-01-17,TX,200001,9230,9390,9201,9300,70,0.76%,1264,9300.0,1832,9300,9305,9390,7502,original,,,
2000-01-18,TX,200001,9290,9298,9206,9278,-22,-0.24%,607,9278.0,1571,9263,9279,9390,7502,original,,,
2000-01-19,TX,200001,9240,9299,9176,9185,-93,-1.00%,993,9185.0,805,9182,9185,9390,7502,original,,,
2000-01-20,TX,200002,9217,9269,9173,9269,49,0.53%,2124,9269.0,2892,9265,9269,9498,7805,original,,,
2000-01-21,TX,200002,9250,9399,9245,9350,81,0.87%,2278,9350.0,3071,9350,9355,9498,7805,original,,,
2000-01-24,TX,200002,9409,9498,9370,9498,148,1.58%,2128,9498.0,3142,9498,9499,9498,7805,original,,,
2000-01-25,TX,200002,9431,9452,9370,9452,-46,-0.48%,1735,9452.0,3270,9452,9455,9498,7805,original,,,
2000-01-26,TX,200002,9520,9760,9520,9722,270,2.86%,2952,9722.0,3051,9721,9722,9760,7805,original,,,
2000-01-27,TX,200002,9750,9810,9690,9730,8,0.08%,2234,9730.0,3106,9730,9734,9810,7805,original,,,
2000-01-28,TX,200002,9660,9800,9657,9800,70,0.72%,1935,9800.0,3150,9800,9807,9810,7805,original,,,
2000-01-29,TX,200002,9700,9759,9685,9759,-41,-0.42%,1907,9759.0,3259,9758,9759,9810,7805,original,,,
2000-01-31,TX,200002,9736,9870,9710,9867,108,1.11%,1525,9867.0,3244,9865,9867,9870,7805,original,,,
2000-02-01,TX,200002,9949,10030,9930,10030,163,1.65%,2075,10030.0,3065,10025,10030,10030,7805,original,,,
2000-02-09,TX,200002,10173,10199,10081,10149,119,1.19%,1838,10149.0,3128,10146,10149,10199,7805,original,,,
2000-02-10,TX,200002,10140,10195,10099,10145,-4,-0.04%,1336,10145.0,2933,10145,10150,10199,7805,original,,,
2000-02-11,TX,200002,10185,10287,10160,10167,22,0.22%,1463,10167.0,2405,10165,10168,10287,7805,original,,,
2000-02-14,TX,200002,10100,10158,9962,9980,-187,-1.84%,1107,9980.0,1774,9975,9980,10287,7805,original,,,
2000-02-15,TX,200002,9901,10005,9881,9988,8,0.08%,979,9988.0,1093,9986,9988,10287,7805,original,,,
2000-02-16,TX,200002,9999,10090,9999,10090,102,1.02%,636,10090.0,572,10089,10090,10287,7805,original,,,
2000-02-17,TX,200003,10140,10328,10122,10293,153,1.51%,2132,10293.0,3173,10292,10293,10339,6930,original,,,
2000-02-18,TX,200003,10373,10438,10131,10160,-133,-1.29%,2899,10160.0,3162,10160,10161,10438,6930,original,,,
2000-02-19,TX,200003,10103,10309,10093,10286,126,1.24%,2357,10286.0,3538,10281,10286,10438,6930,original,,,
2000-02-21,TX,200003,10219,10270,10000,10020,-266,-2.59%,2472,10020.0,3638,10020,10025,10438,6930,original,,,
2000-02-22,TX,200003,9961,10020,9771,9875,-145,-1.45%,4247,9875.0,3618,9874,9875,10438,6930,original,,,
2000-02-23,TX,200003,9820,9890,9701,9701,-174,-1.76%,2429,9701.0,3855,9701,9711,10438,6930,original,,,
2000-02-24,TX,200003,9780,9845,9670,9740,39,0.40%,2448,9740.0,3923,9736,9741,10438,6930,original,,,
2000-02-25,TX,200003,9750,9753,9550,9602,-138,-1.42%,2380,9602.0,4108,9602,9603,10438,6930,original,,,
2000-02-29,TX,200003,9652,9720,9580,9630,28,0.29%,1910,9630.0,4476,9628,9630,10438,6930,original,,,
2000-03-01,TX,200003,9701,9845,9701,9845,215,2.23%,2459,9845.0,4151,9844,9845,10438,6930,original,,,
2000-03-02,TX,200003,9839,9845,9665,9693,-152,-1.54%,2159,9693.0,4360,9690,9693,10438,6930,original,,,
2000-03-03,TX,200003,9700,9765,9671,9760,67,0.69%,1589,9760.0,4480,9758,9760,10438,6930,original,,,
2000-03-04,TX,200003,9840,9844,9670,9675,-85,-0.87%,1682,9675.0,4483,9674,9675,10438,6930,original,,,
2000-03-06,TX,200003,9630,9645,9522,9525,-150,-1.55%,1956,9525.0,4565,9524,9525,10438,6930,original,,,
2000-03-07,TX,200003,9480,9585,9426,9565,40,0.42%,2067,9565.0,4739,9565,9566,10438,6930,original,,,
2000-03-08,TX,200003,9530,9625,9500,9520,-45,-0.47%,1853,9520.0,4727,9518,9520,10438,6930,original,,,
2000-03-09,TX,200003,9575,9694,9575,9687,167,1.75%,1936,9687.0,4399,9687,9689,10438,6930,original,,,
2000-03-10,TX,200003,9710,9740,9515,9520,-167,-1.72%,1837,9520.0,4043,9519,9520,10438,6930,original,,,
2000-03-13,TX,200003,9430,9430,8854,8854,-666,-7.00%,1938,8854.0,2920,-,0.01,10438,6930,original,,,
2000-03-14,TX,200003,8550,8891,8529,8848,-6,-0.07%,1870,8848.0,1828,8845,8848,10438,6930,original,,,
2000-03-15,TX,200003,8735,8898,8590,8590,-258,-2.92%,1152,8590.0,863,8580,8590,10438,6930,original,,,
2000-03-16,TX,200004,8650,8730,8380,8664,14,0.16%,3350,8664.0,2714,8660,8664,10459,8380,original,,,
2000-03-17,TX,200004,8701,8726,8552,8564,-100,-1.15%,3625,8564.0,3216,8563,8564,10459,8380,original,,,
2000-03-20,TX,200004,8265,8265,8265,8265,-299,-3.49%,274,8265.0,3265,-,0.01,10459,8265,original,,,
2000-03-21,TX,200004,8259,8843,8259,8843,578,6.99%,2840,8843.0,2968,999999.99,-,10459,8259,original,,,
2000-03-22,TX,200004,8999,9198,8840,9075,232,2.62%,4516,9075.0,2737,9075,9077,10459,8259,original,,,
2000-03-23,TX,200004,9208,9694,9186,9636,561,6.18%,4070,9636.0,2730,9636,9638,10459,8259,original,,,
2000-03-24,TX,200004,9610,9610,9420,9545,-91,-0.94%,3047,9545.0,2689,9545,9549,10459,8259,original,,,
2000-03-27,TX,200004,9520,9897,9520,9835,290,3.04%,2883,9835.0,2774,9835,9837,10459,8259,original,,,
2000-03-28,TX,200004,9801,9945,9751,9866,31,0.32%,2887,9866.0,3055,9865,9866,10459,8259,original,,,
2000-03-29,TX,200004,9780,9910,9760,9848,-18,-0.18%,1948,9848.0,3126,9840,9850,10459,8259,original,,,
2000-03-30,TX,200004,9830,10130,9810,9983,135,1.37%,2724,9983.0,3102,9981,9983,10459,8259,original,,,
2000-03-31,TX,200004,9880,9983,9836,9915,-68,-0.68%,2047,9915.0,3153,9912,9915,10459,8259,original,,,
2000-04-01,TX,200004,9900,10149,9845,10149,234,2.36%,2487,10149.0,3144,10149,10150,10459,8259,original,,,
2000-04-05,TX,200004,10209,10390,10050,10352,203,2.00%,2820,10352.0,2967,10350,10354,10459,8259,original,,,
2000-04-06,TX,200004,10380,10387,9966,10010,-342,-3.30%,3023,10010.0,3056,10007,10010,10459,8259,original,,,
2000-04-07,TX,200004,10070,10130,9950,10079,69,0.69%,2387,10079.0,3036,9990,10080,10459,8259,original,,,
2000-04-08,TX,200004,10079,10126,9975,10044,-35,-0.35%,1689,10044.0,3158,10041,10044,10459,8259,original,,,
2000-04-10,TX,200004,10030,10270,9930,10262,218,2.17%,2374,10262.0,3084,10262,10264,10459,8259,original,,,
2000-04-11,TX,200004,10201,10260,10122,10181,-81,-0.79%,1692,10181.0,3025,10181,10182,10459,8259,original,,,
2000-04-12,TX,200004,10130,10175,9942,9950,-231,-2.27%,2169,9950.0,2888,9948,9950,10459,8259,original,,,
2000-04-13,TX,200004,9750,9798,9552,9720,-230,-2.31%,2516,9720.0,2357,9720,9725,10459,8259,original,,,
2000-04-14,TX,200004,9535,9690,9311,9318,-402,-4.14%,1467,9318.0,1881,9318,9332,10459,8259,original,,,
2000-04-15,TX,200004,8766,8980,8666,8700,-618,-6.63%,2118,8700.0,1355,8700,8730,10459,8259,original,,,
2000-04-17,TX,200004,8710,9003,8701,9003,303,3.48%,1287,9003.0,826,9003,9019,10459,8259,original,,,
2000-04-18,TX,200004,9250,9410,9172,9302,299,3.32%,612,9302.0,486,9300,9302,10459,8259,original,,,
2000-04-19,TX,200004,9499,9499,9090,9090,-212,-2.28%,502,9090.0,227,9090,9100,10459,8259,original,,,
2000-04-20,TX,200005,9052,9209,8852,9209,199,2.21%,4011,9209.0,2567,9200,9209,10499,8150,original,,,
2000-04-21,TX,200005,9175,9275,9060,9132,-77,-0.84%,3008,9132.0,2801,9130,9134,10499,8150,original,,,
2000-04-24,TX,200005,9129,9129,8816,8816,-316,-3.46%,2759,8816.0,2818,8816,8817,10499,8150,original,,,
2000-04-25,TX,200005,8784,9030,8727,9000,184,2.09%,4218,9000.0,2768,8999,9000,10499,8150,original,,,
2000-04-26,TX,200005,9050,9050,8468,8480,-520,-5.78%,4792,8480.0,2779,8480,8488,10499,8150,original,,,
2000-04-27,TX,200005,8578,8698,8510,8629,149,1.76%,3742,8629.0,2718,8629,8630,10499,8150,original,,,
2000-04-28,TX,200005,8650,8920,8550,8850,221,2.56%,4001,8850.0,2751,8846,8850,10499,8150,original,,,
2000-04-29,TX,200005,8820,8878,8720,8828,-22,-0.25%,3126,8828.0,2874,8828,8830,10499,8150,original,,,
2000-05-02,TX,200005,8890,8905,8661,8684,-144,-1.63%,2907,8684.0,2914,8683,8684,10499,8150,original,,,
2000-05-03,TX,200005,8612,8612,8456,8518,-166,-1.91%,3082,8518.0,2912,8518,8520,10499,8150,original,,,
2000-05-04,TX,200005,8590,8730,8382,8509,-9,-0.11%,4394,8509.0,3079,8506,8510,10499,8150,original,,,
2000-05-05,TX,200005,8430,8815,8400,8800,291,3.42%,4091,8800.0,3259,8800,8806,10499,8150,original,,,
2000-05-06,TX,200005,8750,8820,8691,8760,-40,-0.45%,3538,8760.0,3349,8760,8762,10499,8150,original,,,
2000-05-08,TX,200005,8735,8780,8603,8710,-50,-0.57%,3044,8710.0,3424,8709,8710,10499,8150,original,,,
2000-05-09,TX,200005,8697,8764,8619,8758,48,0.55%,2838,8758.0,3657,8757,8758,10499,8150,original,,,
2000-05-10,TX,200005,8770,8819,8601,8601,-157,-1.79%,4565,8601.0,4087,8601,8605,10499,8150,original,,,
2000-05-11,TX,200005,8450,8490,8370,8447,-154,-1.79%,3849,8447.0,3681,8446,8447,10499,8150,original,,,
2000-05-12,TX,200005,8530,8652,8510,8600,153,1.81%,3028,8600.0,3268,8596,8600,10499,8150,original,,,
2000-05-15,TX,200005,8605,8630,8500,8520,-80,-0.93%,1884,8520.0,2642,8518,8522,10499,8150,original,,,
2000-05-16,TX,200005,8562,8775,8545,8775,255,2.99%,1703,8775.0,1482,8775,8776,10499,8150,original,,,
2000-05-17,TX,200005,8850,9090,8850,9090,315,3.59%,1477,9090.0,498,9090,9095,10499,8150,original,,,
2000-05-18,TX,200006,9030,9130,8999,9105,5,0.05%,3903,9105.0,3370,9103,9105,10610,6962,original,,,
2000-05-19,TX,200006,9050,9240,9035,9235,130,1.43%,3472,9235.0,3696,9235,9236,10610,6962,original,,,
2000-05-20,TX,200006,9180,9230,8751,8842,-393,-4.26%,5085,8842.0,3851,8841,8842,10610,6962,original,,,
2000-05-22,TX,200006,8890,8955,8815,8828,-14,-0.16%,3876,8828.0,4085,8826,8828,10610,6962,original,,,
2000-05-23,TX,200006,8886,8886,8666,8748,-80,-0.91%,4128,8748.0,4385,8740,8748,10610,6962,original,,,
2000-05-24,TX,200006,8550,8620,8533,8577,-171,-1.95%,3393,8577.0,4505,8577,8578,10610,6962,original,,,
2000-05-25,TX,200006,8700,8720,8530,8565,-12,-0.14%,4097,8565.0,4801,8562,8565,10610,6962,original,,,
2000-05-26,TX,200006,8500,8680,8475,8628,63,0.74%,4555,8628.0,5164,8625,8628,10610,6962,original,,,
2000-05-29,TX,200006,8628,8705,8601,8636,8,0.09%,3209,8636.0,5360,8636,8639,10610,6962,original,,,
2000-05-30,TX,200006,8690,8818,8667,8815,179,2.07%,4415,8815.0,4611,8812,8815,10610,6962,original,,,
2000-05-31,TX,200006,8970,8990,8920,8970,155,1.76%,3959,8970.0,4406,8970,8972,10610,6962,original,,,
2000-06-01,TX,200006,8941,8949,8868,8915,-55,-0.61%,2801,8915.0,4572,8915,8916,10610,6962,original,,,
2000-06-02,TX,200006,9000,9050,8920,8920,5,0.06%,3570,8920.0,4650,8920,8921,10610,6962,original,,,
2000-06-03,TX,200006,9048,9062,8971,9033,113,1.27%,3366,9033.0,4925,9032,9033,10610,6962,original,,,
2000-06-05,TX,200006,8999,9050,8961,9041,8,0.09%,2513,9041.0,5000,9041,9042,10610,6962,original,,,
2000-06-07,TX,200006,9001,9195,8981,9175,134,1.48%,3484,9175.0,4714,9172,9175,10610,6962,original,,,
2000-06-08,TX,200006,9175,9200,9088,9114,-61,-0.66%,2896,9114.0,4758,9113,9115,10610,6962,original,,,
2000-06-09,TX,200006,9114,9135,9038,9088,-26,-0.29%,2565,9088.0,4821,9086,9088,10610,6962,original,,,
2000-06-12,TX,200006,9093,9125,8990,9008,-80,-0.88%,2488,9008.0,4757,9007,9008,10610,6962,original,,,
2000-06-13,TX,200006,8955,8980,8889,8889,-119,-1.32%,3019,8889.0,4059,8889,8890,10610,6962,original,,,
2000-06-14,TX,200006,8949,8989,8915,8965,76,0.85%,2335,8965.0,4088,8961,8969,10610,6962,original,,,
2000-06-15,TX,200006,8938,8940,8859,8880,-85,-0.95%,2219,8880.0,4059,8880,8881,10610,6962,original,,,
2000-06-16,TX,200006,8874,8909,8821,8904,24,0.27%,1930,8904.0,4017,8903,8904,10610,6962,original,,,
2000-06-17,TX,200006,8868,8914,8836,8849,-55,-0.62%,1674,8849.0,3862,8846,8849,10610,6962,original,,,
2000-06-19,TX,200006,8849,8860,8683,8814,-35,-0.40%,2107,8814.0,2921,8812,8814,10610,6962,original,,,
2000-06-20,TX,200006,8870,8889,8700,8700,-114,-1.29%,1339,8700.0,2099,8700,8710,10610,6962,original,,,
2000-06-21,TX,200006,8723,8776,8640,8670,-30,-0.34%,1552,8670.0,806,8668,8670,10610,6962,original,,,
2000-06-22,TX,200007,8739,8929,8712,8920,181,2.07%,4391,8920.0,4740,8919,8920,9325,8470,original,,,
2000-06-23,TX,200007,8875,8900,8810,8820,-100,-1.12%,2820,8820.0,5279,8820,8821,9325,8470,original,,,
2000-06-26,TX,200007,8774,8776,8641,8660,-160,-1.81%,3392,8660.0,6015,8660,8661,9325,8470,original,,,
2000-06-27,TX,200007,8706,8710,8580,8595,-65,-0.75%,3514,8595.0,6414,8594,8595,9325,8470,original,,,
2000-06-28,TX,200007,8576,8618,8315,8539,-56,-0.65%,5110,8539.0,6304,8535,8539,9325,8315,original,,,
2000-06-29,TX,200007,8529,8539,8188,8190,-349,-4.09%,5039,8190.0,6024,8186,8190,9325,8188,original,,,
2000-06-30,TX,200007,8101,8360,8101,8250,60,0.73%,5048,8250.0,6074,8250,8270,9325,8101,original,,,
2000-07-03,TX,200007,8272,8349,8140,8300,50,0.61%,4640,8300.0,5709,8300,8305,9325,8101,original,,,
2000-07-04,TX,200007,8300,8315,8066,8066,-234,-2.82%,4511,8066.0,5574,8063,8066,9325,8066,original,,,
2000-07-05,TX,200007,8102,8445,8030,8389,323,4.00%,5687,8389.0,5055,8386,8389,9325,8030,original,,,
2000-07-06,TX,200007,8310,8345,8260,8270,-119,-1.42%,3843,8270.0,5021,8270,8271,9325,8030,original,,,
2000-07-07,TX,200007,8316,8370,8165,8181,-89,-1.08%,4163,8181.0,5107,8181,8188,9325,8030,original,,,
2000-07-10,TX,200007,8226,8230,8044,8173,-8,-0.10%,3976,8173.0,5180,8173,8174,9325,8030,original,,,
2000-07-11,TX,200007,8150,8329,8125,8190,17,0.21%,4449,8190.0,4993,8190,8191,9325,8030,original,,,
2000-07-12,TX,200007,8199,8218,8072,8120,-70,-0.85%,3832,8120.0,4963,8120,8123,9325,8030,original,,,
2000-07-13,TX,200007,8190,8350,8171,8318,198,2.44%,4745,8318.0,4491,8318,8319,9325,8030,original,,,
2000-07-14,TX,200007,8329,8512,8301,8479,161,1.94%,4728,8479.0,3859,8476,8479,9325,8030,original,,,
2000-07-15,TX,200007,8504,8529,8443,8490,11,0.13%,2891,8490.0,3616,8488,8490,9325,8030,original,,,
2000-07-17,TX,200007,8559,8590,8503,8530,40,0.47%,1866,8530.0,3062,8529,8530,9325,8030,original,,,
2000-07-18,TX,200007,8492,8492,8360,8360,-170,-1.99%,1800,8360.0,1757,8360,8365,9325,8030,original,,,
2000-07-19,TX,200007,8316,8429,8280,8425,65,0.78%,1214,8425.0,704,8425,8427,9325,8030,original,,,
2000-07-20,TX,200008,8350,8350,8240,8255,-146,-1.74%,3784,8255.0,3911,8255,8258,8960,8061,original,,,
2000-07-21,TX,200008,8300,8310,8152,8260,5,0.06%,4247,8260.0,4055,8260,8263,8960,8061,original,,,
2000-07-24,TX,200008,8216,8232,8158,8158,-102,-1.23%,2678,8158.0,4236,8156,8158,8960,8061,original,,,
2000-07-25,TX,200008,8102,8220,7930,7930,-228,-2.79%,4712,7930.0,4279,7930,7933,8960,7930,original,,,
2000-07-26,TX,200008,7979,8128,7930,7997,67,0.84%,4894,7997.0,4609,7997,7999,8960,7930,original,,,
2000-07-27,TX,200008,7940,8000,7812,7998,1,0.01%,4846,7998.0,4754,7998,7999,8960,7812,original,,,
2000-07-28,TX,200008,7920,8195,7920,8148,150,1.88%,5394,8148.0,4474,8147,8148,8960,7812,original,,,
2000-07-29,TX,200008,8110,8159,8051,8103,-45,-0.55%,4089,8103.0,4702,8103,8104,8960,7812,original,,,
2000-07-31,TX,200008,8119,8123,8041,8072,-31,-0.38%,2734,8072.0,4724,8072,8075,8960,7812,original,,,
2000-08-01,TX,200008,8138,8148,7985,7992,-80,-0.99%,3849,7992.0,4397,7992,7995,8960,7812,original,,,
2000-08-02,TX,200008,8000,8045,7945,7983,-9,-0.11%,3654,7983.0,4473,7980,7985,8960,7812,original,,,
2000-08-03,TX,200008,7950,7970,7836,7915,-68,-0.85%,4271,7915.0,4739,7915,7918,8960,7812,original,,,
2000-08-04,TX,200008,7978,8049,7931,7970,55,0.69%,4030,7970.0,4791,7969,7970,8960,7812,original,,,
2000-08-05,TX,200008,7952,7984,7871,7879,-91,-1.14%,3062,7879.0,4840,7879,7880,8960,7812,original,,,
2000-08-07,TX,200008,7849,7855,7760,7805,-74,-0.94%,3235,7805.0,4822,7800,7805,8960,7760,original,,,
2000-08-08,TX,200008,7835,7869,7745,7857,52,0.67%,4391,7857.0,5271,7856,7857,8960,7745,original,,,
2000-08-09,TX,200008,7890,8090,7880,8090,233,2.97%,5303,8090.0,4785,8090,8092,8960,7745,original,,,
2000-08-10,TX,200008,8052,8090,8011,8067,-23,-0.28%,3874,8067.0,4544,8066,8068,8960,7745,original,,,
2000-08-11,TX,200008,8044,8088,7985,8000,-67,-0.83%,3256,8000.0,4279,7999,8000,8960,7745,original,,,
2000-08-14,TX,200008,7999,7999,7880,7881,-119,-1.49%,2542,7881.0,3264,7881,7885,8960,7745,original,,,
2000-08-15,TX,200008,7905,7960,7860,7900,19,0.24%,1869,7900.0,2411,7900,7901,8960,7745,original,,,
2000-08-16,TX,200008,7896,8028,7896,8020,120,1.52%,1960,8020.0,727,8020,8023,8960,7745,original,,,
2000-08-17,TX,200009,8110,8220,8053,8215,129,1.60%,4998,8215.0,4093,8210,8215,10595,7600,original,,,
2000-08-18,TX,200009,8246,8309,8183,8183,-32,-0.39%,4574,8183.0,4267,8182,8183,10595,7600,original,,,
2000-08-19,TX,200009,8197,8281,8153,8281,98,1.20%,3951,8281.0,4580,8281,8282,10595,7600,original,,,
2000-08-21,TX,200009,8269,8322,8232,8275,-6,-0.07%,3623,8275.0,4788,8275,8276,10595,7600,original,,,
2000-08-22,TX,200009,8231,8235,8152,8180,-95,-1.15%,3670,8180.0,4725,8180,8183,10595,7600,original,,,
2000-08-24,TX,200009,8219,8279,8164,8190,10,0.12%,3705,8190.0,4941,8190,8192,10595,7600,original,,,
2000-08-25,TX,200009,8220,8224,8081,8117,-73,-0.89%,3772,8117.0,5039,8116,8117,10595,7600,original,,,
2000-08-28,TX,200009,8051,8051,7922,7926,-191,-2.35%,3278,7926.0,4718,7926,7928,10595,7600,original,,,
2000-08-29,TX,200009,7886,7917,7753,7913,-13,-0.16%,5160,7913.0,5307,7913,7914,10595,7600,original,,,
2000-08-30,TX,200009,7878,7897,7581,7600,-313,-3.96%,5629,7600.0,5576,7599,7600,10595,7581,original,,,
2000-08-31,TX,200009,7511,7710,7511,7660,60,0.79%,5611,7660.0,5569,7660,7661,10595,7511,original,,,
2000-09-01,TX,200009,7649,7684,7451,7475,-185,-2.42%,5272,7475.0,5411,7475,7479,10595,7451,original,,,
2000-09-02,TX,200009,7580,7782,7550,7750,275,3.68%,5570,7750.0,5323,7749,7750,10595,7451,original,,,
2000-09-04,TX,200009,7770,7827,7708,7825,75,0.97%,4864,7825.0,5207,7825,7826,10595,7451,original,,,
2000-09-05,TX,200009,7775,7800,7720,7800,-25,-0.32%,3907,7800.0,5154,7800,7804,10595,7451,original,,,
2000-09-06,TX,200009,7708,7740,7630,7630,-170,-2.18%,4168,7630.0,5175,7630,7631,10595,7451,original,,,
2000-09-07,TX,200009,7550,7620,7501,7515,-115,-1.51%,4579,7515.0,5286,7512,7515,10595,7451,original,,,
2000-09-08,TX,200009,7535,7570,7458,7483,-32,-0.43%,4077,7483.0,5959,7482,7483,10595,7451,original,,,
2000-09-11,TX,200009,7411,7449,7376,7425,-58,-0.78%,3135,7425.0,5989,7425,7426,10595,7376,original,,,
2000-09-13,TX,200009,7380,7490,7251,7465,40,0.54%,5137,7465.0,6135,7463,7465,10595,7251,original,,,
2000-09-14,TX,200009,7430,7441,7181,7181,-284,-3.80%,4698,7181.0,5629,7180,7185,10595,7181,original,,,
2000-09-15,TX,200009,7181,7397,7178,7230,49,0.68%,6579,7230.0,4646,7210,7230,10595,7178,original,,,
2000-09-16,TX,200009,7130,7210,7062,7096,-134,-1.85%,4888,7096.0,4426,7096,7099,10595,7062,original,,,
2000-09-18,TX,200009,7040,7144,6955,6955,-141,-1.99%,2627,6955.0,3677,6955,6959,10595,6955,original,,,
2000-09-19,TX,200009,6861,7019,6760,6779,-176,-2.53%,2694,6779.0,2383,6777,6779,10595,6760,original,,,
2000-09-20,TX,200009,6879,6950,6761,6890,111,1.64%,1951,6890.0,861,6890,6893,10595,6760,original,,,
2000-09-21,TX,200010,6953,7000,6885,6951,-62,-0.88%,6408,6951.0,6186,6951,6952,8368,6852,original,,,
2000-09-22,TX,200010,6803,6830,6540,6540,-411,-5.91%,6854,6540.0,6053,6535,6540,8368,6540,original,,,
2000-09-25,TX,200010,6650,6714,6575,6684,144,2.20%,5780,6684.0,5787,6684,6685,8368,6540,original,,,
2000-09-26,TX,200010,6606,6860,6553,6831,147,2.20%,7464,6831.0,5700,6831,6833,8368,6540,original,,,
2000-09-27,TX,200010,6780,6941,6753,6798,-33,-0.48%,6807,6798.0,5434,6795,6798,8368,6540,original,,,
2000-09-28,TX,200010,6850,6898,6630,6639,-159,-2.34%,6257,6639.0,6138,6636,6639,8368,6540,original,,,
2000-09-29,TX,200010,6639,6687,6500,6500,-139,-2.09%,6482,6500.0,6458,6499,6500,8368,6500,original,,,
2000-09-30,TX,200010,6385,6423,6230,6250,-250,-3.85%,6632,6250.0,6296,6250,6251,8368,6230,original,,,
2000-10-02,TX,200010,6310,6350,6115,6149,-101,-1.62%,5963,6149.0,6194,6141,6150,8368,6115,original,,,
2000-10-03,TX,200010,6149,6340,6070,6262,113,1.84%,7243,6262.0,7025,6262,6263,8368,6070,original,,,
2000-10-04,TX,200010,6043,6043,6043,6043,-219,-3.50%,839,6043.0,7130,-,0.01,8368,6043,original,,,
2000-10-05,TX,200010,6050,6178,6041,6105,62,1.03%,5727,6105.0,7502,6104,6105,8368,6041,original,,,
2000-10-06,TX,200010,6102,6510,6101,6509,404,6.62%,7781,6509.0,7549,6508,6509,8368,6041,original,,,
2000-10-07,TX,200010,6450,6494,6386,6430,-79,-1.21%,6343,6430.0,8306,6428,6430,8368,6041,original,,,
2000-10-09,TX,200010,6435,6440,6205,6205,-225,-3.50%,5777,6205.0,8585,-,0.01,8368,6041,original,,,
2000-10-11,TX,200010,5988,6030,5988,5988,-217,-3.50%,1488,5988.0,8195,-,0.01,8368,5988,original,,,
2000-10-12,TX,200010,5900,5950,5685,5715,-273,-4.56%,9062,5715.0,6216,5713,5715,8368,5685,original,,,
2000-10-13,TX,200010,5355,5899,5355,5898,183,3.20%,6578,5898.0,5211,5890,5898,8368,5355,original,,,
2000-10-16,TX,200010,6163,6178,5486,5486,-412,-6.99%,4687,5486.0,3915,-,5486,8368,5355,original,,,
2000-10-17,TX,200010,5510,5828,5510,5728,242,4.41%,3094,5728.0,2077,5721,5728,8368,5355,original,,,
2000-10-18,TX,200010,5647,5670,5328,5328,-400,-6.98%,1633,5328.0,987,-,5328,8368,5328,original,,,
2000-10-19,TX,200011,5419,5420,4983,5199,-158,-2.95%,9086,5199.0,5521,5161,5199,7020,4983,original,,,
2000-10-20,TX,200011,5500,5562,5450,5562,363,6.98%,6484,5562.0,4301,999999.99,-,7020,4983,original,,,
2000-10-21,TX,200011,5600,5717,5530,5660,98,1.76%,9111,5660.0,5079,5660,5663,7020,4983,original,,,
2000-10-23,TX,200011,5631,5750,5540,5670,10,0.18%,8971,5670.0,6156,5664,5670,7020,4983,original,,,
2000-10-24,TX,200011,5670,5999,5625,5920,250,4.41%,10886,5920.0,4908,5920,5923,7020,4983,original,,,
2000-10-25,TX,200011,5840,6000,5833,5972,52,0.88%,7669,5972.0,5940,5972,5974,7020,4983,original,,,
2000-10-26,TX,200011,5861,5960,5858,5875,-97,-1.62%,6700,5875.0,5344,5875,5878,7020,4983,original,,,
2000-10-27,TX,200011,5960,5980,5700,5700,-175,-2.98%,8535,5700.0,5763,5699,5700,7020,4983,original,,,
2000-10-30,TX,200011,5501,5600,5501,5600,-100,-1.75%,6715,5600.0,7494,5590,5600,7020,4983,original,,,
2000-10-31,TX,200011,5600,5720,5545,5555,-45,-0.80%,9419,5555.0,8675,5553,5570,7020,4983,original,,,
2000-11-01,TX,200011,5645,5650,5401,5460,-95,-1.71%,6892,5460.0,9259,5451,5460,7020,4983,original,,,
2000-11-02,TX,200011,5475,5799,5460,5775,315,5.77%,8871,5775.0,9434,5775,5777,7020,4983,original,,,
2000-11-03,TX,200011,5800,5933,5773,5895,120,2.08%,8650,5895.0,9125,5895,5896,7020,4983,original,,,
2000-11-04,TX,200011,5930,5945,5689,5690,-205,-3.48%,7629,5690.0,9044,5690,5695,7020,4983,original,,,
2000-11-06,TX,200011,5755,5760,5643,5720,30,0.53%,6951,5720.0,8864,5718,5720,7020,4983,original,,,
2000-11-07,TX,200011,5794,5975,5751,5960,240,4.20%,8310,5960.0,8286,5959,5960,7020,4983,original,,,
2000-11-08,TX,200011,5960,6309,5879,6122,162,2.72%,10561,6122.0,7476,6122,6125,7020,4983,original,,,
2000-11-09,TX,200011,6060,6248,6003,6200,78,1.27%,11481,6200.0,10434,6199,6200,7020,4983,original,,,
2000-11-10,TX,200011,6160,6240,6130,6210,10,0.16%,7020,6210.0,12105,6210,6212,7020,4983,original,,,
2000-11-13,TX,200011,6040,6040,5821,5855,-355,-5.72%,5988,5855.0,12225,5854,5855,7020,4983,original,,,
2000-11-14,TX,200011,5905,5955,5861,5895,40,0.68%,2578,5895.0,12002,5895,5899,7020,4983,original,,,
2000-11-15,TX,200011,6043,6049,5772,5830,-65,-1.10%,3272,5830.0,10754,5820,5830,7020,4983,original,,,
2000-11-16,TX,200012,5573,5650,5350,5374,-357,-6.23%,7263,5374.0,4458,5374,5378,10450,4998,original,,,
2000-11-17,TX,200012,5290,5375,5205,5330,-44,-0.82%,9578,5330.0,4512,5326,5330,10450,4998,original,,,
2000-11-18,TX,200012,5280,5380,5130,5130,-200,-3.75%,7375,5130.0,4381,5123,5130,10450,4998,original,,,
2000-11-20,TX,200012,5053,5080,4771,4771,-359,-7.00%,7002,4771.0,4286,-,0.01,10450,4771,original,,,
2000-11-21,TX,200012,4730,5104,4711,5104,333,6.98%,9702,5104.0,4516,999999.99,-,10450,4711,original,,,
2000-11-22,TX,200012,5110,5298,5015,5039,-65,-1.27%,12896,5039.0,4822,5038,5039,10450,4711,original,,,
2000-11-23,TX,200012,5000,5225,4946,5224,185,3.67%,9434,5224.0,5474,5220,5224,10450,4711,original,,,
2000-11-24,TX,200012,5252,5521,5252,5510,286,5.47%,11318,5510.0,4794,5505,5510,10450,4711,original,,,
2000-11-27,TX,200012,5549,5580,5401,5480,-30,-0.54%,9851,5480.0,4987,5476,5480,10450,4711,original,,,
2000-11-28,TX,200012,5399,5400,5303,5305,-175,-3.19%,6808,5305.0,5271,5305,5309,10450,4711,original,,,
2000-11-29,TX,200012,5210,5389,5202,5338,33,0.62%,10183,5338.0,5819,5337,5338,10450,4711,original,,,
2000-11-30,TX,200012,5338,5385,5172,5191,-147,-2.75%,9217,5191.0,6210,5191,5198,10450,4711,original,,,
2000-12-01,TX,200012,5236,5460,5178,5450,259,4.99%,10597,5450.0,6016,5448,5450,10450,4711,original,,,
2000-12-02,TX,200012,5401,5440,5261,5271,-179,-3.28%,9165,5271.0,5776,5271,5274,10450,4711,original,,,
2000-12-04,TX,200012,5250,5250,5151,5225,-46,-0.87%,7515,5225.0,6086,5225,5226,10450,4711,original,,,
2000-12-05,TX,200012,5250,5335,5142,5259,34,0.65%,11687,5259.0,6000,5258,5259,10450,4711,original,,,
2000-12-06,TX,200012,5398,5415,5170,5175,-84,-1.60%,11206,5175.0,5795,5174,5175,10450,4711,original,,,
2000-12-07,TX,200012,5160,5280,5152,5245,70,1.35%,9257,5245.0,6047,5245,5246,10450,4711,original,,,
2000-12-08,TX,200012,5260,5320,5206,5310,65,1.24%,9282,5310.0,6117,5309,5310,10450,4711,original,,,
2000-12-11,TX,200012,5354,5362,5276,5330,20,0.38%,6389,5330.0,6072,5329,5330,10450,4711,original,,,
2000-12-12,TX,200012,5335,5449,5330,5390,60,1.13%,8519,5390.0,6007,5390,5395,10450,4711,original,,,
2000-12-13,TX,200012,5380,5430,5330,5430,40,0.74%,6673,5430.0,6166,5426,5430,10450,4711,original,,,
2000-12-14,TX,200012,5365,5371,5305,5325,-105,-1.93%,6133,5325.0,6240,5325,5328,10450,4711,original,,,
2000-12-15,TX,200012,5250,5278,5201,5201,-124,-2.33%,5532,5201.0,5538,5201,5205,10450,4711,original,,,
2000-12-16,TX,200012,5190,5235,5112,5136,-65,-1.25%,4951,5136.0,4990,5135,5138,10450,4711,original,,,
2000-12-18,TX,200012,5160,5160,5056,5098,-38,-0.74%,3548,5098.0,4196,5095,5098,10450,4711,original,,,
2000-12-19,TX,200012,5062,5076,4991,5050,-48,-0.94%,2737,5050.0,2921,5050,5053,10450,4711,original,,,
2000-12-20,TX,200012,5001,5001,4875,4883,-167,-3.31%,1954,4883.0,1545,4883,4885,10450,4711,original,,,
2000-12-21,TX,200101,4762,4779,4687,4687,-169,-3.48%,4357,4687.0,4594,-,0.01,5612,4687,original,,,
2000-12-22,TX,200101,4733,4950,4665,4857,170,3.63%,10453,4857.0,5400,4855,4857,5612,4665,original,,,
2000-12-26,TX,200101,4877,4906,4688,4688,-169,-3.48%,7223,4688.0,5708,-,0.01,5612,4665,original,,,
2000-12-27,TX,200101,4658,4658,4561,4565,-123,-2.62%,6420,4565.0,5712,4564,4565,5612,4561,original,,,
2000-12-28,TX,200101,4608,4879,4566,4867,302,6.62%,11954,4867.0,5560,4867,4868,5612,4561,original,,,
2000-12-29,TX,200101,4800,4835,4697,4707,-160,-3.29%,9409,4707.0,5765,4707,4708,5612,4561,original,,,
2000-12-30,TX,200101,4650,4830,4644,4770,63,1.34%,10126,4770.0,5737,4761,4770,5612,4561,original,,,
2001-01-02,TX,200101,4702,4948,4685,4892,122,2.56%,14824,4892.0,6699,4892,4893,5612,4561,original,,,
2001-01-03,TX,200101,4822,4944,4818,4870,-22,-0.45%,11137,4870.0,7212,4870,4871,5612,4561,original,,,
2001-01-04,TX,200101,5149,5175,5051,5121,251,5.15%,11684,5121.0,6864,5121,5122,5612,4561,original,,,
2001-01-05,TX,200101,5150,5340,5121,5340,219,4.28%,12317,5340.0,7130,5333,5340,5612,4561,original,,,
2001-01-08,TX,200101,5290,5358,5174,5196,-144,-2.70%,12391,5196.0,7429,5196,5197,5612,4561,original,,,
2001-01-09,TX,200101,5221,5419,5221,5400,204,3.93%,14564,5400.0,7067,5400,5401,5612,4561,original,,,
2001-01-10,TX,200101,5380,5449,5322,5408,8,0.15%,12587,5408.0,7622,5407,5408,5612,4561,original,,,
2001-01-11,TX,200101,5422,5494,5318,5340,-68,-1.26%,12990,5340.0,7045,5338,5340,5612,4561,original,,,
2001-01-12,TX,200101,5385,5393,5258,5378,38,0.71%,9240,5378.0,7187,5375,5378,5612,4561,original,,,
2001-01-15,TX,200101,5320,5430,5270,5407,29,0.54%,6109,5407.0,5781,5406,5407,5612,4561,original,,,
2001-01-16,TX,200101,5424,5748,5386,5746,339,6.27%,6858,5746.0,2832,5746,5747,5748,4561,original,,,
2001-01-17,TX,200101,5824,5824,5700,5802,56,0.97%,2909,5802.0,1047,5800,5802,5824,4561,original,,,
2001-01-18,TX,200102,5830,5950,5770,5949,110,1.88%,11801,5949.0,4462,5948,5949,5950,4570,original,,,
2001-01-29,TX,200102,5922,5965,5649,5658,-291,-4.89%,8619,5658.0,4263,5656,5660,5965,4570,original,,,
2001-01-30,TX,200102,5668,5850,5590,5819,161,2.85%,12512,5819.0,4543,5816,5819,5965,4570,original,,,
2001-01-31,TX,200102,5850,6020,5829,5951,132,2.27%,11771,5951.0,5422,5951,5954,6020,4570,original,,,
2001-02-01,TX,200102,5940,5969,5821,5900,-51,-0.86%,10269,5900.0,5704,5899,5900,6020,4570,original,,,
2001-02-02,TX,200102,5950,6065,5950,6019,119,2.02%,10699,6019.0,6212,6017,6019,6065,4570,original,,,
2001-02-05,TX,200102,5969,5969,5868,5911,-108,-1.79%,8344,5911.0,6008,5911,5912,6065,4570,original,,,
2001-02-06,TX,200102,5881,5990,5801,5837,-74,-1.25%,12783,5837.0,6275,5837,5838,6065,4570,original,,,
2001-02-07,TX,200102,5795,5797,5683,5683,-154,-2.64%,8696,5683.0,5951,5683,5685,6065,4570,original,,,
2001-02-08,TX,200102,5680,5782,5666,5776,93,1.64%,9623,5776.0,5969,5776,5777,6065,4570,original,,,
2001-02-09,TX,200102,5748,5860,5716,5755,-21,-0.36%,10982,5755.0,5763,5755,5756,6065,4570,original,,,
2001-02-12,TX,200102,5745,5838,5723,5820,65,1.13%,8648,5820.0,6453,5818,5820,6065,4570,original,,,
2001-02-13,TX,200102,5878,6045,5878,6040,220,3.78%,9951,6040.0,5827,6040,6041,6065,4570,original,,,
2001-02-14,TX,200102,6040,6045,5830,5840,-200,-3.31%,10090,5840.0,5281,5840,5843,6065,4570,original,,,
2001-02-15,TX,200102,5891,6118,5883,6095,255,4.37%,12299,6095.0,5764,6093,6095,6118,4570,original,,,
2001-02-16,TX,200102,6140,6140,5946,6025,-70,-1.15%,11266,6025.0,5023,6020,6025,6140,4570,original,,,
2001-02-19,TX,200102,5925,5949,5882,5943,-82,-1.36%,5479,5943.0,3745,5940,5943,6140,4570,original,,,
2001-02-20,TX,200102,5955,6037,5915,5956,13,0.22%,2906,5956.0,2454,5955,5956,6140,4570,original,,,
2001-02-21,TX,200102,5885,5981,5851,5981,25,0.42%,1913,5981.0,948,5980,5981,6140,4570,original,,,
2001-02-22,TX,200103,5851,5851,5730,5769,-171,-2.88%,10047,5769.0,6092,5769,5770,9500,4635,original,,,
2001-02-23,TX,200103,5745,5790,5721,5746,-23,-0.40%,7119,5746.0,5932,5746,5747,9500,4635,original,,,
2001-02-26,TX,200103,5746,5785,5725,5760,14,0.24%,4901,5760.0,6212,5760,5762,9500,4635,original,,,
2001-02-27,TX,200103,5805,5819,5640,5665,-95,-1.65%,7503,5665.0,6032,5665,5668,9500,4635,original,,,
2001-03-01,TX,200103,5581,5585,5486,5536,-129,-2.28%,6112,5536.0,6223,5535,5536,9500,4635,original,,,
2001-03-02,TX,200103,5541,5565,5486,5505,-31,-0.56%,6384,5505.0,6321,5505,5510,9500,4635,original,,,
2001-03-05,TX,200103,5510,5626,5490,5619,114,2.07%,6094,5619.0,6296,5618,5619,9500,4635,original,,,
2001-03-06,TX,200103,5650,5700,5610,5632,13,0.23%,9225,5632.0,6727,5631,5632,9500,4635,original,,,
2001-03-07,TX,200103,5689,5750,5680,5733,23,0.40%,8713,5733.0,7093,5732,5733,9500,4635,original,,,
2001-03-08,TX,200103,5749,5749,5681,5710,-23,-0.40%,5521,5710.0,7240,5709,5710,9500,4635,original,,,
2001-03-09,TX,200103,5649,5653,5612,5630,-80,-1.40%,5131,5630.0,6796,5630,5631,9500,4635,original,,,
2001-03-12,TX,200103,5499,5559,5492,5535,-95,-1.69%,4661,5535.0,6509,5535,5538,9500,4635,original,,,
2001-03-13,TX,200103,5480,5650,5450,5631,96,1.73%,8597,5631.0,6330,5631,5633,9500,4635,original,,,
2001-03-14,TX,200103,5686,5694,5622,5651,20,0.36%,5461,5651.0,6212,5651,5652,9500,4635,original,,,
2001-03-15,TX,200103,5608,5780,5570,5780,129,2.28%,8840,5780.0,5615,5780,5783,9500,4635,original,,,
2001-03-16,TX,200103,5750,5815,5740,5760,-20,-0.35%,5089,5760.0,5284,5760,5761,9500,4635,original,,,
2001-03-19,TX,200103,5727,5767,5625,5640,-120,-2.08%,4032,5640.0,3935,5639,5640,9500,4635,original,,,
2001-03-20,TX,200103,5659,5690,5631,5675,35,0.62%,2164,5675.0,2663,5673,5675,9500,4635,original,,,
2001-03-21,TX,200103,5555,5670,5555,5632,-43,-0.76%,1913,5632.0,1120,5631,5632,9500,4635,original,,,
2001-03-22,TX,200104,5631,5750,5631,5750,135,2.40%,8533,5750.0,6095,5749,5750,5830,5441,original,,,
2001-03-23,TX,200104,5830,5844,5790,5813,63,1.10%,7092,5813.0,7202,5813,5814,5844,5441,original,,,
2001-03-26,TX,200104,5833,5910,5773,5899,86,1.48%,7244,5899.0,7024,5898,5899,5910,5441,original,,,
2001-03-27,TX,200104,5909,5945,5851,5868,-31,-0.53%,7309,5868.0,7303,5867,5868,5945,5441,original,,,
2001-03-28,TX,200104,5900,5902,5815,5830,-38,-0.65%,5935,5830.0,7256,5830,5833,5945,5441,original,,,
2001-03-29,TX,200104,5806,5878,5796,5870,40,0.69%,5366,5870.0,7655,5870,5871,5945,5441,original,,,
2001-03-30,TX,200104,5858,5870,5775,5795,-75,-1.28%,5774,5795.0,8319,5794,5795,5945,5441,original,,,
2001-04-02,TX,200104,5775,5780,5618,5621,-174,-3.00%,5925,5621.0,7866,5620,5621,5945,5441,original,,,
2001-04-03,TX,200104,5595,5595,5470,5470,-151,-2.69%,7816,5470.0,7695,5470,5472,5945,5441,original,,,
2001-04-04,TX,200104,5406,5493,5392,5469,-1,-0.02%,7103,5469.0,7753,5469,5470,5945,5392,original,,,
2001-04-06,TX,200104,5581,5589,5510,5530,61,1.12%,6445,5530.0,7208,5527,5535,5945,5392,original,,,
2001-04-09,TX,200104,5490,5490,5391,5419,-111,-2.01%,4960,5419.0,7452,5419,5420,5945,5391,original,,,
2001-04-10,TX,200104,5419,5505,5312,5321,-98,-1.81%,8005,5321.0,7125,5321,5323,5945,5312,original,,,
2001-04-11,TX,200104,5401,5495,5341,5495,174,3.27%,11170,5495.0,6971,5495,5496,5945,5312,original,,,
2001-04-12,TX,200104,5515,5550,5466,5520,25,0.45%,6825,5520.0,6558,5520,5521,5945,5312,original,,,
2001-04-13,TX,200104,5561,5580,5455,5461,-59,-1.07%,5827,5461.0,6013,5461,5462,5945,5312,original,,,
2001-04-16,TX,200104,5425,5450,5405,5423,-38,-0.70%,3169,5423.0,5041,5422,5423,5945,5312,original,,,
2001-04-17,TX,200104,5425,5474,5375,5440,17,0.31%,3150,5440.0,3178,5440,5441,5945,5312,original,,,
2001-04-18,TX,200104,5480,5529,5480,5527,87,1.60%,2374,5527.0,1171,5527,5528,5945,5312,original,,,
2001-04-19,TX,200105,5653,5690,5620,5628,89,1.61%,8593,5628.0,6238,5628,5629,5948,5316,original,,,
2001-04-20,TX,200105,5643,5658,5582,5588,-40,-0.71%,5301,5588.0,6928,5588,5589,5948,5316,original,,,
2001-04-23,TX,200105,5588,5647,5568,5644,56,1.00%,4994,5644.0,7211,5641,5645,5948,5316,original,,,
2001-04-24,TX,200105,5621,5680,5603,5621,-23,-0.41%,6945,5621.0,7674,5621,5623,5948,5316,original,,,
2001-04-25,TX,200105,5609,5619,5504,5525,-96,-1.71%,7221,5525.0,8302,5524,5525,5948,5316,original,,,
2001-04-26,TX,200105,5541,5577,5465,5560,35,0.63%,7604,5560.0,8739,5558,5560,5948,5316,original,,,
2001-04-27,TX,200105,5519,5527,5422,5439,-121,-2.18%,6664,5439.0,9016,5439,5440,5948,5316,original,,,
2001-04-30,TX,200105,5425,5493,5410,5430,-9,-0.17%,6616,5430.0,9013,5427,5430,5948,5316,original,,,
2001-05-02,TX,200105,5476,5525,5313,5349,-81,-1.49%,8831,5349.0,9924,5348,5349,5948,5313,original,,,
2001-05-03,TX,200105,5360,5431,5320,5431,82,1.53%,7757,5431.0,10081,5431,5434,5948,5313,original,,,
2001-05-04,TX,200105,5419,5424,5200,5227,-204,-3.76%,8663,5227.0,9937,5226,5230,5948,5200,original,,,
2001-05-07,TX,200105,5243,5310,5190,5268,41,0.78%,9984,5268.0,9665,5268,5269,5948,5190,original,,,
2001-05-08,TX,200105,5255,5266,5131,5229,-39,-0.74%,9282,5229.0,9706,5228,5229,5948,5131,original,,,
2001-05-09,TX,200105,5229,5278,5210,5223,-6,-0.11%,8393,5223.0,9871,5222,5224,5948,5131,original,,,
2001-05-10,TX,200105,5201,5218,5153,5162,-61,-1.17%,5719,5162.0,9644,5162,5163,5948,5131,original,,,
2001-05-11,TX,200105,5142,5268,5070,5240,78,1.51%,10167,5240.0,8084,5239,5240,5948,5070,original,,,
2001-05-14,TX,200105,5174,5235,5171,5205,-35,-0.67%,4409,5205.0,7097,5205,5206,5948,5070,original,,,
2001-05-15,TX,200105,5181,5221,5172,5185,-20,-0.38%,2832,5185.0,5448,5184,5185,5948,5070,original,,,
2001-05-16,TX,200105,5155,5190,5080,5080,-105,-2.03%,3977,5080.0,2613,5080,5085,5948,5070,original,,,
2001-05-17,TX,200106,5150,5187,5115,5150,80,1.58%,8972,5150.0,7289,5149,5150,8700,4680,original,,,
2001-05-18,TX,200106,5168,5169,5073,5089,-61,-1.18%,8860,5089.0,7613,5088,5089,8700,4680,original,,,
2001-05-21,TX,200106,5089,5102,4940,4982,-107,-2.10%,8173,4982.0,7974,4981,4982,8700,4680,original,,,
2001-05-22,TX,200106,5017,5068,4970,4993,11,0.22%,8301,4993.0,7805,4993,4995,8700,4680,original,,,
2001-05-23,TX,200106,4982,5226,4970,5225,232,4.65%,13619,5225.0,7529,5224,5225,8700,4680,original,,,
2001-05-24,TX,200106,5210,5240,5181,5223,-2,-0.04%,7561,5223.0,7847,5223,5224,8700,4680,original,,,
2001-05-25,TX,200106,5190,5207,5167,5182,-41,-0.78%,5605,5182.0,7571,5182,5183,8700,4680,original,,,
2001-05-28,TX,200106,5154,5169,5093,5110,-72,-1.39%,6652,5110.0,7172,5109,5110,8700,4680,original,,,
2001-05-29,TX,200106,5075,5200,5071,5112,2,0.04%,9207,5112.0,7568,5111,5113,8700,4680,original,,,
2001-05-30,TX,200106,5085,5118,5058,5102,-10,-0.20%,6981,5102.0,7166,5102,5105,8700,4680,original,,,
2001-05-31,TX,200106,5072,5109,5045,5085,-17,-0.33%,6268,5085.0,7277,5085,5086,8700,4680,original,,,
2001-06-01,TX,200106,5110,5133,5019,5031,-54,-1.06%,7559,5031.0,7764,5031,5032,8700,4680,original,,,
2001-06-04,TX,200106,5045,5060,4981,5030,-1,-0.02%,4319,5030.0,8052,5021,5030,8700,4680,original,,,
2001-06-05,TX,200106,5029,5099,5005,5094,64,1.27%,6625,5094.0,7930,5092,5094,8700,4680,original,,,
2001-06-06,TX,200106,5142,5225,5135,5194,100,1.96%,8866,5194.0,6995,5193,5194,8700,4680,original,,,
2001-06-07,TX,200106,5170,5180,5145,5155,-39,-0.75%,5343,5155.0,7635,5154,5155,8700,4680,original,,,
2001-06-08,TX,200106,5206,5259,5200,5240,85,1.65%,8605,5240.0,8451,5236,5240,8700,4680,original,,,
2001-06-11,TX,200106,5211,5290,5188,5289,49,0.94%,5595,5289.0,8591,5288,5289,8700,4680,original,,,
2001-06-12,TX,200106,5260,5283,5225,5245,-44,-0.83%,6312,5245.0,8445,5244,5245,8700,4680,original,,,
2001-06-13,TX,200106,5245,5289,5186,5193,-52,-0.99%,8148,5193.0,8289,5193,5195,8700,4680,original,,,
2001-06-14,TX,200106,5165,5167,5110,5140,-53,-1.02%,6542,5140.0,7391,5138,5140,8700,4680,original,,,
2001-06-15,TX,200106,5109,5165,5093,5149,9,0.18%,4086,5149.0,7084,5147,5149,8700,4680,original,,,
2001-06-18,TX,200106,5141,5141,5071,5088,-61,-1.18%,3352,5088.0,5885,5088,5089,8700,4680,original,,,
2001-06-19,TX,200106,5069,5110,5069,5082,-6,-0.12%,2393,5082.0,4462,5081,5082,8700,4680,original,,,
2001-06-20,TX,200106,5079,5083,5036,5036,-46,-0.91%,3533,5036.0,2248,5036,5040,8700,4680,original,,,
2001-06-21,TX,200107,5080,5081,4975,4990,-62,-1.23%,7865,4990.0,9683,4989,4990,5285,4950,original,,,
2001-06-22,TX,200107,4990,5026,4931,4965,-25,-0.50%,5636,4965.0,10127,4962,4965,5285,4931,original,,,
2001-06-26,TX,200107,4965,4975,4834,4834,-131,-2.64%,5601,4834.0,10111,4834,4835,5285,4834,original,,,
2001-06-27,TX,200107,4830,4896,4805,4890,56,1.16%,7552,4890.0,10334,4880,4890,5285,4805,original,,,
2001-06-28,TX,200107,4856,4869,4792,4839,-51,-1.04%,6273,4839.0,11373,4831,4839,5285,4792,original,,,
2001-06-29,TX,200107,4870,4920,4867,4891,52,1.07%,7092,4891.0,11306,4891,4892,5285,4792,original,,,
2001-07-02,TX,200107,4892,4945,4825,4935,44,0.90%,8089,4935.0,11028,4932,4935,5285,4792,original,,,
2001-07-03,TX,200107,4901,4934,4840,4845,-90,-1.82%,7356,4845.0,10839,4843,4845,5285,4792,original,,,
2001-07-04,TX,200107,4815,4830,4750,4770,-75,-1.55%,6614,4770.0,11367,4768,4770,5285,4750,original,,,
2001-07-05,TX,200107,4749,4773,4712,4743,-27,-0.57%,6802,4743.0,11177,4742,4744,5285,4712,original,,,
2001-07-06,TX,200107,4712,4808,4712,4766,23,0.48%,8329,4766.0,11590,4761,4766,5285,4712,original,,,
2001-07-09,TX,200107,4726,4745,4695,4721,-45,-0.94%,5954,4721.0,11805,4721,4722,5285,4695,original,,,
2001-07-10,TX,200107,4737,4758,4666,4668,-53,-1.12%,6315,4668.0,12139,4667,4668,5285,4666,original,,,
2001-07-11,TX,200107,4630,4656,4577,4577,-91,-1.95%,6365,4577.0,11547,4577,4579,5285,4577,original,,,
2001-07-12,TX,200107,4607,4679,4607,4679,102,2.23%,7551,4679.0,10944,4678,4679,5285,4577,original,,,
2001-07-13,TX,200107,4709,4720,4473,4490,-189,-4.04%,10719,4490.0,8176,4489,4490,5285,4473,original,,,
2001-07-16,TX,200107,4482,4528,4290,4394,-96,-2.14%,6252,4394.0,6053,4394,4395,5285,4290,original,,,
2001-07-17,TX,200107,4335,4426,4304,4353,-41,-0.93%,2901,4353.0,4603,4353,4360,5285,4290,original,,,
2001-07-18,TX,200107,4343,4385,4060,4176,-177,-4.07%,2970,4176.0,2241,4176,4177,5285,4060,original,,,
2001-07-19,TX,200108,4175,4255,4057,4175,-1,-0.02%,16640,4175.0,7864,4175,4176,5079,4057,original,,,
2001-07-20,TX,200108,4150,4231,4110,4160,-15,-0.36%,12515,4160.0,8530,4159,4160,5079,4057,original,,,
2001-07-23,TX,200108,4202,4230,4115,4118,-42,-1.01%,9226,4118.0,9098,4117,4118,5079,4057,original,,,
2001-07-24,TX,200108,4100,4109,4023,4062,-56,-1.36%,9491,4062.0,9680,4062,4063,5079,4023,original,,,
2001-07-25,TX,200108,4038,4138,4026,4138,76,1.87%,10670,4138.0,10122,4136,4138,5079,4023,original,,,
2001-07-26,TX,200108,4138,4295,4085,4255,117,2.83%,15667,4255.0,9590,4255,4259,5079,4023,original,,,
2001-07-27,TX,200108,4271,4350,4238,4242,-13,-0.31%,13902,4242.0,9714,4242,4243,5079,4023,original,,,
2001-07-31,TX,200108,4261,4309,4230,4291,49,1.16%,8451,4291.0,10729,4290,4291,5079,4023,original,,,
2001-08-01,TX,200108,4295,4333,4240,4267,-24,-0.56%,9995,4267.0,11364,4267,4268,5079,4023,original,,,
2001-08-02,TX,200108,4301,4455,4287,4455,188,4.41%,15925,4455.0,12163,4454,4455,5079,4023,original,,,
2001-08-03,TX,200108,4480,4538,4430,4495,40,0.90%,10484,4495.0,12416,4494,4495,5079,4023,original,,,
2001-08-06,TX,200108,4481,4481,4407,4420,-75,-1.67%,7225,4420.0,12116,4420,4424,5079,4023,original,,,
2001-08-07,TX,200108,4390,4417,4321,4395,-25,-0.57%,11081,4395.0,11032,4395,4396,5079,4023,original,,,
2001-08-08,TX,200108,4372,4516,4370,4516,121,2.75%,15466,4516.0,10942,4515,4516,5079,4023,original,,,
2001-08-09,TX,200108,4466,4510,4403,4405,-111,-2.46%,13186,4405.0,10025,4405,4406,5079,4023,original,,,
2001-08-10,TX,200108,4410,4490,4349,4469,64,1.45%,13585,4469.0,8800,4469,4470,5079,4023,original,,,
2001-08-13,TX,200108,4469,4528,4452,4490,21,0.47%,6211,4490.0,7170,4488,4490,5079,4023,original,,,
2001-08-14,TX,200108,4525,4619,4475,4619,129,2.87%,4329,4619.0,4758,4618,4619,5079,4023,original,,,
2001-08-15,TX,200108,4639,4666,4582,4620,1,0.02%,3633,4620.0,2131,4620,4621,5079,4023,original,,,
2001-08-16,TX,200109,4580,4663,4573,4649,49,1.07%,11838,4649.0,10353,4648,4649,6193,4024,original,,,
2001-08-17,TX,200109,4655,4675,4591,4630,-19,-0.41%,10522,4630.0,11070,4626,4630,6193,4024,original,,,
2001-08-20,TX,200109,4550,4578,4536,4542,-88,-1.90%,9508,4542.0,10640,4541,4542,6193,4024,original,,,
2001-08-21,TX,200109,4551,4580,4510,4566,24,0.53%,10098,4566.0,10506,4565,4566,6193,4024,original,,,
2001-08-22,TX,200109,4521,4563,4460,4460,-106,-2.32%,12233,4460.0,10068,4459,4460,6193,4024,original,,,
2001-08-23,TX,200109,4460,4494,4436,4468,8,0.18%,11043,4468.0,9344,4466,4468,6193,4024,original,,,
2001-08-24,TX,200109,4454,4468,4294,4303,-165,-3.69%,12146,4303.0,8703,4303,4304,6193,4024,original,,,
2001-08-27,TX,200109,4330,4374,4305,4341,38,0.88%,11706,4341.0,9430,4341,4342,6193,4024,original,,,
2001-08-28,TX,200109,4340,4359,4280,4311,-30,-0.69%,10190,4311.0,9762,4311,4315,6193,4024,original,,,
2001-08-29,TX,200109,4282,4486,4271,4485,174,4.04%,16524,4485.0,9275,4484,4485,6193,4024,original,,,
2001-08-30,TX,200109,4483,4535,4421,4457,-28,-0.62%,12555,4457.0,9528,4456,4457,6193,4024,original,,,
2001-08-31,TX,200109,4410,4455,4372,4442,-15,-0.34%,11832,4442.0,10325,4441,4445,6193,4024,original,,,
2001-09-03,TX,200109,4452,4493,4378,4378,-64,-1.44%,9974,4378.0,10110,4378,4379,6193,4024,original,,,
2001-09-04,TX,200109,4378,4479,4351,4479,101,2.31%,13366,4479.0,10751,4478,4479,6193,4024,original,,,
2001-09-05,TX,200109,4433,4463,4365,4376,-103,-2.30%,12011,4376.0,10353,4376,4377,6193,4024,original,,,
2001-09-06,TX,200109,4376,4387,4295,4330,-46,-1.05%,11239,4330.0,10046,4330,4331,6193,4024,original,,,
2001-09-07,TX,200109,4286,4294,4237,4284,-46,-1.06%,9213,4284.0,10148,4284,4285,6193,4024,original,,,
2001-09-10,TX,200109,4254,4300,4221,4280,-4,-0.09%,9007,4280.0,10910,4279,4280,6193,4024,original,,,
2001-09-11,TX,200109,4290,4295,4151,4152,-128,-2.99%,12075,4152.0,10480,4151,4152,6193,4024,original,,,
2001-09-13,TX,200109,3862,3890,3862,3862,-290,-6.98%,8221,3862.0,8294,-,0.01,6193,3862,original,,,
2001-09-14,TX,200109,3888,3910,3670,3705,-157,-4.07%,13085,3705.0,6684,3705,3706,6193,3670,original,,,
2001-09-19,TX,200109,3611,3737,3581,3737,32,0.86%,6457,3737.0,3094,3731,3737,6193,3581,original,,,
2001-09-20,TX,200110,3649,3660,3551,3551,-128,-3.48%,11743,3551.0,7644,-,0.01,4678,3551,original,,,
2001-09-21,TX,200110,3460,3474,3427,3427,-124,-3.49%,5129,3427.0,8475,-,0.01,4678,3427,original,,,
2001-09-24,TX,200110,3402,3550,3366,3510,83,2.42%,19229,3510.0,8563,3509,3510,4678,3366,original,,,
2001-09-25,TX,200110,3648,3650,3421,3430,-80,-2.28%,20387,3430.0,8733,3429,3430,4678,3366,original,,,
2001-09-26,TX,200110,3450,3669,3401,3625,195,5.69%,27493,3625.0,9790,3623,3626,4678,3366,original,,,
2001-09-27,TX,200110,3594,3600,3520,3560,-65,-1.79%,19145,3560.0,10245,3560,3561,4678,3366,original,,,
2001-09-28,TX,200110,3599,3664,3571,3616,56,1.57%,21736,3616.0,10284,3615,3616,4678,3366,original,,,
2001-10-02,TX,200110,3611,3614,3423,3427,-189,-5.23%,16367,3427.0,10131,3427,3428,4678,3366,original,,,
2001-10-03,TX,200110,3450,3495,3401,3430,3,0.09%,16320,3430.0,10548,3430,3431,4678,3366,original,,,
2001-10-04,TX,200110,3620,3620,3470,3473,43,1.25%,17518,3473.0,10562,3473,3474,4678,3366,original,,,
2001-10-05,TX,200110,3496,3577,3460,3553,80,2.30%,19351,3553.0,11066,3553,3554,4678,3366,original,,,
2001-10-08,TX,200110,3540,3575,3501,3512,-41,-1.15%,11818,3512.0,10053,3511,3512,4678,3366,original,,,
2001-10-09,TX,200110,3549,3617,3535,3615,103,2.93%,14637,3615.0,11092,3614,3615,4678,3366,original,,,
2001-10-11,TX,200110,3698,3855,3690,3845,230,6.36%,15502,3845.0,11181,3841,3845,4678,3366,original,,,
2001-10-12,TX,200110,3945,3951,3788,3825,-20,-0.52%,18317,3825.0,8944,3825,3826,4678,3366,original,,,
2001-10-15,TX,200110,3799,3799,3725,3731,-94,-2.46%,7961,3731.0,7082,3731,3732,4678,3366,original,,,
2001-10-16,TX,200110,3720,3812,3714,3810,79,2.12%,4642,3810.0,4711,3808,3810,4678,3366,original,,,
2001-10-17,TX,200110,3831,3858,3791,3820,10,0.26%,3523,3820.0,2412,3820,3822,4678,3366,original,,,
2001-10-18,TX,200111,3720,3770,3715,3770,-15,-0.40%,12810,3770.0,11511,3768,3770,3938,3347,original,,,
2001-10-19,TX,200111,3760,3837,3721,3820,50,1.33%,18513,3820.0,12944,3820,3821,3938,3347,original,,,
2001-10-22,TX,200111,3830,3909,3830,3906,86,2.25%,15013,3906.0,14643,3905,3906,3938,3347,original,,,
2001-10-23,TX,200111,3946,3964,3842,3850,-56,-1.43%,15964,3850.0,15403,3849,3850,3964,3347,original,,,
2001-10-24,TX,200111,3840,3960,3840,3956,106,2.75%,20573,3956.0,15933,3956,3957,3964,3347,original,,,
2001-10-25,TX,200111,3975,3988,3915,3988,32,0.81%,17294,3988.0,17179,3982,3988,3988,3347,original,,,
2001-10-26,TX,200111,4001,4054,3977,3988,0,0.00%,17898,3988.0,17460,3987,3988,4054,3347,original,,,
2001-10-29,TX,200111,3983,4020,3966,3990,2,0.05%,10957,3990.0,18273,3990,3991,4054,3347,original,,,
2001-10-30,TX,200111,3920,3936,3850,3850,-140,-3.51%,14943,3850.0,17248,3850,3851,4054,3347,original,,,
2001-10-31,TX,200111,3826,3885,3812,3866,16,0.42%,13964,3866.0,16929,3865,3866,4054,3347,original,,,
2001-11-01,TX,200111,3878,3892,3840,3870,4,0.10%,10495,3870.0,18294,3870,3871,4054,3347,original,,,
2001-11-02,TX,200111,3919,3957,3916,3931,61,1.58%,15183,3931.0,18216,3931,3935,4054,3347,original,,,
2001-11-05,TX,200111,3945,4043,3918,4030,99,2.52%,14282,4030.0,17834,4028,4030,4054,3347,original,,,
2001-11-06,TX,200111,4050,4089,3990,3990,-40,-0.99%,16440,3990.0,18411,3990,3993,4089,3347,original,,,
2001-11-07,TX,200111,4065,4088,4030,4060,70,1.75%,15674,4060.0,19729,4060,4062,4089,3347,original,,,
2001-11-08,TX,200111,4065,4082,4011,4040,-20,-0.49%,13753,4040.0,20364,4040,4042,4089,3347,original,,,
2001-11-09,TX,200111,4022,4046,3993,4020,-20,-0.50%,10665,4020.0,20956,4020,4021,4089,3347,original,,,
2001-11-12,TX,200111,4031,4105,4010,4105,85,2.11%,11415,4105.0,21605,4103,4105,4105,3347,original,,,
2001-11-13,TX,200111,4100,4120,4056,4060,-45,-1.10%,9986,4060.0,20745,4059,4060,4120,3347,original,,,
2001-11-14,TX,200111,4128,4259,4116,4230,170,4.19%,16826,4230.0,20048,4230,4231,4259,3347,original,,,
2001-11-15,TX,200111,4240,4359,4210,4350,120,2.84%,15520,4350.0,18265,4349,4350,4359,3347,original,,,
2001-11-16,TX,200111,4375,4460,4330,4433,83,1.91%,15235,4433.0,15515,4431,4433,4460,3347,original,,,
2001-11-19,TX,200111,4444,4586,4411,4585,152,3.43%,10122,4585.0,11140,4580,4585,4586,3347,original,,,
2001-11-20,TX,200111,4595,4597,4435,4444,-141,-3.08%,6987,4444.0,7191,4444,4447,4597,3347,original,,,
2001-11-21,TX,200111,4444,4560,4405,4560,116,2.61%,4576,4560.0,3561,4560,4564,4597,3347,original,,,
2001-11-22,TX,200112,4475,4497,4393,4429,-91,-2.01%,15738,4429.0,10295,4428,4429,6366,3251,original,,,
2001-11-23,TX,200112,4435,4510,4415,4499,70,1.58%,15000,4499.0,11182,4497,4499,6366,3251,original,,,
2001-11-26,TX,200112,4530,4629,4530,4612,113,2.51%,14532,4612.0,10687,4612,4613,6366,3251,original,,,
2001-11-27,TX,200112,4670,4688,4472,4535,-77,-1.67%,21840,4535.0,11090,4535,4536,6366,3251,original,,,
2001-11-28,TX,200112,4536,4565,4385,4390,-145,-3.20%,18062,4390.0,10020,4390,4391,6366,3251,original,,,
2001-11-29,TX,200112,4370,4437,4351,4407,17,0.39%,15103,4407.0,10150,4407,4408,6366,3251,original,,,
2001-11-30,TX,200112,4431,4458,4365,4390,-17,-0.39%,15659,4390.0,10894,4388,4390,6366,3251,original,,,
2001-12-03,TX,200112,4459,4600,4445,4589,199,4.53%,15554,4589.0,11237,4588,4589,6366,3251,original,,,
2001-12-04,TX,200112,4578,4745,4531,4741,152,3.31%,19985,4741.0,11743,4740,4741,6366,3251,original,,,
2001-12-05,TX,200112,4819,4944,4791,4910,169,3.56%,23573,4910.0,12520,4910,4911,6366,3251,original,,,
2001-12-06,TX,200112,5039,5253,5018,5253,343,6.99%,19182,5253.0,11968,999999.99,-,6366,3251,original,,,
2001-12-07,TX,200112,5240,5380,5152,5368,115,2.19%,23852,5368.0,10948,5368,5369,6366,3251,original,,,
2001-12-10,TX,200112,5312,5429,5256,5292,-76,-1.42%,20885,5292.0,10912,5291,5292,6366,3251,original,,,
2001-12-11,TX,200112,5240,5298,5210,5298,6,0.11%,17907,5298.0,10214,5298,5299,6366,3251,original,,,
2001-12-12,TX,200112,5293,5667,5273,5649,351,6.63%,21496,5649.0,9257,5645,5649,6366,3251,original,,,
2001-12-13,TX,200112,5650,5763,5390,5425,-224,-3.97%,27507,5425.0,8989,5424,5425,6366,3251,original,,,
2001-12-14,TX,200112,5340,5550,5322,5550,125,2.30%,23316,5550.0,8862,5541,5550,6366,3251,original,,,
2001-12-17,TX,200112,5490,5542,5420,5453,-97,-1.75%,15351,5453.0,7888,5453,5455,6366,3251,original,,,
2001-12-18,TX,200112,5520,5548,5320,5360,-93,-1.71%,10630,5360.0,4965,5360,5362,6366,3251,original,,,
2001-12-19,TX,200112,5360,5424,5203,5203,-157,-2.93%,4716,5203.0,2320,5202,5215,6366,3251,original,,,
2001-12-20,TX,200201,5200,5299,5180,5285,85,1.63%,18097,5285.0,7808,5285,5287,5724,4331,original,,,
2001-12-21,TX,200201,5231,5237,5042,5045,-240,-4.54%,16309,5045.0,7513,5045,5046,5724,4331,original,,,
2001-12-24,TX,200201,5075,5160,5073,5111,66,1.31%,12684,5111.0,8275,5111,5112,5724,4331,original,,,
2001-12-25,TX,200201,5129,5430,5090,5400,289,5.65%,18227,5400.0,7407,5400,5401,5724,4331,original,,,
2001-12-26,TX,200201,5430,5487,5305,5375,-25,-0.46%,21540,5375.0,8218,5375,5378,5724,4331,original,,,
2001-12-27,TX,200201,5410,5470,5218,5282,-93,-1.73%,21482,5282.0,9070,5282,5283,5724,4331,original,,,
2001-12-28,TX,200201,5302,5405,5235,5400,118,2.23%,19487,5400.0,9253,5399,5400,5724,4331,original,,,
2001-12-31,TX,200201,5430,5615,5421,5598,198,3.67%,14945,5598.0,8790,5590,5598,5724,4331,original,,,
2002-01-02,TX,200201,5559,5666,5475,5585,-13,-0.23%,17435,5585.0,9262,5585,5588,5724,4331,original,,,
2002-01-03,TX,200201,5650,5675,5460,5463,-122,-2.18%,18526,5463.0,9456,5463,5465,5724,4331,original,,,
2002-01-04,TX,200201,5682,5690,5563,5635,172,3.15%,16709,5635.0,9982,5635,5636,5724,4331,original,,,
2002-01-07,TX,200201,5635,5849,5598,5817,182,3.23%,14454,5817.0,10201,5816,5817,5849,4331,original,,,
2002-01-08,TX,200201,5816,5843,5731,5815,-2,-0.03%,16170,5815.0,10114,5815,5816,5849,4331,original,,,
2002-01-09,TX,200201,5815,5889,5735,5859,44,0.76%,17683,5859.0,9345,5859,5860,5889,4331,original,,,
2002-01-10,TX,200201,5825,5865,5745,5829,-30,-0.51%,16821,5829.0,10473,5828,5830,5889,4331,original,,,
2002-01-11,TX,200201,5811,5860,5631,5640,-189,-3.24%,20219,5640.0,9880,5640,5642,5889,4331,original,,,
2002-01-14,TX,200201,5580,5610,5550,5590,-50,-0.89%,9126,5590.0,8451,5589,5590,5889,4331,original,,,
2002-01-15,TX,200201,5550,5600,5492,5590,0,0.00%,8890,5590.0,4682,5590,5591,5889,4331,original,,,
2002-01-16,TX,200201,5542,5599,5460,5460,-130,-2.33%,4463,5460.0,1607,5460,5463,5889,4331,original,,,
2002-01-17,TX,200202,5350,5457,5340,5450,50,0.93%,14222,5450.0,8285,5449,5450,5888,5050,original,,,
2002-01-18,TX,200202,5452,5545,5430,5443,-7,-0.13%,18983,5443.0,10385,5443,5444,5888,5050,original,,,
2002-01-21,TX,200202,5440,5824,5430,5824,381,7.00%,18490,5824.0,9176,999999.99,-,5888,5050,original,,,
2002-01-22,TX,200202,5834,5870,5714,5804,-20,-0.34%,18058,5804.0,8948,5801,5804,5888,5050,original,,,
2002-01-23,TX,200202,5751,6096,5710,5775,-29,-0.50%,23471,5775.0,8747,5771,5778,6096,5050,original,,,
2002-01-24,TX,200202,5819,5848,5701,5800,25,0.43%,18275,5800.0,9285,5800,5801,6096,5050,original,,,
2002-01-25,TX,200202,5850,5975,5850,5954,154,2.66%,18584,5954.0,8768,5953,5954,6096,5050,original,,,
2002-01-28,TX,200202,5979,6035,5960,6029,75,1.26%,11702,6029.0,9247,6021,6029,6096,5050,original,,,
2002-01-29,TX,200202,6008,6013,5812,5820,-209,-3.47%,15328,5820.0,9760,5819,5820,6096,5050,original,,,
2002-01-30,TX,200202,5735,5818,5720,5815,-5,-0.09%,13052,5815.0,10678,5813,5815,6096,5050,original,,,
2002-01-31,TX,200202,5828,5860,5761,5831,16,0.28%,14614,5831.0,11088,5831,5834,6096,5050,original,,,
2002-02-01,TX,200202,5895,5910,5820,5858,27,0.46%,13574,5858.0,11402,5852,5858,6096,5050,original,,,
2002-02-04,TX,200202,5811,5870,5782,5838,-20,-0.34%,10370,5838.0,11293,5838,5839,6096,5050,original,,,
2002-02-05,TX,200202,5762,5884,5751,5884,46,0.79%,8991,5884.0,10063,5883,5884,6096,5050,original,,,
2002-02-06,TX,200202,5899,5985,5880,5969,85,1.44%,12373,5969.0,7839,5965,5969,6096,5050,original,,,
2002-02-18,TX,200202,6022,6041,5946,5956,-13,-0.22%,6555,5956.0,7070,5956,5957,6096,5050,original,,,
2002-02-19,TX,200202,5966,5980,5823,5825,-131,-2.20%,5563,5825.0,4418,5825,5830,6096,5050,original,,,
2002-02-20,TX,200202,5798,5815,5679,5685,-140,-2.40%,3461,5685.0,2134,5685,5686,6096,5050,original,,,
2002-02-21,TX,200203,5725,5725,5596,5656,-10,-0.18%,12795,5656.0,8985,5655,5656,6060,3430,original,,,
2002-02-22,TX,200203,5585,5643,5542,5620,-36,-0.64%,11520,5620.0,9455,5620,5621,6060,3430,original,,,
2002-02-25,TX,200203,5632,5650,5503,5522,-98,-1.74%,10776,5522.0,9811,5522,5523,6060,3430,original,,,
2002-02-26,TX,200203,5581,5618,5483,5529,7,0.13%,13586,5529.0,10051,5526,5529,6060,3430,original,,,
2002-02-27,TX,200203,5529,5705,5529,5700,171,3.09%,15385,5700.0,9823,5700,5701,6060,3430,original,,,
2002-03-01,TX,200203,5679,5700,5625,5650,-50,-0.88%,13275,5650.0,11198,5650,5658,6060,3430,original,,,
2002-03-04,TX,200203,5773,5940,5773,5910,260,4.60%,17472,5910.0,10507,5910,5911,6060,3430,original,,,
2002-03-05,TX,200203,5999,6028,5882,5964,54,0.91%,15421,5964.0,10475,5963,5964,6060,3430,original,,,
2002-03-06,TX,200203,5958,6126,5923,6120,156,2.62%,17052,6120.0,10830,6118,6120,6126,3430,original,,,
2002-03-07,TX,200203,6138,6149,6052,6080,-40,-0.65%,14191,6080.0,11044,6079,6080,6149,3430,original,,,
2002-03-08,TX,200203,6060,6145,5974,6041,-39,-0.64%,16795,6041.0,11257,6040,6041,6149,3430,original,,,
2002-03-11,TX,200203,6071,6215,6051,6190,149,2.47%,17026,6190.0,10953,6190,6192,6215,3430,original,,,
2002-03-12,TX,200203,6180,6180,6072,6120,-70,-1.13%,13902,6120.0,10777,6119,6120,6215,3430,original,,,
2002-03-13,TX,200203,6082,6196,6044,6080,-40,-0.65%,19541,6080.0,11043,6080,6082,6215,3430,original,,,
2002-03-14,TX,200203,6040,6105,5985,6105,25,0.41%,14467,6105.0,10667,6105,6106,6215,3430,original,,,
2002-03-15,TX,200203,6072,6119,5900,5904,-201,-3.29%,17941,5904.0,9518,5904,5905,6215,3430,original,,,
2002-03-18,TX,200203,5930,5955,5883,5948,44,0.75%,9746,5948.0,8147,5948,5949,6215,3430,original,,,
2002-03-19,TX,200203,5941,5970,5858,5902,-46,-0.77%,5843,5902.0,5413,5901,5902,6215,3430,original,,,
2002-03-20,TX,200203,5905,6089,5891,6074,172,2.91%,4264,6074.0,2375,6072,6074,6215,3430,original,,,
2002-03-21,TX,200204,6002,6086,5980,6049,-6,-0.10%,16203,6049.0,9803,6049,6050,6200,5490,original,,,
2002-03-22,TX,200204,6138,6185,6108,6155,106,1.75%,14993,6155.0,9767,6155,6156,6200,5490,original,,,
2002-03-25,TX,200204,6151,6209,6105,6170,15,0.24%,14498,6170.0,10673,6170,6178,6209,5490,original,,,
2002-03-26,TX,200204,6141,6220,6125,6208,38,0.62%,13230,6208.0,11480,6208,6209,6220,5490,original,,,
2002-03-27,TX,200204,6220,6243,6081,6085,-123,-1.98%,19066,6085.0,11581,6085,6086,6243,5490,original,,,
2002-03-28,TX,200204,6099,6140,6063,6130,45,0.74%,15698,6130.0,12609,6130,6131,6243,5490,original,,,
2002-03-29,TX,200204,6170,6179,6085,6145,15,0.24%,14768,6145.0,13429,6140,6145,6243,5490,original,,,
2002-04-01,TX,200204,6103,6161,6095,6105,-40,-0.65%,9355,6105.0,13824,6105,6108,6243,5490,original,,,
2002-04-02,TX,200204,6155,6272,6154,6223,118,1.93%,16303,6223.0,13606,6221,6223,6272,5490,original,,,
2002-04-03,TX,200204,6181,6261,6161,6261,38,0.61%,13517,6261.0,13536,6261,6262,6272,5490,original,,,
2002-04-04,TX,200204,6231,6237,6115,6152,-109,-1.74%,15779,6152.0,12960,6152,6154,6272,5490,original,,,
2002-04-08,TX,200204,6132,6160,6095,6119,-33,-0.54%,10674,6119.0,13001,6119,6120,6272,5490,original,,,
2002-04-09,TX,200204,6167,6177,6033,6041,-78,-1.27%,16217,6041.0,11978,6041,6043,6272,5490,original,,,
2002-04-10,TX,200204,5999,6025,5972,6025,-16,-0.26%,10820,6025.0,12112,6023,6025,6272,5490,original,,,
2002-04-11,TX,200204,6047,6069,6015,6032,7,0.12%,10377,6032.0,13097,6031,6032,6272,5490,original,,,
2002-04-12,TX,200204,5990,6172,5975,6158,126,2.09%,14989,6158.0,10704,6158,6159,6272,5490,original,,,
2002-04-15,TX,200204,6164,6220,6147,6179,21,0.34%,8364,6179.0,9056,6178,6179,6272,5490,original,,,
2002-04-16,TX,200204,6190,6249,6180,6231,52,0.84%,5304,6231.0,6834,6231,6233,6272,5490,original,,,
2002-04-17,TX,200204,6385,6450,6328,6450,219,3.51%,4979,6450.0,4106,6420,6450,6450,5490,original,,,
2002-04-18,TX,200205,6360,6375,6330,6360,-13,-0.20%,9143,6360.0,10894,6360,6361,6375,5949,original,,,
2002-04-19,TX,200205,6341,6407,6331,6398,38,0.60%,10000,6398.0,11377,6397,6398,6407,5949,original,,,
2002-04-22,TX,200205,6408,6410,6356,6410,12,0.19%,7571,6410.0,11611,6408,6410,6410,5949,original,,,
2002-04-23,TX,200205,6379,6389,6315,6345,-65,-1.01%,9960,6345.0,11390,6344,6345,6410,5949,original,,,
2002-04-24,TX,200205,6318,6423,6318,6420,75,1.18%,12285,6420.0,11999,6419,6420,6423,5949,original,,,
2002-04-25,TX,200205,6387,6387,6302,6318,-102,-1.59%,13900,6318.0,11184,6318,6319,6423,5949,original,,,
2002-04-26,TX,200205,6309,6328,6262,6308,-10,-0.16%,9162,6308.0,10474,6307,6308,6423,5949,original,,,
2002-04-29,TX,200205,6251,6258,6172,6172,-136,-2.16%,11462,6172.0,10267,6171,6172,6423,5949,original,,,
2002-04-30,TX,200205,6172,6196,6056,6100,-72,-1.17%,10990,6100.0,11549,6098,6100,6423,5949,original,,,
2002-05-02,TX,200205,6117,6134,5860,5883,-217,-3.56%,14670,5883.0,12164,5883,5884,6423,5860,original,,,
2002-05-03,TX,200205,5841,5944,5775,5916,33,0.56%,15333,5916.0,12619,5916,5917,6423,5775,original,,,
2002-05-06,TX,200205,5827,5827,5535,5615,-301,-5.09%,14821,5615.0,11813,5615,5616,6423,5535,original,,,
2002-05-07,TX,200205,5541,5710,5520,5662,47,0.84%,14862,5662.0,11774,5660,5662,6423,5520,original,,,
2002-05-08,TX,200205,5749,5760,5650,5750,88,1.55%,14136,5750.0,12262,5749,5750,6423,5520,original,,,
2002-05-09,TX,200205,5880,5889,5741,5758,8,0.14%,15933,5758.0,11790,5757,5758,6423,5520,original,,,
2002-05-10,TX,200205,5740,5858,5653,5855,97,1.68%,17718,5855.0,9862,5855,5857,6423,5520,original,,,
2002-05-13,TX,200205,5758,5807,5738,5796,-59,-1.01%,9311,5796.0,9658,5795,5797,6423,5520,original,,,
2002-05-14,TX,200205,5820,5842,5750,5774,-22,-0.38%,6048,5774.0,7716,5772,5774,6423,5520,original,,,
2002-05-15,TX,200205,5820,5950,5810,5891,117,2.03%,6527,5891.0,2857,5891,5895,6423,5520,original,,,
2002-05-16,TX,200206,5876,5888,5742,5742,-151,-2.56%,14373,5742.0,9225,5742,5748,6415,3395,original,,,
2002-05-17,TX,200206,5795,5847,5762,5805,63,1.10%,16087,5805.0,10553,5804,5805,6415,3395,original,,,
2002-05-20,TX,200206,5751,5753,5511,5518,-287,-4.94%,17176,5518.0,10299,5516,5518,6415,3395,original,,,
2002-05-21,TX,200206,5501,5530,5382,5410,-108,-1.96%,16996,5410.0,10419,5409,5410,6415,3395,original,,,
2002-05-22,TX,200206,5411,5524,5375,5503,93,1.72%,17880,5503.0,10602,5503,5504,6415,3395,original,,,
2002-05-23,TX,200206,5525,5550,5480,5504,1,0.02%,14536,5504.0,11190,5504,5505,6415,3395,original,,,
2002-05-24,TX,200206,5525,5705,5525,5698,194,3.52%,16556,5698.0,10195,5697,5698,6415,3395,original,,,
2002-05-27,TX,200206,5621,5719,5621,5716,18,0.32%,9903,5716.0,10406,5716,5717,6415,3395,original,,,
2002-05-28,TX,200206,5750,5754,5593,5650,-66,-1.15%,16936,5650.0,10711,5650,5651,6415,3395,original,,,
2002-05-29,TX,200206,5603,5603,5508,5555,-95,-1.68%,13443,5555.0,10825,5555,5556,6415,3395,original,,,
2002-05-30,TX,200206,5549,5730,5538,5675,120,2.16%,20349,5675.0,10463,5674,5675,6415,3395,original,,,
2002-05-31,TX,200206,5684,5684,5580,5632,-43,-0.76%,13003,5632.0,10524,5631,5632,6415,3395,original,,,
2002-06-03,TX,200206,5612,5614,5470,5520,-112,-1.99%,13742,5520.0,11330,5520,5521,6415,3395,original,,,
2002-06-04,TX,200206,5410,5539,5391,5500,-20,-0.36%,12014,5500.0,10711,5498,5500,6415,3395,original,,,
2002-06-05,TX,200206,5533,5627,5533,5615,115,2.09%,13733,5615.0,10529,5615,5616,6415,3395,original,,,
2002-06-06,TX,200206,5633,5633,5543,5561,-54,-0.96%,13815,5561.0,11098,5561,5562,6415,3395,original,,,
2002-06-07,TX,200206,5460,5478,5203,5358,-203,-3.65%,15341,5358.0,10356,5356,5358,6415,3395,original,,,
2002-06-10,TX,200206,5471,5493,5410,5470,112,2.09%,10938,5470.0,9997,5470,5471,6415,3395,original,,,
2002-06-11,TX,200206,5463,5530,5351,5390,-80,-1.46%,16118,5390.0,10973,5388,5390,6415,3395,original,,,
2002-06-12,TX,200206,5368,5434,5356,5431,41,0.76%,12031,5431.0,11277,5430,5431,6415,3395,original,,,
2002-06-13,TX,200206,5475,5595,5465,5580,149,2.74%,16029,5580.0,9624,5580,5581,6415,3395,original,,,
2002-06-14,TX,200206,5546,5600,5532,5600,20,0.36%,9387,5600.0,9410,5599,5600,6415,3395,original,,,
2002-06-17,TX,200206,5615,5632,5540,5560,-40,-0.71%,8093,5560.0,7971,5558,5560,6415,3395,original,,,
2002-06-18,TX,200206,5650,5663,5551,5600,40,0.72%,5768,5600.0,5890,5590,5600,6415,3395,original,,,
2002-06-19,TX,200206,5545,5575,5360,5370,-230,-4.11%,5469,5370.0,2699,5368,5370,6415,3395,original,,,
2002-06-20,TX,200207,5336,5440,5280,5410,54,1.01%,15062,5410.0,10014,5409,5410,5860,5280,original,,,
2002-06-21,TX,200207,5341,5508,5321,5440,30,0.55%,21121,5440.0,9330,5440,5441,5860,5280,original,,,
2002-06-24,TX,200207,5402,5449,5330,5415,-25,-0.46%,17214,5415.0,10605,5411,5417,5860,5280,original,,,
2002-06-25,TX,200207,5440,5465,5320,5341,-74,-1.37%,20902,5341.0,13137,5340,5341,5860,5280,original,,,
2002-06-26,TX,200207,5256,5260,5082,5083,-258,-4.83%,19106,5083.0,13896,5083,5084,5860,5082,original,,,
2002-06-27,TX,200207,5163,5165,5060,5095,12,0.24%,18222,5095.0,14882,5095,5096,5860,5060,original,,,
2002-06-28,TX,200207,5155,5187,5129,5147,52,1.02%,13262,5147.0,14351,5146,5147,5860,5060,original,,,
2002-07-01,TX,200207,5120,5120,4922,4926,-221,-4.29%,12779,4926.0,13876,4926,4928,5860,4922,original,,,
2002-07-02,TX,200207,4876,4985,4860,4950,24,0.49%,14198,4950.0,13796,4950,4953,5860,4860,original,,,
2002-07-03,TX,200207,4890,5059,4789,5058,108,2.18%,22802,5058.0,12688,5057,5058,5860,4789,original,,,
2002-07-04,TX,200207,5038,5097,5006,5080,22,0.43%,15766,5080.0,12577,5080,5081,5860,4789,original,,,
2002-07-05,TX,200207,5080,5199,5064,5170,90,1.77%,18970,5170.0,11823,5168,5170,5860,4789,original,,,
2002-07-08,TX,200207,5250,5336,5235,5270,100,1.93%,16577,5270.0,11364,5270,5274,5860,4789,original,,,
2002-07-09,TX,200207,5271,5315,5240,5307,37,0.70%,11773,5307.0,11812,5306,5308,5860,4789,original,,,
2002-07-10,TX,200207,5257,5265,5183,5200,-107,-2.02%,13867,5200.0,11798,5199,5200,5860,4789,original,,,
2002-07-11,TX,200207,5110,5210,5102,5130,-70,-1.35%,16549,5130.0,11343,5130,5133,5860,4789,original,,,
2002-07-12,TX,200207,5220,5415,5205,5415,285,5.56%,18070,5415.0,10277,5412,5415,5860,4789,original,,,
2002-07-15,TX,200207,5381,5415,5353,5370,-45,-0.83%,9956,5370.0,8575,5370,5371,5860,4789,original,,,
2002-07-16,TX,200207,5399,5459,5283,5318,-52,-0.97%,8263,5318.0,6077,5315,5319,5860,4789,original,,,
2002-07-17,TX,200207,5261,5288,5171,5240,-78,-1.47%,4881,5240.0,2995,5240,5241,5860,4789,original,,,
2002-07-18,TX,200208,5213,5268,5148,5199,14,0.27%,19780,5199.0,9427,5198,5199,5500,4793,original,,,
2002-07-19,TX,200208,5107,5136,5092,5124,-75,-1.44%,14418,5124.0,9817,5123,5124,5500,4793,original,,,
2002-07-22,TX,200208,5050,5071,5007,5025,-99,-1.93%,11457,5025.0,10260,5025,5026,5500,4793,original,,,
2002-07-23,TX,200208,5006,5190,4970,5190,165,3.28%,20121,5190.0,10882,5186,5190,5500,4793,original,,,
2002-07-24,TX,200208,5100,5100,4970,5042,-148,-2.85%,19132,5042.0,11805,5041,5042,5500,4793,original,,,
2002-07-25,TX,200208,5196,5196,5031,5057,15,0.30%,19257,5057.0,12467,5056,5057,5500,4793,original,,,
2002-07-26,TX,200208,4912,4912,4732,4745,-312,-6.17%,18810,4745.0,13081,4744,4745,5500,4732,original,,,
2002-07-29,TX,200208,4800,4930,4762,4833,88,1.85%,16069,4833.0,11569,4833,4834,6086,3174,original,,,
2002-07-30,TX,200208,4965,5013,4903,4946,113,2.34%,19243,4946.0,11387,4946,4948,6086,3174,original,,,
2002-07-31,TX,200208,4976,4984,4884,4895,-51,-1.03%,14840,4895.0,11970,4895,4897,6086,3174,original,,,
2002-08-01,TX,200208,4905,4947,4860,4892,-3,-0.06%,14453,4892.0,12366,4892,4893,6086,3174,original,,,
2002-08-02,TX,200208,4798,4928,4775,4920,28,0.57%,15189,4920.0,12666,4920,4921,6086,3174,original,,,
2002-08-05,TX,200208,4747,4770,4576,4576,-344,-6.99%,17328,4576.0,12490,-,-,6086,3174,original,,,
2002-08-06,TX,200208,4482,4625,4471,4530,-46,-1.01%,19542,4530.0,12378,4530,4534,6086,3174,original,,,
2002-08-07,TX,200208,4650,4698,4635,4669,139,3.07%,15984,4669.0,11551,4669,4670,6086,3174,original,,,
2002-08-08,TX,200208,4668,4710,4596,4632,-37,-0.79%,20687,4632.0,13232,4632,4633,6086,3174,original,,,
2002-08-09,TX,200208,4737,4795,4720,4769,137,2.96%,18914,4769.0,12769,4769,4770,6086,3174,original,,,
2002-08-12,TX,200208,4775,4813,4744,4773,4,0.08%,10567,4773.0,13349,4773,4774,6086,3174,original,,,
2002-08-13,TX,200208,4769,4790,4741,4771,-2,-0.04%,7608,4771.0,13235,4770,4771,6086,3174,original,,,
2002-08-14,TX,200208,4730,4858,4710,4847,76,1.59%,17841,4847.0,13895,4847,4848,6086,3174,original,,,
2002-08-15,TX,200208,4934,4969,4888,4907,60,1.24%,15322,4907.0,12898,4906,4907,5500,4471,original,,,
2002-08-16,TX,200208,4927,4939,4865,4882,-25,-0.51%,11910,4882.0,12551,4882,4883,5500,4471,original,,,
2002-08-19,TX,200208,4882,4920,4850,4854,-28,-0.57%,7634,4854.0,11068,4854,4855,5500,4471,original,,,
2002-08-20,TX,200208,4925,4938,4882,4900,46,0.95%,7410,4900.0,8509,4899,4900,5500,4471,original,,,
2002-08-21,TX,200208,4873,4894,4842,4894,-6,-0.12%,5949,4894.0,3875,4886,4894,5500,4471,original,,,
2002-08-22,TX,200209,4893,4975,4887,4946,89,1.83%,17868,4946.0,11258,4946,4947,6350,3900,original,,,
2002-08-23,TX,200209,4980,5020,4930,4935,-11,-0.22%,13185,4935.0,11173,4935,4936,6350,3900,original,,,
2002-08-26,TX,200209,4920,4948,4877,4948,13,0.26%,11617,4948.0,10740,4941,4948,6350,3900,original,,,
2002-08-27,TX,200209,4939,4946,4851,4851,-97,-1.96%,13651,4851.0,11973,4851,4852,6350,3900,original,,,
2002-08-28,TX,200209,4801,4840,4761,4785,-66,-1.36%,13650,4785.0,12131,4783,4785,6350,3900,original,,,
2002-08-29,TX,200209,4758,4819,4732,4785,0,0.00%,14247,4785.0,12697,4785,4786,6350,3900,original,,,
2002-08-30,TX,200209,4777,4798,4737,4746,-39,-0.82%,12073,4746.0,12865,4746,4747,6350,3900,original,,,
2002-09-02,TX,200209,4730,4735,4613,4617,-129,-2.72%,12654,4617.0,12769,4617,4618,6350,3900,original,,,
2002-09-03,TX,200209,4611,4658,4541,4600,-17,-0.37%,16800,4600.0,13583,4600,4601,6350,3900,original,,,
2002-09-04,TX,200209,4524,4604,4503,4557,-43,-0.93%,19471,4557.0,14050,4556,4557,6350,3900,original,,,
2002-09-05,TX,200209,4588,4594,4442,4442,-115,-2.52%,15890,4442.0,14179,4441,4442,6350,3900,original,,,
2002-09-09,TX,200209,4480,4514,4415,4501,59,1.33%,15222,4501.0,14620,4501,4502,6350,3900,original,,,
2002-09-10,TX,200209,4526,4651,4486,4648,147,3.27%,22962,4648.0,13499,4648,4649,6350,3900,original,,,
2002-09-11,TX,200209,4660,4675,4626,4660,12,0.26%,13512,4660.0,14082,4659,4660,6350,3900,original,,,
2002-09-12,TX,200209,4636,4668,4575,4631,-29,-0.62%,16918,4631.0,14003,4631,4632,6350,3900,original,,,
2002-09-13,TX,200209,4556,4576,4534,4540,-91,-1.97%,12761,4540.0,13493,4539,4540,6350,3900,original,,,
2002-09-16,TX,200209,4550,4558,4410,4422,-118,-2.60%,12862,4422.0,10719,4422,4423,6350,3900,original,,,
2002-09-17,TX,200209,4490,4660,4432,4640,218,4.93%,11185,4640.0,5949,4640,4641,6350,3900,original,,,
2002-09-18,TX,200209,4545,4550,4445,4475,-165,-3.56%,4821,4475.0,3285,4474,4475,6350,3900,original,,,
2002-09-19,TX,200210,4460,4540,4436,4441,11,0.25%,23713,4441.0,12143,4441,4442,5050,4393,original,,,
2002-09-20,TX,200210,4305,4393,4300,4365,-76,-1.71%,17765,4365.0,12273,4365,4366,5050,4300,original,,,
2002-09-23,TX,200210,4351,4386,4280,4314,-51,-1.17%,16838,4314.0,13601,4313,4314,5050,4280,original,,,
2002-09-24,TX,200210,4300,4363,4262,4291,-23,-0.53%,21309,4291.0,15301,4290,4291,5050,4262,original,,,
2002-09-25,TX,200210,4270,4297,4100,4175,-116,-2.70%,20813,4175.0,16273,4175,4176,5050,4100,original,,,
2002-09-26,TX,200210,4239,4274,4201,4205,30,0.72%,19621,4205.0,16468,4205,4206,5050,4100,original,,,
2002-09-27,TX,200210,4219,4263,4145,4190,-15,-0.36%,21991,4190.0,16114,4190,4191,5050,4100,original,,,
2002-09-30,TX,200210,4118,4180,4045,4123,-67,-1.60%,17725,4123.0,16482,4123,4130,5050,4045,original,,,
2002-10-01,TX,200210,4111,4200,4080,4120,-3,-0.07%,23445,4120.0,17882,4120,4121,5050,4045,original,,,
2002-10-02,TX,200210,4225,4236,4110,4113,-7,-0.17%,22807,4113.0,18406,4112,4113,5050,4045,original,,,
2002-10-03,TX,200210,4081,4094,4024,4044,-69,-1.68%,16284,4044.0,18169,4043,4044,5050,4024,original,,,
2002-10-04,TX,200210,4035,4099,4006,4049,5,0.12%,21704,4049.0,18295,4048,4049,5050,4006,original,,,
2002-10-07,TX,200210,4000,4000,3887,3896,-153,-3.78%,17828,3896.0,18021,3895,3896,5050,3887,original,,,
2002-10-08,TX,200210,3911,3965,3872,3965,69,1.77%,20347,3965.0,18403,3960,3965,5050,3872,original,,,
2002-10-09,TX,200210,3939,3994,3872,3872,-93,-2.35%,22206,3872.0,17793,3872,3875,5050,3872,original,,,
2002-10-11,TX,200210,3927,3949,3783,3818,-54,-1.39%,22001,3818.0,15184,3818,3819,5050,3783,original,,,
2002-10-14,TX,200210,3869,3914,3850,3880,62,1.62%,18598,3880.0,12065,3879,3880,5050,3783,original,,,
2002-10-15,TX,200210,3930,4151,3925,4151,271,6.98%,12044,4151.0,6854,4151,-,5050,3783,original,,,
2002-10-16,TX,200210,4244,4245,4144,4198,47,1.13%,6178,4198.0,3162,4195,4198,5050,3783,original,,,
2002-10-17,TX,200211,4165,4286,4144,4266,108,2.60%,28328,4266.0,11015,4266,4267,4588,3764,original,,,
2002-10-18,TX,200211,4310,4436,4297,4400,134,3.14%,27901,4400.0,11562,4399,4400,4588,3764,original,,,
2002-10-21,TX,200211,4350,4418,4350,4360,-40,-0.91%,17426,4360.0,12875,4360,4370,4588,3764,original,,,
2002-10-22,TX,200211,4410,4438,4287,4292,-68,-1.56%,26720,4292.0,12933,4291,4292,4588,3764,original,,,
2002-10-23,TX,200211,4314,4592,4275,4592,300,6.99%,34992,4592.0,12465,4592,-,4592,3764,original,,,
2002-10-24,TX,200211,4563,4594,4484,4543,-49,-1.07%,27494,4543.0,13121,4543,4544,4594,3764,original,,,
2002-10-25,TX,200211,4500,4576,4461,4520,-23,-0.51%,25386,4520.0,13997,4520,4522,4594,3764,original,,,
2002-10-28,TX,200211,4570,4631,4536,4539,19,0.42%,23648,4539.0,13662,4538,4539,4631,3764,original,,,
2002-10-29,TX,200211,4510,4550,4492,4521,-18,-0.40%,16395,4521.0,14879,4520,4521,4631,3764,original,,,
2002-10-30,TX,200211,4501,4568,4405,4440,-81,-1.79%,26769,4440.0,13978,4440,4441,4631,3764,original,,,
2002-10-31,TX,200211,4484,4580,4469,4549,109,2.45%,24793,4549.0,14060,4547,4549,4631,3764,original,,,
2002-11-01,TX,200211,4558,4559,4425,4466,-83,-1.82%,22457,4466.0,14531,4465,4466,4631,3764,original,,,
2002-11-04,TX,200211,4586,4640,4516,4595,129,2.89%,22066,4595.0,14784,4593,4595,4640,3764,original,,,
2002-11-05,TX,200211,4605,4608,4512,4548,-47,-1.02%,19679,4548.0,15169,4547,4548,4640,3764,original,,,
2002-11-06,TX,200211,4568,4750,4532,4720,172,3.78%,32593,4720.0,14725,4720,4721,4750,3764,original,,,
2002-11-07,TX,200211,4717,4773,4693,4748,28,0.59%,21177,4748.0,16204,4747,4748,4773,3764,original,,,
2002-11-08,TX,200211,4699,4794,4688,4783,35,0.74%,21916,4783.0,16253,4782,4783,4794,3764,original,,,
2002-11-11,TX,200211,4735,4749,4656,4680,-103,-2.15%,18773,4680.0,15099,4678,4680,4794,3764,original,,,
2002-11-12,TX,200211,4626,4693,4608,4673,-7,-0.15%,18946,4673.0,14901,4672,4674,4794,3764,original,,,
2002-11-13,TX,200211,4670,4691,4613,4657,-16,-0.34%,18427,4657.0,15247,4656,4657,4794,3764,original,,,
2002-11-14,TX,200211,4668,4729,4650,4662,5,0.11%,20954,4662.0,14785,4662,4663,4794,3764,original,,,
2002-11-15,TX,200211,4765,4825,4742,4815,153,3.28%,19786,4815.0,13054,4814,4815,4825,3764,original,,,
2002-11-18,TX,200211,4810,4828,4784,4790,-25,-0.52%,9950,4790.0,11295,4790,4792,4828,3764,original,,,
2002-11-19,TX,200211,4788,4799,4722,4740,-50,-1.04%,7152,4740.0,7119,4738,4740,4828,3764,original,,,
2002-11-20,TX,200211,4711,4739,4640,4661,-79,-1.67%,5248,4661.0,3294,4661,4662,4828,3764,original,,,
2002-11-21,TX,200212,4730,4743,4591,4631,-44,-0.94%,22223,4631.0,15917,4631,4632,6350,3752,original,,,
2002-11-22,TX,200212,4725,4760,4701,4710,79,1.71%,20197,4710.0,14380,4710,4712,6350,3752,original,,,
2002-11-25,TX,200212,4731,4748,4651,4748,38,0.81%,16619,4748.0,15323,4747,4748,6350,3752,original,,,
2002-11-26,TX,200212,4722,4745,4672,4681,-67,-1.41%,16031,4681.0,16094,4681,4682,6350,3752,original,,,
2002-11-27,TX,200212,4640,4659,4604,4655,-26,-0.56%,17410,4655.0,16927,4655,4656,6350,3752,original,,,
2002-11-28,TX,200212,4720,4742,4621,4640,-15,-0.32%,21260,4640.0,18113,4640,4641,6350,3752,original,,,
2002-11-29,TX,200212,4644,4685,4628,4670,30,0.65%,14076,4670.0,17608,4669,4670,6350,3752,original,,,
2002-12-02,TX,200212,4660,4715,4616,4713,43,0.92%,13998,4713.0,17316,4712,4713,6350,3752,original,,,
2002-12-03,TX,200212,4702,4805,4680,4776,63,1.34%,22769,4776.0,16390,4776,4777,6350,3752,original,,,
2002-12-04,TX,200212,4741,4769,4735,4745,-31,-0.65%,10322,4745.0,16669,4745,4746,6350,3752,original,,,
2002-12-05,TX,200212,4751,4769,4723,4763,18,0.38%,11363,4763.0,16832,4763,4764,6350,3752,original,,,
2002-12-06,TX,200212,4738,4762,4731,4744,-19,-0.40%,7694,4744.0,16599,4744,4745,6350,3752,original,,,
2002-12-09,TX,200212,4780,4848,4780,4790,46,0.97%,17733,4790.0,15289,4790,4791,6350,3752,original,,,
2002-12-10,TX,200212,4750,4755,4717,4755,-35,-0.73%,14054,4755.0,16147,4755,4756,6350,3752,original,,,
2002-12-11,TX,200212,4730,4783,4681,4686,-69,-1.45%,18523,4686.0,15458,4685,4687,6350,3752,original,,,
2002-12-12,TX,200212,4690,4710,4638,4687,1,0.02%,14773,4687.0,14293,4687,4688,6350,3752,original,,,
2002-12-13,TX,200212,4669,4673,4615,4623,-64,-1.37%,13890,4623.0,13648,4623,4624,6350,3752,original,,,
2002-12-16,TX,200212,4582,4609,4566,4600,-23,-0.50%,10435,4600.0,11749,4599,4600,6350,3752,original,,,
2002-12-17,TX,200212,4639,4644,4568,4576,-24,-0.52%,7423,4576.0,8420,4576,4577,6350,3752,original,,,
2002-12-18,TX,200212,4551,4595,4542,4550,-26,-0.57%,6121,4550.0,4081,4550,4551,6350,3752,original,,,
2002-12-19,TX,200301,4509,4575,4491,4550,-5,-0.11%,16366,4550.0,15038,4549,4550,4835,4491,original,,,
2002-12-20,TX,200301,4550,4593,4504,4573,23,0.51%,18771,4573.0,14094,4572,4573,4835,4491,original,,,
2002-12-23,TX,200301,4569,4580,4536,4536,-37,-0.81%,8241,4536.0,14382,4536,4538,4835,4491,original,,,
2002-12-24,TX,200301,4550,4565,4521,4530,-6,-0.13%,9859,4530.0,14746,4530,4531,4835,4491,original,,,
2002-12-25,TX,200301,4520,4528,4481,4488,-42,-0.93%,12247,4488.0,15583,4487,4488,4835,4481,original,,,
2002-12-26,TX,200301,4488,4535,4458,4531,43,0.96%,12472,4531.0,14799,4531,4532,4835,4458,original,,,
2002-12-27,TX,200301,4527,4534,4495,4501,-30,-0.66%,9300,4501.0,14222,4501,4502,4835,4458,original,,,
2002-12-30,TX,200301,4452,4469,4408,4416,-85,-1.89%,11333,4416.0,14672,4416,4417,4835,4408,original,,,
2002-12-31,TX,200301,4416,4437,4400,4405,-11,-0.25%,8319,4405.0,14874,4405,4407,4835,4400,original,,,
2003-01-02,TX,200301,4411,4485,4381,4452,47,1.07%,15261,4452.0,14514,4451,4452,4835,4381,original,,,
2003-01-03,TX,200301,4551,4594,4536,4571,119,2.67%,17261,4571.0,13687,4570,4571,4835,4381,original,,,
2003-01-06,TX,200301,4573,4646,4563,4635,64,1.40%,14621,4635.0,15446,4634,4635,4835,4381,original,,,
2003-01-07,TX,200301,4687,4700,4639,4641,6,0.13%,14614,4641.0,15700,4641,4642,4835,4381,original,,,
2003-01-08,TX,200301,4650,4822,4642,4771,130,2.80%,21966,4771.0,17432,4771,4772,4835,4381,original,,,
2003-01-09,TX,200301,4765,4810,4752,4785,14,0.29%,14067,4785.0,17484,4784,4785,4835,4381,original,,,
2003-01-10,TX,200301,4845,4847,4792,4828,43,0.90%,14899,4828.0,16277,4826,4828,4847,4381,original,,,
2003-01-13,TX,200301,4868,5025,4851,5025,197,4.08%,15346,5025.0,12721,5025,5026,5025,4381,original,,,
2003-01-14,TX,200301,5025,5075,4993,5009,-16,-0.32%,7170,5009.0,9738,5003,5009,5075,4381,original,,,
2003-01-15,TX,200301,5088,5088,4960,5044,35,0.70%,5639,5044.0,6337,5041,5044,5088,4381,original,,,
2003-01-16,TX,200302,4990,5027,4932,4940,-95,-1.89%,15161,4940.0,11498,4938,4940,5055,4380,original,,,
2003-01-17,TX,200302,4930,4959,4903,4925,-15,-0.30%,15063,4925.0,11648,4924,4925,5055,4380,original,,,
2003-01-20,TX,200302,4892,4976,4882,4968,43,0.87%,11749,4968.0,12559,4967,4968,5152,4380,original,,,
2003-01-21,TX,200302,4968,5035,4931,4939,-29,-0.58%,19910,4939.0,12363,4938,4939,5152,4380,original,,,
2003-01-22,TX,200302,4910,5006,4910,5002,63,1.28%,15667,5002.0,12994,5001,5002,5152,4380,original,,,
2003-01-23,TX,200302,4998,5087,4996,5085,83,1.66%,19929,5085.0,13427,5085,5086,5152,4380,original,,,
2003-01-24,TX,200302,5085,5110,5053,5063,-22,-0.43%,14151,5063.0,13521,5063,5064,5152,4380,original,,,
2003-01-27,TX,200302,5014,5036,4941,4956,-107,-2.11%,14373,4956.0,12428,4955,4959,5152,4380,original,,,
2003-01-28,TX,200302,4957,5026,4941,5022,66,1.33%,11264,5022.0,11783,5021,5022,5152,4380,original,,,
2003-02-06,TX,200302,5007,5007,4766,4775,-247,-4.92%,14078,4775.0,12071,4775,4776,5152,4380,original,,,
2003-02-07,TX,200302,4781,4819,4622,4699,-76,-1.59%,18975,4699.0,12744,4698,4699,5152,4380,original,,,
2003-02-10,TX,200302,4679,4705,4620,4640,-59,-1.26%,12415,4640.0,14108,4640,4641,5152,4380,original,,,
2003-02-11,TX,200302,4669,4690,4622,4635,-5,-0.11%,13808,4635.0,14814,4634,4635,5152,4380,original,,,
2003-02-12,TX,200302,4619,4676,4530,4637,2,0.04%,15989,4637.0,14115,4636,4637,5152,4380,original,,,
2003-02-13,TX,200302,4610,4625,4485,4485,-152,-3.28%,17777,4485.0,14263,4485,4488,5152,4380,original,,,
2003-02-14,TX,200302,4512,4560,4472,4489,4,0.09%,14580,4489.0,14088,4489,4490,5152,4380,original,,,
2003-02-17,TX,200302,4580,4699,4580,4690,201,4.48%,15292,4690.0,9636,4689,4690,5152,4380,original,,,
2003-02-18,TX,200302,4682,4682,4610,4636,-54,-1.15%,6717,4636.0,7058,4634,4636,5152,4380,original,,,
2003-02-19,TX,200302,4680,4683,4541,4545,-91,-1.96%,5247,4545.0,3771,4545,4546,5152,4380,original,,,
2003-02-20,TX,200303,4536,4575,4507,4560,29,0.64%,16371,4560.0,12316,4559,4560,6500,3751,original,,,
2003-02-21,TX,200303,4566,4584,4512,4540,-20,-0.44%,11619,4540.0,12766,4538,4540,6500,3751,original,,,
2003-02-24,TX,200303,4575,4625,4514,4601,61,1.34%,15680,4601.0,12998,4601,4605,6500,3751,original,,,
2003-02-25,TX,200303,4540,4548,4434,4450,-151,-3.28%,18875,4450.0,13909,4446,4450,6500,3751,original,,,
2003-02-26,TX,200303,4480,4485,4442,4451,1,0.02%,14991,4451.0,14569,4450,4451,6500,3751,original,,,
2003-02-27,TX,200303,4410,4470,4362,4408,-43,-0.97%,18702,4408.0,13171,4408,4409,6500,3751,original,,,
2003-03-03,TX,200303,4453,4525,4435,4515,107,2.43%,15329,4515.0,13367,4514,4515,6500,3751,original,,,
2003-03-04,TX,200303,4461,4484,4430,4469,-46,-1.02%,12700,4469.0,14123,4468,4469,6500,3751,original,,,
2003-03-05,TX,200303,4400,4438,4380,4389,-80,-1.79%,13660,4389.0,15001,4388,4389,6500,3751,original,,,
2003-03-06,TX,200303,4410,4423,4385,4397,8,0.18%,10631,4397.0,15281,4397,4398,6500,3751,original,,,
2003-03-07,TX,200303,4348,4385,4321,4355,-42,-0.96%,16370,4355.0,15315,4354,4355,6500,3751,original,,,
2003-03-10,TX,200303,4380,4390,4314,4335,-20,-0.46%,11452,4335.0,15880,4335,4336,6500,3751,original,,,
2003-03-11,TX,200303,4275,4307,4231,4250,-85,-1.96%,18339,4250.0,17212,4249,4250,6500,3751,original,,,
2003-03-12,TX,200303,4260,4309,4251,4305,55,1.29%,14060,4305.0,16991,4304,4305,6500,3751,original,,,
2003-03-13,TX,200303,4273,4380,4267,4353,48,1.11%,21864,4353.0,16290,4353,4354,6500,3751,original,,,
2003-03-14,TX,200303,4520,4548,4476,4479,126,2.89%,18010,4479.0,12922,4479,4480,6500,3751,original,,,
2003-03-17,TX,200303,4420,4444,4316,4318,-161,-3.59%,11793,4318.0,9878,4318,4319,6500,3751,original,,,
2003-03-18,TX,200303,4451,4613,4451,4538,220,5.09%,10169,4538.0,5119,4537,4539,6500,3751,original,,,
2003-03-19,TX,200303,4531,4552,4491,4520,-18,-0.40%,3633,4520.0,3039,4520,4521,6500,3751,original,,,
2003-03-20,TX,200304,4560,4608,4483,4588,68,1.50%,29044,4588.0,12688,4588,4589,4630,4230,original,,,
2003-03-21,TX,200304,4574,4583,4547,4580,-8,-0.17%,10606,4580.0,13309,4579,4580,4630,4230,original,,,
2003-03-24,TX,200304,4630,4639,4540,4541,-39,-0.85%,12321,4541.0,13741,4541,4542,4639,4230,original,,,
2003-03-25,TX,200304,4453,4496,4453,4475,-66,-1.45%,14577,4475.0,13547,4475,4477,4639,4230,original,,,
2003-03-26,TX,200304,4500,4514,4462,4470,-5,-0.11%,10055,4470.0,14698,4470,4471,4639,4230,original,,,
2003-03-27,TX,200304,4456,4497,4442,4496,26,0.58%,13049,4496.0,14586,4495,4496,4639,4230,original,,,
2003-03-28,TX,200304,4496,4496,4441,4453,-43,-0.96%,13304,4453.0,13854,4452,4453,4639,4230,original,,,
2003-03-31,TX,200304,4410,4413,4264,4286,-167,-3.75%,20548,4286.0,14206,4286,4287,4639,4230,original,,,
2003-04-01,TX,200304,4261,4303,4261,4301,15,0.35%,11775,4301.0,14186,4301,4302,4639,4230,original,,,
2003-04-02,TX,200304,4285,4332,4250,4295,-6,-0.14%,19249,4295.0,15424,4294,4295,4639,4230,original,,,
2003-04-03,TX,200304,4383,4388,4322,4338,43,1.00%,16437,4338.0,16454,4338,4339,4639,4230,original,,,
2003-04-04,TX,200304,4308,4481,4297,4469,131,3.02%,29045,4469.0,15167,4469,4470,4639,4230,original,,,
2003-04-07,TX,200304,4501,4582,4465,4572,103,2.30%,24867,4572.0,15838,4572,4573,4639,4230,original,,,
2003-04-08,TX,200304,4483,4605,4472,4547,-25,-0.55%,23023,4547.0,16594,4546,4548,4639,4230,original,,,
2003-04-09,TX,200304,4515,4525,4491,4505,-42,-0.92%,13516,4505.0,16415,4505,4506,4639,4230,original,,,
2003-04-10,TX,200304,4492,4585,4481,4511,6,0.13%,23910,4511.0,16463,4511,4512,4639,4230,original,,,
2003-04-11,TX,200304,4525,4555,4493,4516,5,0.11%,15063,4516.0,15554,4515,4516,4639,4230,original,,,
2003-04-14,TX,200304,4521,4549,4426,4449,-67,-1.48%,17140,4449.0,12161,4449,4450,4639,4230,original,,,
2003-04-15,TX,200304,4479,4488,4445,4475,26,0.58%,6617,4475.0,8947,4475,4476,4639,4230,original,,,
2003-04-16,TX,200304,4510,4628,4510,4625,150,3.35%,9014,4625.0,5191,4625,4626,4639,4230,original,,,
2003-04-17,TX,200305,4553,4579,4540,4557,-30,-0.65%,15212,4557.0,14754,4557,4558,4630,4247,original,,,
2003-04-18,TX,200305,4639,4675,4620,4660,103,2.26%,19087,4660.0,15576,4659,4660,4675,4247,original,,,
2003-04-21,TX,200305,4650,4657,4612,4657,-3,-0.06%,14028,4657.0,15884,4656,4657,4675,4247,original,,,
2003-04-22,TX,200305,4620,4628,4559,4571,-86,-1.85%,18082,4571.0,16296,4571,4572,4675,4247,original,,,
2003-04-23,TX,200305,4600,4619,4552,4570,-1,-0.02%,18575,4570.0,17934,4569,4570,4675,4247,original,,,
2003-04-24,TX,200305,4580,4580,4322,4356,-214,-4.68%,33455,4356.0,19542,4356,4357,4675,4247,original,,,
2003-04-25,TX,200305,4300,4346,4211,4211,-145,-3.33%,29308,4211.0,20735,4211,4213,4675,4211,original,,,
2003-04-28,TX,200305,4171,4180,4060,4125,-86,-2.04%,29743,4125.0,21966,4125,4126,4675,4060,original,,,
2003-04-29,TX,200305,4183,4208,4110,4195,70,1.70%,27083,4195.0,21181,4193,4195,4675,4060,original,,,
2003-04-30,TX,200305,4235,4255,4105,4135,-60,-1.43%,30524,4135.0,20501,4134,4135,4675,4060,original,,,
2003-05-02,TX,200305,4105,4215,4103,4189,54,1.31%,23191,4189.0,20726,4188,4189,4675,4060,original,,,
2003-05-05,TX,200305,4200,4207,4133,4190,1,0.02%,21100,4190.0,20953,4190,4191,4675,4060,original,,,
2003-05-06,TX,200305,4205,4243,4180,4185,-5,-0.12%,19165,4185.0,20919,4185,4187,4675,4060,original,,,
2003-05-07,TX,200305,4205,4252,4193,4245,60,1.43%,21544,4245.0,20986,4245,4246,4675,4060,original,,,
2003-05-08,TX,200305,4232,4234,4156,4165,-80,-1.88%,19440,4165.0,21370,4165,4166,4675,4060,original,,,
2003-05-09,TX,200305,4157,4259,4157,4224,59,1.42%,26441,4224.0,21986,4224,4225,4675,4060,original,,,
2003-05-12,TX,200305,4225,4287,4206,4245,21,0.50%,20059,4245.0,23411,4245,4246,4675,4060,original,,,
2003-05-13,TX,200305,4298,4342,4292,4316,71,1.67%,22869,4316.0,24195,4316,4317,4675,4060,original,,,
2003-05-14,TX,200305,4317,4338,4292,4338,22,0.51%,15351,4338.0,24666,4338,4339,4675,4060,original,,,
2003-05-15,TX,200305,4314,4325,4270,4324,-14,-0.32%,22175,4324.0,22492,4323,4324,4675,4060,original,,,
2003-05-16,TX,200305,4335,4366,4260,4260,-64,-1.48%,20307,4260.0,21327,4260,4261,4675,4060,original,,,
2003-05-19,TX,200305,4235,4254,4212,4239,-21,-0.49%,14174,4239.0,16657,4238,4239,4675,4060,original,,,
2003-05-20,TX,200305,4193,4243,4169,4226,-13,-0.31%,8411,4226.0,13411,4225,4226,4675,4060,original,,,
2003-05-21,TX,200305,4231,4247,4213,4240,14,0.33%,7374,4240.0,8475,4230,4240,4675,4060,original,,,
2003-05-22,TX,200306,4195,4245,4165,4241,49,1.17%,26811,4241.0,18940,4240,4241,5150,3810,original,,,
2003-05-23,TX,200306,4275,4344,4261,4340,99,2.33%,28441,4340.0,22707,4339,4340,5150,3810,original,,,
2003-05-26,TX,200306,4358,4447,4342,4444,104,2.40%,24793,4444.0,25031,4444,4445,5150,3810,original,,,
2003-05-27,TX,200306,4452,4460,4415,4434,-10,-0.23%,16470,4434.0,25416,4434,4435,5150,3810,original,,,
2003-05-28,TX,200306,4590,4591,4465,4485,51,1.15%,29381,4485.0,26350,4483,4485,5150,3810,original,,,
2003-05-29,TX,200306,4470,4498,4445,4453,-32,-0.71%,19267,4453.0,26823,4453,4454,5150,3810,original,,,
2003-05-30,TX,200306,4469,4602,4456,4510,57,1.28%,46576,4510.0,27117,4510,4511,5150,3810,original,,,
2003-06-02,TX,200306,4559,4670,4557,4665,155,3.44%,35509,4665.0,28486,4664,4665,5150,3810,original,,,
2003-06-03,TX,200306,4650,4664,4616,4658,-7,-0.15%,19168,4658.0,28846,4657,4658,5150,3810,original,,,
2003-06-05,TX,200306,4706,4748,4691,4725,67,1.44%,25384,4725.0,28164,4724,4725,5150,3810,original,,,
2003-06-06,TX,200306,4735,4736,4677,4732,7,0.15%,23064,4732.0,27459,4731,4732,5150,3810,original,,,
2003-06-09,TX,200306,4683,4810,4675,4800,68,1.44%,34328,4800.0,27166,4799,4800,5150,3810,original,,,
2003-06-10,TX,200306,4766,4832,4765,4821,21,0.44%,21787,4821.0,26053,4820,4821,5150,3810,original,,,
2003-06-11,TX,200306,4821,4845,4781,4795,-26,-0.54%,25452,4795.0,26515,4794,4795,5150,3810,original,,,
2003-06-12,TX,200306,4820,4905,4811,4881,86,1.79%,28640,4881.0,22736,4881,4882,5150,3810,original,,,
2003-06-13,TX,200306,4870,4900,4853,4890,9,0.18%,18023,4890.0,21195,4890,4891,5150,3810,original,,,
2003-06-16,TX,200306,4869,4938,4866,4903,13,0.27%,17057,4903.0,18601,4903,4904,5150,3810,original,,,
2003-06-17,TX,200306,4989,5037,4961,5037,134,2.73%,14696,5037.0,12405,5031,5037,5150,3810,original,,,
2003-06-18,TX,200306,5020,5123,5001,5015,-22,-0.44%,11388,5015.0,6567,5015,5016,5150,3810,original,,,
2003-06-19,TX,200307,5030,5069,4965,5069,67,1.34%,30375,5069.0,21409,5068,5069,5097,4170,original,,,
2003-06-20,TX,200307,5025,5055,4993,5019,-50,-0.99%,26260,5019.0,23542,5018,5019,5097,4170,original,,,
2003-06-23,TX,200307,4995,5025,4925,4925,-94,-1.87%,23320,4925.0,24551,4925,4926,5097,4170,original,,,
2003-06-24,TX,200307,4885,4908,4855,4906,-19,-0.39%,25968,4906.0,26589,4905,4906,5097,4170,original,,,
2003-06-25,TX,200307,4886,4949,4875,4940,34,0.69%,22986,4940.0,25252,4939,4940,5097,4170,original,,,
2003-06-26,TX,200307,4911,4925,4876,4885,-55,-1.11%,20537,4885.0,26253,4885,4886,5097,4170,original,,,
2003-06-27,TX,200307,4925,4942,4825,4861,-24,-0.49%,28394,4861.0,26586,4861,4862,5097,4170,original,,,
2003-06-30,TX,200307,4840,4890,4833,4885,24,0.49%,21109,4885.0,26904,4885,4886,5097,4170,original,,,
2003-07-01,TX,200307,4875,5044,4872,5038,153,3.13%,36268,5038.0,25897,5037,5038,5097,4170,original,,,
2003-07-02,TX,200307,5072,5156,5060,5140,102,2.02%,33444,5140.0,28039,5139,5140,5156,4170,original,,,
2003-07-03,TX,200307,5194,5210,5111,5122,-18,-0.35%,38945,5122.0,30025,5122,5123,5210,4170,original,,,
2003-07-04,TX,200307,5139,5196,5100,5191,69,1.35%,30814,5191.0,30898,5191,5192,5210,4170,original,,,
2003-07-07,TX,200307,5218,5370,5211,5370,179,3.45%,37537,5370.0,29768,5368,5370,5370,4170,original,,,
2003-07-08,TX,200307,5410,5432,5344,5382,12,0.22%,39375,5382.0,29854,5381,5382,5432,4170,original,,,
2003-07-09,TX,200307,5359,5403,5352,5375,-7,-0.13%,29772,5375.0,30408,5375,5376,5432,4170,original,,,
2003-07-10,TX,200307,5365,5393,5250,5250,-125,-2.33%,39431,5250.0,27671,5250,5251,5432,4170,original,,,
2003-07-11,TX,200307,5206,5267,5174,5265,15,0.29%,30216,5265.0,24426,5262,5265,5432,4170,original,,,
2003-07-14,TX,200307,5265,5433,5265,5412,147,2.79%,34274,5412.0,17275,5411,5412,5433,4170,original,,,
2003-07-15,TX,200307,5422,5435,5320,5328,-84,-1.55%,18194,5328.0,12369,5328,5329,5435,4170,original,,,
2003-07-16,TX,200307,5356,5443,5333,5429,101,1.90%,12426,5429.0,8115,5429,5430,5443,4170,original,,,
2003-07-17,TX,200308,5360,5388,5245,5251,-168,-3.10%,46382,5251.0,30469,5251,5252,5428,4805,original,,,
2003-07-18,TX,200308,5251,5298,5221,5255,4,0.08%,35944,5255.0,31486,5255,5256,5428,4805,original,,,
2003-07-21,TX,200308,5282,5315,5196,5239,-16,-0.30%,33340,5239.0,32499,5232,5239,5428,4805,original,,,
2003-07-22,TX,200308,5239,5297,5215,5293,54,1.03%,38330,5293.0,33340,5292,5293,5428,4805,original,,,
2003-07-23,TX,200308,5310,5344,5283,5307,14,0.26%,37156,5307.0,33566,5307,5308,5428,4805,original,,,
2003-07-24,TX,200308,5325,5415,5315,5415,108,2.04%,40588,5415.0,31405,5414,5415,5428,4805,original,,,
2003-07-25,TX,200308,5380,5415,5365,5384,-31,-0.57%,24846,5384.0,31663,5383,5384,5428,4805,original,,,
2003-07-28,TX,200308,5454,5497,5451,5475,91,1.69%,26930,5475.0,31697,5474,5475,5497,4805,original,,,
2003-07-29,TX,200308,5467,5469,5333,5355,-120,-2.19%,39263,5355.0,34181,5355,5356,5497,4805,original,,,
2003-07-30,TX,200308,5345,5374,5280,5308,-47,-0.88%,30831,5308.0,34420,5308,5310,5497,4805,original,,,
2003-07-31,TX,200308,5312,5339,5265,5330,22,0.41%,32566,5330.0,34668,5328,5330,5497,4805,original,,,
2003-08-01,TX,200308,5359,5410,5352,5390,60,1.13%,32894,5390.0,32288,5390,5391,5497,4805,original,,,
2003-08-04,TX,200308,5360,5378,5337,5370,-20,-0.37%,21245,5370.0,31840,5370,5371,5497,4805,original,,,
2003-08-05,TX,200308,5389,5410,5258,5269,-101,-1.88%,37518,5269.0,31592,5268,5269,5497,4805,original,,,
2003-08-06,TX,200308,5210,5242,5205,5242,-27,-0.51%,20192,5242.0,32939,5241,5242,5497,4805,original,,,
2003-08-07,TX,200308,5235,5298,5186,5281,39,0.74%,40112,5281.0,30766,5281,5282,5497,4805,original,,,
2003-08-08,TX,200308,5281,5294,5206,5206,-75,-1.42%,28657,5206.0,30993,5206,5208,5497,4805,original,,,
2003-08-11,TX,200308,5200,5251,5164,5251,45,0.86%,23654,5251.0,30673,5251,5252,5497,4805,original,,,
2003-08-12,TX,200308,5260,5275,5240,5265,14,0.27%,25446,5265.0,29943,5265,5266,5497,4805,original,,,
2003-08-13,TX,200308,5315,5480,5301,5471,206,3.91%,45988,5471.0,24096,5471,5472,5497,4805,original,,,
2003-08-14,TX,200308,5464,5493,5420,5466,-5,-0.09%,33203,5466.0,22093,5465,5466,5497,4805,original,,,
2003-08-15,TX,200308,5490,5560,5475,5490,24,0.44%,35813,5490.0,19499,5489,5490,5560,4805,original,,,
2003-08-18,TX,200308,5531,5543,5470,5539,49,0.89%,22042,5539.0,16686,5536,5539,5560,4805,original,,,
2003-08-19,TX,200308,5640,5648,5521,5555,16,0.29%,17228,5555.0,11642,5553,5555,5648,4805,original,,,
2003-08-20,TX,200308,5543,5567,5520,5520,-35,-0.63%,8073,5520.0,6739,5520,5527,5648,4805,original,,,
2003-08-21,TX,200309,5545,5636,5503,5611,88,1.59%,45103,5611.0,25581,5611,5616,5639,4081,original,,,
2003-08-22,TX,200309,5624,5688,5612,5613,2,0.04%,35146,5613.0,26331,5613,5615,5688,4081,original,,,
2003-08-25,TX,200309,5609,5674,5593,5665,52,0.93%,34143,5665.0,25863,5662,5665,5688,4081,original,,,
2003-08-26,TX,200309,5630,5638,5542,5580,-85,-1.50%,38891,5580.0,26497,5576,5580,5688,4081,original,,,
2003-08-27,TX,200309,5580,5606,5547,5548,-32,-0.57%,28153,5548.0,26891,5548,5549,5688,4081,original,,,
2003-08-28,TX,200309,5559,5595,5520,5548,0,0.00%,30378,5548.0,28129,5547,5548,5688,4081,original,,,
2003-08-29,TX,200309,5590,5678,5573,5668,120,2.16%,45483,5668.0,25251,5668,5669,5688,4081,original,,,
2003-09-01,TX,200309,5690,5732,5668,5717,49,0.86%,29607,5717.0,27625,5716,5717,5732,4081,original,,,
2003-09-02,TX,200309,5735,5755,5681,5755,38,0.66%,29132,5755.0,28601,5755,5756,5755,4081,original,,,
2003-09-03,TX,200309,5780,5785,5670,5675,-80,-1.39%,34696,5675.0,30475,5675,5676,5785,4081,original,,,
2003-09-04,TX,200309,5675,5699,5633,5654,-21,-0.37%,33084,5654.0,30601,5653,5655,5785,4081,original,,,
2003-09-05,TX,200309,5680,5718,5635,5683,29,0.51%,41855,5683.0,32505,5682,5683,5785,4081,original,,,
2003-09-08,TX,200309,5669,5775,5636,5753,70,1.23%,46555,5753.0,30710,5753,5754,5785,4081,original,,,
2003-09-09,TX,200309,5788,5808,5680,5709,-44,-0.76%,39280,5709.0,30218,5707,5709,5808,4081,original,,,
2003-09-10,TX,200309,5678,5685,5617,5652,-57,-1.00%,36115,5652.0,30996,5651,5652,5808,4081,original,,,
2003-09-12,TX,200309,5644,5686,5622,5666,14,0.25%,27882,5666.0,28956,5666,5668,5808,4081,original,,,
2003-09-15,TX,200309,5670,5684,5635,5652,-14,-0.25%,20867,5652.0,25692,5652,5653,5808,4081,original,,,
2003-09-16,TX,200309,5635,5723,5633,5716,64,1.13%,26867,5716.0,16167,5715,5716,5808,4081,original,,,
2003-09-17,TX,200309,5758,5769,5737,5761,45,0.79%,12218,5761.0,7730,5760,5761,5808,4081,original,,,
2003-09-18,TX,200310,5750,5765,5691,5759,2,0.03%,38489,5759.0,28299,5758,5759,5835,5505,original,,,
2003-09-19,TX,200310,5782,5797,5723,5749,-10,-0.17%,36541,5749.0,30586,5748,5749,5835,5505,original,,,
2003-09-22,TX,200310,5717,5729,5688,5695,-54,-0.94%,31598,5695.0,33923,5695,5696,5835,5505,original,,,
2003-09-23,TX,200310,5681,5720,5675,5714,19,0.33%,24963,5714.0,35266,5713,5714,5835,5505,original,,,
2003-09-24,TX,200310,5723,5745,5682,5745,31,0.54%,33699,5745.0,35361,5745,5746,5835,5505,original,,,
2003-09-25,TX,200310,5660,5703,5644,5688,-57,-0.99%,29744,5688.0,36761,5688,5689,5835,5505,original,,,
2003-09-26,TX,200310,5668,5715,5665,5687,-1,-0.02%,29079,5687.0,36100,5686,5687,5835,5505,original,,,
2003-09-29,TX,200310,5670,5689,5660,5665,-22,-0.39%,18730,5665.0,38571,5665,5666,5835,5505,original,,,
2003-09-30,TX,200310,5681,5689,5641,5641,-24,-0.42%,21027,5641.0,39959,5641,5642,5835,5505,original,,,
2003-10-01,TX,200310,5625,5643,5596,5630,-11,-0.20%,25554,5630.0,41034,5629,5630,5835,5505,original,,,
2003-10-02,TX,200310,5663,5730,5656,5720,90,1.60%,37651,5720.0,35889,5720,5721,5835,5505,original,,,
2003-10-03,TX,200310,5710,5747,5708,5742,22,0.38%,26731,5742.0,33776,5741,5742,5835,5505,original,,,
2003-10-06,TX,200310,5775,5850,5772,5829,87,1.52%,36776,5829.0,32865,5828,5829,5850,5505,original,,,
2003-10-07,TX,200310,5843,5855,5826,5855,26,0.45%,20644,5855.0,33424,5854,5855,5855,5505,original,,,
2003-10-08,TX,200310,5850,5859,5815,5834,-21,-0.36%,23988,5834.0,34851,5833,5834,5859,5505,original,,,
2003-10-09,TX,200310,5830,5894,5826,5894,60,1.03%,25171,5894.0,31181,5893,5894,5894,5505,original,,,
2003-10-13,TX,200310,5940,6028,5901,6028,134,2.27%,25046,6028.0,23355,6020,6028,6028,5505,original,,,
2003-10-14,TX,200310,6032,6040,5955,5979,-49,-0.81%,18614,5979.0,15515,5979,5980,6040,5505,original,,,
2003-10-15,TX,200310,6000,6000,5944,5950,-29,-0.49%,11557,5950.0,9862,5950,5951,6040,5505,original,,,
2003-10-16,TX,200311,5965,6084,5952,6060,87,1.46%,34726,6060.0,29229,6060,6061,6084,5597,original,,,
2003-10-17,TX,200311,6074,6088,6051,6080,20,0.33%,16856,6080.0,31125,6078,6080,6088,5597,original,,,
2003-10-20,TX,200311,6060,6115,6042,6072,-8,-0.13%,23732,6072.0,32265,6072,6080,6115,5597,original,,,
2003-10-21,TX,200311,6098,6109,6001,6074,2,0.03%,33613,6074.0,33215,6073,6074,6115,5597,original,,,
2003-10-22,TX,200311,6055,6080,6021,6051,-23,-0.38%,23581,6051.0,34572,6051,6052,6115,5597,original,,,
2003-10-23,TX,200311,5980,5998,5945,5945,-106,-1.75%,31507,5945.0,35988,5945,5947,6115,5597,original,,,
2003-10-24,TX,200311,5965,5975,5936,5958,13,0.22%,17701,5958.0,37798,5956,5958,6115,5597,original,,,
2003-10-27,TX,200311,5975,6004,5963,6000,42,0.70%,16969,6000.0,37836,5999,6000,6115,5597,original,,,
2003-10-28,TX,200311,6004,6137,5991,6130,130,2.17%,40875,6130.0,34585,6130,6131,6137,5597,original,,,
2003-10-29,TX,200311,6168,6194,6134,6160,30,0.49%,27984,6160.0,35673,6159,6160,6194,5597,original,,,
2003-10-30,TX,200311,6150,6165,6105,6134,-26,-0.42%,26265,6134.0,37478,6133,6134,6194,5597,original,,,
2003-10-31,TX,200311,6125,6139,6052,6068,-66,-1.08%,32532,6068.0,38768,6066,6068,6194,5597,original,,,
2003-11-03,TX,200311,6068,6150,6054,6150,82,1.35%,31714,6150.0,38474,6148,6150,6194,5597,original,,,
2003-11-04,TX,200311,6170,6188,6124,6144,-6,-0.10%,26749,6144.0,39677,6141,6144,6194,5597,original,,,
2003-11-05,TX,200311,6129,6190,6112,6165,21,0.34%,29556,6165.0,40012,6165,6166,6194,5597,original,,,
2003-11-06,TX,200311,6181,6185,5734,5975,-190,-3.08%,45340,5975.0,40387,5975,5976,6194,5597,original,,,
2003-11-07,TX,200311,6035,6064,5992,6059,84,1.41%,30177,6059.0,39196,6059,6060,6194,5597,original,,,
2003-11-10,TX,200311,6032,6087,6010,6049,-10,-0.17%,28387,6049.0,40055,6048,6049,6194,5597,original,,,
2003-11-11,TX,200311,6021,6046,5993,6040,-9,-0.15%,30237,6040.0,41674,6040,6041,6194,5597,original,,,
2003-11-12,TX,200311,6030,6060,6005,6009,-31,-0.51%,23476,6009.0,42366,6008,6009,6194,5597,original,,,
2003-11-13,TX,200311,6070,6088,6047,6072,63,1.05%,25553,6072.0,40280,6072,6073,6194,5597,original,,,
2003-11-14,TX,200311,6068,6078,6033,6058,-14,-0.23%,22455,6058.0,37903,6058,6059,6194,5597,original,,,
2003-11-17,TX,200311,6018,6018,5960,5978,-80,-1.32%,24092,5978.0,32727,5977,5978,6194,5597,original,,,
2003-11-18,TX,200311,5978,5994,5944,5985,7,0.12%,19621,5985.0,24770,5985,5986,6194,5597,original,,,
2003-11-19,TX,200311,5900,5929,5841,5865,-120,-2.01%,19592,5865.0,13724,5865,5868,6194,5597,original,,,
2003-11-20,TX,200312,5915,5932,5883,5898,12,0.20%,28598,5898.0,43880,5897,5898,6200,4020,original,,,
2003-11-21,TX,200312,5852,5875,5811,5862,-36,-0.61%,28997,5862.0,45912,5861,5862,6200,4020,original,,,
2003-11-24,TX,200312,5845,5869,5835,5850,-12,-0.20%,15635,5850.0,46149,5849,5850,6200,4020,original,,,
2003-11-25,TX,200312,5924,5934,5882,5888,38,0.65%,26658,5888.0,42846,5888,5889,6200,4020,original,,,
2003-11-26,TX,200312,5897,5915,5885,5904,16,0.27%,14552,5904.0,41907,5903,5904,6200,4020,original,,,
2003-11-27,TX,200312,5895,5896,5800,5818,-86,-1.46%,31806,5818.0,45906,5817,5818,6200,4020,original,,,
2003-11-28,TX,200312,5828,5858,5793,5808,-10,-0.17%,23855,5808.0,44684,5807,5808,6200,4020,original,,,
2003-12-01,TX,200312,5781,5916,5775,5914,106,1.83%,35120,5914.0,41374,5914,5915,6200,4020,original,,,
2003-12-02,TX,200312,5938,5948,5904,5930,16,0.27%,22367,5930.0,41004,5929,5930,6200,4020,original,,,
2003-12-03,TX,200312,5922,5940,5890,5908,-22,-0.37%,19160,5908.0,41588,5908,5909,6200,4020,original,,,
2003-12-04,TX,200312,5900,5935,5887,5934,26,0.44%,24327,5934.0,40284,5934,5935,6200,4020,original,,,
2003-12-05,TX,200312,5928,5932,5892,5904,-30,-0.51%,20587,5904.0,39438,5904,5905,6200,4020,original,,,
2003-12-08,TX,200312,5864,5870,5836,5847,-57,-0.97%,17369,5847.0,39442,5846,5847,6200,4020,original,,,
2003-12-09,TX,200312,5867,5884,5840,5873,26,0.44%,18817,5873.0,39495,5872,5873,6200,4020,original,,,
2003-12-10,TX,200312,5820,5835,5800,5830,-43,-0.73%,19837,5830.0,38455,5830,5831,6200,4020,original,,,
2003-12-11,TX,200312,5840,5890,5833,5890,60,1.03%,19516,5890.0,37288,5889,5890,6200,4020,original,,,
2003-12-12,TX,200312,5938,5938,5881,5885,-5,-0.08%,23749,5885.0,32767,5885,5887,6200,4020,original,,,
2003-12-15,TX,200312,5930,5968,5902,5968,83,1.41%,22083,5968.0,24204,5967,5968,6200,4020,original,,,
2003-12-16,TX,200312,5892,5920,5884,5901,-67,-1.12%,15626,5901.0,17868,5901,5902,6200,4020,original,,,
2003-12-17,TX,200312,5905,5920,5735,5750,-151,-2.56%,18191,5750.0,10368,5745,5750,6200,4020,original,,,
2003-12-18,TX,200401,5785,5810,5761,5780,10,0.17%,19273,5780.0,40579,5779,5780,6302,5750,original,,,
2003-12-19,TX,200401,5811,5827,5752,5800,20,0.35%,24275,5800.0,40190,5800,5801,6302,5750,original,,,
2003-12-22,TX,200401,5810,5864,5796,5838,38,0.66%,28628,5838.0,38840,5837,5838,6302,5750,original,,,
2003-12-23,TX,200401,5850,5854,5825,5838,0,0.00%,14754,5838.0,39300,5837,5838,6302,5750,original,,,
2003-12-24,TX,200401,5845,5900,5841,5864,26,0.45%,28125,5864.0,39383,5864,5865,6302,5750,original,,,
2003-12-25,TX,200401,5860,5891,5845,5860,-4,-0.07%,17483,5860.0,40727,5860,5861,6302,5750,original,,,
2003-12-26,TX,200401,5870,5882,5836,5867,7,0.12%,17939,5867.0,41362,5866,5867,6302,5750,original,,,
2003-12-29,TX,200401,5870,5888,5827,5836,-31,-0.53%,19041,5836.0,42766,5835,5836,6302,5750,original,,,
2003-12-30,TX,200401,5870,5909,5847,5890,54,0.93%,31899,5890.0,38488,5890,5891,6302,5750,original,,,
2003-12-31,TX,200401,5899,5917,5883,5903,13,0.22%,16173,5903.0,38442,5902,5903,6302,5750,original,,,
2004-01-02,TX,200401,5900,6072,5897,6056,153,2.59%,40341,6056.0,37498,6055,6057,6302,5750,original,,,
2004-01-05,TX,200401,6074,6154,6060,6144,88,1.45%,32441,6144.0,38817,6144,6145,6302,5750,original,,,
2004-01-06,TX,200401,6172,6178,6128,6160,16,0.26%,27231,6160.0,37759,6159,6160,6302,5750,original,,,
2004-01-07,TX,200401,6163,6252,6160,6174,14,0.23%,44226,6174.0,39454,6174,6175,6302,5750,original,,,
2004-01-08,TX,200401,6188,6225,6175,6211,37,0.60%,26881,6211.0,40165,6210,6211,6302,5750,original,,,
2004-01-09,TX,200401,6278,6299,6242,6270,59,0.95%,32733,6270.0,37680,6269,6270,6302,5750,original,,,
2004-01-12,TX,200401,6258,6280,6241,6275,5,0.08%,16269,6275.0,37201,6274,6275,6302,5750,original,,,
2004-01-13,TX,200401,6288,6289,6221,6254,-21,-0.33%,24588,6254.0,33727,6253,6254,6302,5750,original,,,
2004-01-14,TX,200401,6240,6345,6225,6325,71,1.14%,33201,6325.0,27288,6325,6326,6345,5750,original,,,
2004-01-15,TX,200401,6312,6334,6288,6300,-25,-0.40%,18597,6300.0,22903,6300,6301,6345,5750,original,,,
2004-01-16,TX,200401,6329,6344,6285,6285,-15,-0.24%,17175,6285.0,17414,6284,6285,6345,5750,original,,,
2004-01-27,TX,200401,6325,6387,6325,6370,85,1.35%,15780,6370.0,10450,6366,6370,6387,5750,original,,,
2004-01-28,TX,200402,6370,6398,6351,6367,-17,-0.27%,24206,6367.0,39626,6367,6368,6398,5756,original,,,
2004-01-29,TX,200402,6332,6344,6302,6331,-36,-0.57%,29565,6331.0,39663,6331,6332,6398,5756,original,,,
2004-01-30,TX,200402,6330,6387,6325,6381,50,0.79%,24340,6381.0,38574,6381,6382,6398,5756,original,,,
2004-02-02,TX,200402,6375,6381,6323,6330,-51,-0.80%,24702,6330.0,41424,6329,6330,6398,5756,original,,,
2004-02-03,TX,200402,6300,6300,6230,6259,-71,-1.12%,28982,6259.0,42317,6258,6259,6398,5756,original,,,
2004-02-04,TX,200402,6245,6280,6235,6235,-24,-0.38%,20372,6235.0,42536,6234,6235,6398,5756,original,,,
2004-02-05,TX,200402,6212,6313,6212,6285,50,0.80%,33174,6285.0,40143,6285,6286,6398,5756,original,,,
2004-02-06,TX,200402,6280,6384,6273,6365,80,1.27%,38274,6365.0,39745,6365,6366,6398,5756,original,,,
2004-02-09,TX,200402,6408,6472,6402,6470,105,1.65%,28973,6470.0,37553,6469,6470,6472,5756,original,,,
2004-02-10,TX,200402,6466,6488,6435,6475,5,0.08%,27112,6475.0,37787,6475,6476,6488,5756,original,,,
2004-02-11,TX,200402,6487,6488,6437,6458,-17,-0.26%,29140,6458.0,37150,6458,6459,6488,5756,original,,,
2004-02-12,TX,200402,6488,6596,6372,6440,-18,-0.28%,70687,6440.0,30274,6439,6440,6596,5756,original,,,
2004-02-13,TX,200402,6435,6569,6420,6565,125,1.94%,41895,6565.0,26145,6564,6565,6596,5756,original,,,
2004-02-16,TX,200402,6550,6590,6510,6571,6,0.09%,22088,6571.0,23125,6570,6571,6596,5756,original,,,
2004-02-17,TX,200402,6580,6620,6551,6615,44,0.67%,18516,6615.0,18003,6614,6615,6620,5756,original,,,
2004-02-18,TX,200402,6618,6654,6590,6615,0,0.00%,12416,6615.0,12138,6615,6616,6654,5756,original,,,
2004-02-19,TX,200403,6650,6719,6636,6716,81,1.22%,33803,6716.0,28869,6715,6716,6719,4081,original,,,
2004-02-20,TX,200403,6685,6713,6672,6696,-20,-0.30%,20909,6696.0,31736,6696,6697,6719,4081,original,,,
2004-02-23,TX,200403,6698,6708,6631,6703,7,0.10%,28061,6703.0,32806,6702,6703,6719,4081,original,,,
2004-02-24,TX,200403,6675,6693,6635,6643,-60,-0.90%,30466,6643.0,36338,6642,6643,6719,4081,original,,,
2004-02-25,TX,200403,6645,6708,6645,6685,42,0.63%,25952,6685.0,37294,6684,6685,6719,4081,original,,,
2004-02-26,TX,200403,6707,6746,6701,6735,50,0.75%,29217,6735.0,37037,6734,6735,6746,4081,original,,,
2004-02-27,TX,200403,6749,6805,6727,6802,67,0.99%,27525,6802.0,36230,6801,6802,6805,4081,original,,,
2004-03-01,TX,200403,6830,6978,6822,6968,166,2.44%,38023,6968.0,39776,6968,6969,6978,4081,original,,,
2004-03-02,TX,200403,6999,7073,6973,7055,87,1.25%,40357,7055.0,43822,7055,7056,7073,4081,original,,,
2004-03-03,TX,200403,7043,7060,7011,7012,-43,-0.61%,31199,7012.0,50669,7012,7013,7073,4081,original,,,
2004-03-04,TX,200403,7020,7312,7020,7150,138,1.97%,43307,7150.0,53460,7149,7150,7312,4081,original,,,
2004-03-05,TX,200403,7185,7245,7051,7075,-75,-1.05%,61841,7075.0,54740,7075,7076,7312,4081,original,,,
2004-03-08,TX,200403,7110,7135,6956,6979,-96,-1.36%,42972,6979.0,57770,6978,6979,7312,4081,original,,,
2004-03-09,TX,200403,6940,7056,6915,7051,72,1.03%,35888,7051.0,60871,7051,7052,7312,4081,original,,,
2004-03-10,TX,200403,7020,7049,6904,6930,-121,-1.72%,45940,6930.0,58989,6930,6931,7312,4081,original,,,
2004-03-11,TX,200403,6883,6967,6835,6922,-8,-0.12%,37322,6922.0,56735,6922,6923,7312,4081,original,,,
2004-03-12,TX,200403,6800,6862,6768,6807,-115,-1.66%,32126,6807.0,52465,6807,6808,7312,4081,original,,,
2004-03-15,TX,200403,6865,6917,6560,6563,-244,-3.58%,43871,6563.0,41146,6563,6565,7312,4081,original,,,
2004-03-16,TX,200403,6506,6637,6506,6555,-8,-0.12%,39641,6555.0,30561,6553,6555,7312,4081,original,,,
2004-03-17,TX,200403,6565,6640,6562,6565,10,0.15%,17802,6565.0,28822,6564,6565,7312,4081,original,,,
2004-03-18,TX,200404,6676,6845,6652,6845,246,3.73%,55474,6845.0,41736,6844,6845,7244,6548,original,,,
2004-03-19,TX,200404,6828,6865,6786,6830,-15,-0.22%,39241,6830.0,45893,6829,6830,7244,6548,original,,,
2004-03-22,TX,200404,6352,6352,6352,6352,-478,-7.00%,4625,6352.0,46297,-,-,7244,6352,original,,,
2004-03-23,TX,200404,5908,6220,5908,6055,-297,-4.68%,87984,6055.0,37374,6053,6055,7244,5908,original,,,
2004-03-24,TX,200404,6127,6215,6067,6180,125,2.06%,52641,6180.0,35016,6180,6181,7244,5908,original,,,
2004-03-25,TX,200404,6180,6202,6110,6135,-45,-0.73%,36784,6135.0,32468,6134,6135,7244,5908,original,,,
2004-03-26,TX,200404,6200,6214,6071,6125,-10,-0.16%,43009,6125.0,33290,6124,6125,7244,5908,original,,,
2004-03-29,TX,200404,6399,6488,6275,6471,346,5.65%,42481,6471.0,31926,6471,6472,7244,5908,original,,,
2004-03-30,TX,200404,6435,6498,6435,6487,16,0.25%,33745,6487.0,30529,6487,6488,7244,5908,original,,,
2004-03-31,TX,200404,6507,6539,6422,6480,-7,-0.11%,42089,6480.0,32287,6479,6480,7244,5908,original,,,
2004-04-01,TX,200404,6473,6485,6410,6471,-9,-0.14%,30174,6471.0,33489,6470,6471,7244,5908,original,,,
2004-04-02,TX,200404,6481,6525,6472,6493,22,0.34%,28722,6493.0,32641,6493,6494,7244,5908,original,,,
2004-04-05,TX,200404,6560,6703,6533,6692,199,3.06%,49188,6692.0,29892,6692,6693,7244,5908,original,,,
2004-04-06,TX,200404,6728,6730,6651,6660,-32,-0.48%,35139,6660.0,31960,6660,6661,7244,5908,original,,,
2004-04-07,TX,200404,6651,6674,6632,6665,5,0.08%,21235,6665.0,33091,6665,6666,7244,5908,original,,,
2004-04-08,TX,200404,6669,6690,6653,6681,16,0.24%,19851,6681.0,32319,6680,6681,7244,5908,original,,,
2004-04-09,TX,200404,6661,6662,6582,6625,-56,-0.84%,27819,6625.0,31215,6625,6626,7244,5908,original,,,
2004-04-12,TX,200404,6648,6817,6641,6800,175,2.64%,39532,6800.0,30121,6799,6800,7244,5908,original,,,
2004-04-13,TX,200404,6810,6833,6772,6823,23,0.34%,27464,6823.0,30874,6822,6823,7244,5908,original,,,
2004-04-14,TX,200404,6771,6925,6771,6920,97,1.42%,41317,6920.0,31028,6920,6921,7244,5908,original,,,
2004-04-15,TX,200404,6897,6924,6723,6749,-171,-2.47%,50877,6749.0,29438,6748,6749,7244,5908,original,,,
2004-04-16,TX,200404,6736,6865,6736,6828,79,1.17%,38826,6828.0,27111,6828,6829,7244,5908,original,,,
2004-04-19,TX,200404,6828,6854,6750,6809,-19,-0.28%,27262,6809.0,23654,6805,6809,7244,5908,original,,,
2004-04-20,TX,200404,6824,6899,6806,6839,30,0.44%,21650,6839.0,19874,6838,6839,7244,5908,original,,,
2004-04-21,TX,200404,6815,6848,6806,6824,-15,-0.22%,10577,6824.0,15124,6823,6824,7244,5908,original,,,
2004-04-22,TX,200405,6860,6920,6661,6718,-114,-1.67%,65604,6718.0,32216,6717,6718,6922,5923,original,,,
2004-04-23,TX,200405,6775,6784,6706,6750,32,0.48%,30451,6750.0,32448,6750,6751,6922,5923,original,,,
2004-04-26,TX,200405,6751,6768,6712,6720,-30,-0.44%,21922,6720.0,33267,6720,6724,6922,5923,original,,,
2004-04-27,TX,200405,6712,6730,6608,6680,-40,-0.60%,40628,6680.0,37292,6679,6680,6922,5923,original,,,
2004-04-28,TX,200405,6659,6684,6594,6605,-75,-1.12%,33440,6605.0,40713,6604,6605,6922,5923,original,,,
2004-04-29,TX,200405,6555,6560,6327,6399,-206,-3.12%,55098,6399.0,42816,6398,6399,6922,5923,original,,,
2004-04-30,TX,200405,6361,6362,5961,6020,-379,-5.92%,73743,6020.0,39012,6020,6030,6922,5923,original,,,
2004-05-03,TX,200405,6050,6120,5970,6017,-3,-0.05%,40742,6017.0,40330,6017,6018,6922,5923,original,,,
2004-05-04,TX,200405,6081,6168,6053,6133,116,1.93%,39031,6133.0,35411,6133,6134,6922,5923,original,,,
2004-05-05,TX,200405,6135,6149,5725,5725,-408,-6.65%,64666,5725.0,32595,5725,5727,6922,5725,original,,,
2004-05-06,TX,200405,5797,5965,5750,5849,124,2.17%,61689,5849.0,29513,5849,5850,6922,5725,original,,,
2004-05-07,TX,200405,5800,5995,5791,5979,130,2.22%,43348,5979.0,28689,5979,5980,6922,5725,original,,,
2004-05-10,TX,200405,5927,5927,5701,5751,-228,-3.81%,40211,5751.0,28677,5751,5752,6922,5701,original,,,
2004-05-11,TX,200405,5816,5878,5656,5858,107,1.86%,55208,5858.0,28223,5858,5859,6922,5656,original,,,
2004-05-12,TX,200405,5928,6004,5910,5942,84,1.43%,38234,5942.0,27002,5941,5942,6922,5656,original,,,
2004-05-13,TX,200405,5920,5950,5850,5890,-52,-0.88%,38907,5890.0,29115,5889,5890,6922,5656,original,,,
2004-05-14,TX,200405,5908,5945,5720,5745,-145,-2.46%,45489,5745.0,26129,5745,5746,6922,5656,original,,,
2004-05-17,TX,200405,5695,5698,5343,5358,-387,-6.74%,45298,5358.0,19197,5358,5360,6922,5343,original,,,
2004-05-18,TX,200405,5429,5560,5386,5523,165,3.08%,31290,5523.0,14311,5522,5523,6922,5343,original,,,
2004-05-19,TX,200405,5592,5909,5560,5891,368,6.66%,17440,5891.0,8096,5891,5899,6922,5343,original,,,
2004-05-20,TX,200406,5775,5875,5588,5685,-146,-2.50%,64609,5685.0,20167,5685,5686,7250,5255,original,,,
2004-05-21,TX,200406,5734,5915,5670,5840,155,2.73%,53127,5840.0,20818,5839,5840,7250,5255,original,,,
2004-05-24,TX,200406,5878,5965,5756,5871,31,0.53%,46743,5871.0,20686,5871,5872,7250,5255,original,,,
2004-05-25,TX,200406,5790,5925,5771,5841,-30,-0.51%,38556,5841.0,20549,5840,5841,7250,5255,original,,,
2004-05-26,TX,200406,6000,6070,5971,5990,149,2.55%,39341,5990.0,20924,5988,5990,7250,5255,original,,,
2004-05-27,TX,200406,6010,6025,5945,6001,11,0.18%,26676,6001.0,21967,6000,6001,7250,5255,original,,,
2004-05-28,TX,200406,6053,6066,5990,6043,42,0.70%,29754,6043.0,22907,6043,6044,7250,5255,original,,,
2004-05-31,TX,200406,6037,6038,5885,5928,-115,-1.90%,35231,5928.0,23908,5925,5928,7250,5255,original,,,
2004-06-01,TX,200406,5930,5952,5810,5906,-22,-0.37%,41623,5906.0,22696,5905,5906,7250,5255,original,,,
2004-06-02,TX,200406,5851,5855,5750,5790,-116,-1.96%,32455,5790.0,23964,5789,5790,7250,5255,original,,,
2004-06-03,TX,200406,5814,5845,5554,5580,-210,-3.63%,47982,5580.0,23544,5580,5581,7250,5255,original,,,
2004-06-04,TX,200406,5615,5640,5530,5607,27,0.48%,39913,5607.0,25401,5606,5607,7250,5255,original,,,
2004-06-07,TX,200406,5687,5909,5682,5890,283,5.05%,45734,5890.0,23712,5890,5892,7250,5255,original,,,
2004-06-08,TX,200406,5950,5989,5864,5981,91,1.54%,39146,5981.0,24397,5981,5982,7250,5255,original,,,
2004-06-09,TX,200406,5959,5995,5922,5960,-21,-0.35%,25188,5960.0,24559,5959,5960,7250,5255,original,,,
2004-06-10,TX,200406,5906,5919,5763,5840,-120,-2.01%,43557,5840.0,23514,5839,5840,7250,5255,original,,,
2004-06-11,TX,200406,5780,5780,5668,5715,-125,-2.14%,33329,5715.0,22232,5715,5716,7250,5255,original,,,
2004-06-14,TX,200406,5692,5795,5515,5540,-175,-3.06%,38014,5540.0,18696,5539,5540,7250,5255,original,,,
2004-06-15,TX,200406,5540,5646,5454,5604,64,1.16%,30121,5604.0,14297,5604,5605,7250,5255,original,,,
2004-06-16,TX,200406,5660,5740,5500,5560,-44,-0.79%,17950,5560.0,10065,5558,5560,7250,5255,original,,,
2004-06-17,TX,200407,5450,5668,5422,5607,157,2.88%,62878,5607.0,21103,5606,5607,6024,5370,original,,,
2004-06-18,TX,200407,5572,5575,5430,5463,-144,-2.57%,45800,5463.0,22243,5462,5463,6024,5370,original,,,
2004-06-21,TX,200407,5600,5639,5452,5538,75,1.37%,43530,5538.0,23062,5537,5539,6024,5370,original,,,
2004-06-23,TX,200407,5575,5714,5552,5660,122,2.20%,46538,5660.0,23028,5660,5661,6024,5370,original,,,
2004-06-24,TX,200407,5720,5735,5660,5712,52,0.92%,33947,5712.0,21903,5712,5713,6024,5370,original,,,
2004-06-25,TX,200407,5688,5773,5672,5735,23,0.40%,35556,5735.0,21358,5735,5736,6024,5370,original,,,
2004-06-28,TX,200407,5734,5746,5589,5615,-120,-2.09%,35960,5615.0,21438,5614,5615,6024,5370,original,,,
2004-06-29,TX,200407,5592,5654,5555,5644,29,0.52%,29181,5644.0,21044,5643,5645,6024,5370,original,,,
2004-06-30,TX,200407,5667,5796,5667,5750,106,1.88%,40247,5750.0,22153,5750,5751,6024,5370,original,,,
2004-07-01,TX,200407,5794,5795,5720,5765,15,0.26%,26725,5765.0,22872,5763,5765,6024,5370,original,,,
2004-07-02,TX,200407,5620,5658,5561,5655,-110,-1.91%,25931,5655.0,21034,5655,5656,6024,5370,original,,,
2004-07-05,TX,200407,5582,5610,5542,5597,-58,-1.03%,24339,5597.0,21800,5596,5597,6024,5370,original,,,
2004-07-06,TX,200407,5622,5676,5568,5667,70,1.25%,27542,5667.0,22925,5666,5667,6024,5370,original,,,
2004-07-07,TX,200407,5550,5688,5520,5650,-17,-0.30%,37028,5650.0,24012,5650,5652,6024,5370,original,,,
2004-07-08,TX,200407,5639,5804,5596,5634,-16,-0.28%,26283,5634.0,23947,5634,5635,6024,5370,original,,,
2004-07-09,TX,200407,5641,5724,5586,5707,73,1.30%,38772,5707.0,23150,5707,5708,6024,5370,original,,,
2004-07-12,TX,200407,5733,5761,5693,5707,0,0.00%,22358,5707.0,23634,5706,5707,6024,5370,original,,,
2004-07-13,TX,200407,5686,5698,5654,5661,-46,-0.81%,19661,5661.0,22925,5660,5661,6024,5370,original,,,
2004-07-14,TX,200407,5643,5682,5597,5608,-53,-0.94%,32520,5608.0,24708,5607,5608,6024,5370,original,,,
2004-07-15,TX,200407,5602,5620,5482,5550,-58,-1.03%,33895,5550.0,25472,5549,5550,6024,5370,original,,,
2004-07-16,TX,200407,5501,5582,5496,5505,-45,-0.81%,28871,5505.0,23123,5505,5506,6024,5370,original,,,
2004-07-19,TX,200407,5491,5545,5422,5511,6,0.11%,27613,5511.0,19916,5510,5511,6024,5370,original,,,
2004-07-20,TX,200407,5460,5488,5281,5300,-211,-3.83%,25758,5300.0,14609,5299,5300,6024,5281,original,,,
2004-07-21,TX,200407,5357,5430,5353,5418,118,2.23%,13849,5418.0,9788,5418,5419,6024,5281,original,,,
2004-07-22,TX,200408,5249,5308,5207,5291,-40,-0.75%,34720,5291.0,28164,5291,5292,5731,5207,original,,,
2004-07-23,TX,200408,5291,5339,5273,5285,-6,-0.11%,29972,5285.0,29803,5285,5286,5731,5207,original,,,
2004-07-26,TX,200408,5230,5279,5225,5275,-10,-0.19%,19390,5275.0,29145,5274,5275,5731,5207,original,,,
2004-07-27,TX,200408,5270,5394,5219,5353,78,1.48%,44806,5353.0,29141,5353,5354,5731,5207,original,,,
2004-07-28,TX,200408,5398,5400,5340,5360,7,0.13%,27778,5360.0,29904,5360,5361,5731,5207,original,,,
2004-07-29,TX,200408,5355,5355,5281,5297,-63,-1.18%,29294,5297.0,30030,5296,5297,5731,5207,original,,,
2004-07-30,TX,200408,5337,5407,5336,5356,59,1.11%,33673,5356.0,27843,5356,5357,5731,5207,original,,,
2004-08-02,TX,200408,5323,5323,5255,5280,-76,-1.42%,25760,5280.0,28152,5279,5280,5731,5207,original,,,
2004-08-03,TX,200408,5305,5319,5265,5282,2,0.04%,23697,5282.0,29066,5282,5283,5731,5207,original,,,
2004-08-04,TX,200408,5250,5266,5212,5254,-28,-0.53%,25644,5254.0,28993,5253,5254,5731,5207,original,,,
2004-08-05,TX,200408,5259,5410,5214,5399,145,2.76%,51427,5399.0,27993,5397,5399,5731,5207,original,,,
2004-08-06,TX,200408,5335,5408,5332,5369,-30,-0.56%,30009,5369.0,27258,5368,5369,5731,5207,original,,,
2004-08-09,TX,200408,5300,5390,5271,5380,11,0.20%,27565,5380.0,27013,5379,5380,5731,5207,original,,,
2004-08-10,TX,200408,5385,5390,5342,5364,-16,-0.30%,23213,5364.0,27411,5363,5364,5731,5207,original,,,
2004-08-11,TX,200408,5400,5409,5292,5325,-39,-0.73%,33885,5325.0,28004,5324,5325,5731,5207,original,,,
2004-08-12,TX,200408,5310,5348,5303,5348,23,0.43%,19967,5348.0,26115,5348,5349,5731,5207,original,,,
2004-08-13,TX,200408,5300,5396,5293,5356,8,0.15%,34742,5356.0,23769,5355,5357,5731,5207,original,,,
2004-08-16,TX,200408,5339,5350,5314,5331,-25,-0.47%,14680,5331.0,21401,5331,5332,5731,5207,original,,,
2004-08-17,TX,200408,5362,5375,5316,5339,8,0.15%,18196,5339.0,17393,5339,5340,5731,5207,original,,,
2004-08-18,TX,200408,5328,5423,5295,5423,84,1.57%,18011,5423.0,10290,5420,5423,5731,5207,original,,,
2004-08-19,TX,200409,5427,5548,5421,5528,148,2.75%,40525,5528.0,24579,5527,5528,7265,5180,original,,,
2004-08-20,TX,200409,5542,5625,5526,5583,55,0.99%,36137,5583.0,24884,5583,5584,7265,5180,original,,,
2004-08-23,TX,200409,5613,5628,5576,5606,23,0.41%,23079,5606.0,25901,5605,5606,7265,5180,original,,,
2004-08-26,TX,200409,5722,5813,5700,5783,177,3.16%,35392,5783.0,26434,5782,5783,7265,5180,original,,,
2004-08-27,TX,200409,5800,5818,5758,5810,27,0.47%,23284,5810.0,27589,5810,5811,7265,5180,original,,,
2004-08-30,TX,200409,5810,5819,5777,5785,-25,-0.43%,18023,5785.0,28334,5785,5786,7265,5180,original,,,
2004-08-31,TX,200409,5766,5875,5734,5763,-22,-0.38%,52609,5763.0,28181,5762,5763,7265,5180,original,,,
2004-09-01,TX,200409,5800,5867,5785,5856,93,1.61%,34567,5856.0,26667,5855,5856,7265,5180,original,,,
2004-09-02,TX,200409,5850,5860,5794,5840,-16,-0.27%,26755,5840.0,26592,5840,5841,7265,5180,original,,,
2004-09-03,TX,200409,5850,5870,5746,5762,-78,-1.34%,45361,5762.0,26058,5762,5763,7265,5180,original,,,
2004-09-06,TX,200409,5753,5788,5715,5780,18,0.31%,28759,5780.0,26382,5780,5781,7265,5180,original,,,
2004-09-07,TX,200409,5771,5842,5763,5840,60,1.04%,33963,5840.0,25823,5840,5841,7265,5180,original,,,
2004-09-08,TX,200409,5850,5879,5810,5828,-12,-0.21%,31458,5828.0,26330,5827,5828,7265,5180,original,,,
2004-09-09,TX,200409,5812,5854,5785,5843,15,0.26%,23185,5843.0,25853,5842,5843,7265,5180,original,,,
2004-09-10,TX,200409,5845,5875,5815,5841,-2,-0.03%,28530,5841.0,23998,5841,5843,7265,5180,original,,,
2004-09-13,TX,200409,5900,5939,5892,5930,89,1.52%,24950,5930.0,20266,5930,5931,7265,5180,original,,,
2004-09-14,TX,200409,5949,5956,5921,5935,5,0.08%,19073,5935.0,16027,5934,5935,7265,5180,original,,,
2004-09-15,TX,200409,5923,5933,5870,5879,-56,-0.94%,13081,5879.0,8793,5879,5880,7265,5180,original,,,
2004-09-16,TX,200410,5850,5888,5814,5868,-3,-0.05%,27198,5868.0,22560,5868,5869,5945,5403,original,,,
2004-09-17,TX,200410,5860,5871,5797,5797,-71,-1.21%,26662,5797.0,24775,5796,5798,5945,5403,original,,,
2004-09-20,TX,200410,5813,5875,5812,5840,43,0.74%,27601,5840.0,24327,5840,5841,5945,5403,original,,,
2004-09-21,TX,200410,5866,5945,5856,5945,105,1.80%,37292,5945.0,23063,5945,5946,5945,5403,original,,,
2004-09-22,TX,200410,5955,5959,5918,5936,-9,-0.15%,19250,5936.0,24040,5936,5937,5959,5403,original,,,
2004-09-23,TX,200410,5890,5933,5886,5917,-19,-0.32%,19885,5917.0,25249,5916,5917,5959,5403,original,,,
2004-09-24,TX,200410,5915,5930,5862,5888,-29,-0.49%,27518,5888.0,26163,5886,5888,5959,5403,original,,,
2004-09-27,TX,200410,5879,5884,5843,5870,-18,-0.31%,16317,5870.0,26560,5870,5871,5959,5403,original,,,
2004-09-29,TX,200410,5875,5900,5845,5857,-13,-0.22%,21886,5857.0,28759,5856,5857,5959,5403,original,,,
2004-09-30,TX,200410,5888,5918,5861,5889,32,0.55%,27124,5889.0,28498,5888,5889,5959,5403,original,,,
2004-10-01,TX,200410,5901,5957,5871,5947,58,0.98%,33218,5947.0,28734,5947,5948,5959,5403,original,,,
2004-10-04,TX,200410,6040,6115,6030,6105,158,2.66%,31836,6105.0,29295,6105,6106,6115,5403,original,,,
2004-10-05,TX,200410,6103,6124,6088,6123,18,0.29%,15690,6123.0,30475,6123,6124,6124,5403,original,,,
2004-10-06,TX,200410,6110,6180,6072,6088,-35,-0.57%,39947,6088.0,31694,6087,6088,6180,5403,original,,,
2004-10-07,TX,200410,6123,6144,6093,6134,46,0.76%,25574,6134.0,32827,6133,6134,6180,5403,original,,,
2004-10-08,TX,200410,6110,6139,6101,6135,1,0.02%,18294,6135.0,33849,6135,6136,6180,5403,original,,,
2004-10-11,TX,200410,6108,6135,6062,6118,-17,-0.28%,25498,6118.0,34624,6117,6118,6180,5403,original,,,
2004-10-12,TX,200410,6080,6094,5982,5991,-127,-2.08%,32982,5991.0,35199,5990,5991,6180,5403,original,,,
2004-10-13,TX,200410,6020,6036,5985,5994,3,0.05%,23959,5994.0,34070,5994,5995,6180,5403,original,,,
2004-10-14,TX,200410,5950,5950,5832,5850,-144,-2.40%,40855,5850.0,34404,5849,5850,6180,5403,original,,,
2004-10-15,TX,200410,5806,5868,5789,5816,-34,-0.58%,29951,5816.0,30953,5816,5817,6180,5403,original,,,
2004-10-18,TX,200410,5810,5855,5779,5779,-37,-0.64%,18174,5779.0,29143,5778,5779,6180,5403,original,,,
2004-10-19,TX,200410,5855,5862,5791,5837,58,1.00%,23608,5837.0,22049,5836,5837,6180,5403,original,,,
2004-10-20,TX,200410,5792,5810,5756,5775,-62,-1.06%,15247,5775.0,13019,5774,5775,6180,5403,original,,,
2004-10-21,TX,200411,5810,5843,5774,5779,-6,-0.10%,34435,5779.0,32661,5778,5779,6170,5751,original,,,
2004-10-22,TX,200411,5820,5831,5776,5796,17,0.29%,25199,5796.0,31609,5795,5796,6170,5751,original,,,
2004-10-26,TX,200411,5708,5719,5635,5660,-136,-2.35%,26563,5660.0,34682,5659,5660,6170,5635,original,,,
2004-10-27,TX,200411,5682,5692,5598,5616,-44,-0.78%,30301,5616.0,37007,5616,5620,6170,5598,original,,,
2004-10-28,TX,200411,5700,5734,5677,5729,113,2.01%,31206,5729.0,34598,5728,5729,6170,5598,original,,,
2004-10-29,TX,200411,5689,5727,5683,5691,-38,-0.66%,21774,5691.0,33864,5691,5692,6170,5598,original,,,
2004-11-01,TX,200411,5701,5726,5610,5617,-74,-1.30%,24525,5617.0,33768,5617,5618,6170,5598,original,,,
2004-11-02,TX,200411,5657,5764,5633,5751,134,2.39%,31618,5751.0,32104,5750,5753,6170,5598,original,,,
2004-11-03,TX,200411,5736,5855,5732,5830,79,1.37%,43060,5830.0,31113,5829,5830,6170,5598,original,,,
2004-11-04,TX,200411,5828,5865,5815,5836,6,0.10%,26726,5836.0,31693,5835,5836,6170,5598,original,,,
2004-11-05,TX,200411,5901,5967,5901,5920,84,1.44%,30446,5920.0,32028,5920,5921,6170,5598,original,,,
2004-11-08,TX,200411,5925,5934,5902,5909,-11,-0.19%,17358,5909.0,34141,5909,5910,6170,5598,original,,,
2004-11-09,TX,200411,5921,5960,5886,5943,34,0.58%,27268,5943.0,34311,5942,5943,6170,5598,original,,,
2004-11-10,TX,200411,5970,5991,5903,5960,17,0.29%,31408,5960.0,33592,5960,5961,6170,5598,original,,,
2004-11-11,TX,200411,5948,5955,5868,5868,-92,-1.54%,29323,5868.0,32820,5868,5869,6170,5598,original,,,
2004-11-12,TX,200411,5920,5968,5902,5935,67,1.14%,29339,5935.0,31252,5935,5936,6170,5598,original,,,
2004-11-15,TX,200411,5978,6006,5927,5941,6,0.10%,24579,5941.0,25231,5940,5941,6170,5598,original,,,
2004-11-16,TX,200411,5945,5960,5911,5929,-12,-0.20%,19583,5929.0,18146,5928,5929,6170,5598,original,,,
2004-11-17,TX,200411,5900,6043,5898,6040,111,1.87%,18339,6040.0,10711,6040,6041,6170,5598,original,,,
2004-11-18,TX,200412,6080,6107,6060,6072,9,0.15%,29707,6072.0,38149,6071,6072,7219,5166,original,,,
2004-11-19,TX,200412,6086,6093,6044,6056,-16,-0.26%,22611,6056.0,40649,6056,6057,7219,5166,original,,,
2004-11-22,TX,200412,5986,5990,5833,5835,-221,-3.65%,44598,5835.0,40205,5834,5835,7219,5166,original,,,
2004-11-23,TX,200412,5849,5872,5790,5842,7,0.12%,33263,5842.0,40017,5841,5842,7219,5166,original,,,
2004-11-24,TX,200412,5836,5919,5836,5905,63,1.08%,31576,5905.0,38347,5904,5905,7219,5166,original,,,
2004-11-25,TX,200412,5914,5923,5847,5870,-35,-0.59%,28150,5870.0,39191,5869,5870,7219,5166,original,,,
2004-11-26,TX,200412,5895,5964,5740,5740,-130,-2.21%,53585,5740.0,38825,5739,5740,7219,5166,original,,,
2004-11-29,TX,200412,5784,5813,5760,5810,70,1.22%,25406,5810.0,39028,5809,5810,7219,5166,original,,,
2004-11-30,TX,200412,5773,5825,5702,5809,-1,-0.02%,44352,5809.0,38170,5806,5809,7219,5166,original,,,
2004-12-01,TX,200412,5723,5802,5659,5770,-39,-0.67%,32051,5770.0,35853,5770,5771,7219,5166,original,,,
2004-12-02,TX,200412,5858,5878,5822,5855,85,1.47%,28912,5855.0,35293,5854,5855,7219,5166,original,,,
2004-12-03,TX,200412,5885,5905,5841,5880,25,0.43%,26316,5880.0,33991,5880,5881,7219,5166,original,,,
2004-12-06,TX,200412,5835,5909,5830,5883,3,0.05%,25694,5883.0,34563,5882,5883,7219,5166,original,,,
2004-12-07,TX,200412,5880,5908,5866,5890,7,0.12%,15602,5890.0,34333,5890,5891,7219,5166,original,,,
2004-12-08,TX,200412,5865,5902,5861,5880,-10,-0.17%,17107,5880.0,33342,5880,5881,7219,5166,original,,,
2004-12-09,TX,200412,5884,5907,5870,5880,0,0.00%,17047,5880.0,31987,5880,5881,7219,5166,original,,,
2004-12-10,TX,200412,5900,5900,5833,5850,-30,-0.51%,16740,5850.0,29881,5849,5850,7219,5166,original,,,
2004-12-13,TX,200412,5890,6019,5787,5871,21,0.36%,51128,5871.0,23876,5871,5872,7219,5166,original,,,
2004-12-14,TX,200412,5898,5916,5868,5901,30,0.51%,14177,5901.0,20381,5901,5902,7219,5166,original,,,
2004-12-15,TX,200412,5951,6030,5921,6017,116,1.97%,14600,6017.0,14186,6017,6018,7219,5166,original,,,
2004-12-16,TX,200501,6005,6030,5996,6020,5,0.08%,21458,6020.0,26650,6020,6021,6107,5689,original,,,
2004-12-17,TX,200501,6011,6029,6001,6019,-1,-0.02%,13086,6019.0,27583,6018,6019,6107,5689,original,,,
2004-12-20,TX,200501,5921,5992,5911,5962,-57,-0.95%,25321,5962.0,28176,5962,5963,6107,5689,original,,,
2004-12-21,TX,200501,5976,5989,5961,5978,16,0.27%,13598,5978.0,29507,5978,5979,6107,5689,original,,,
2004-12-22,TX,200501,6015,6069,6006,6025,47,0.79%,30431,6025.0,29812,6025,6026,6107,5689,original,,,
2004-12-23,TX,200501,6034,6036,5968,6002,-23,-0.38%,23284,6002.0,29938,6001,6002,6107,5689,original,,,
2004-12-24,TX,200501,6008,6058,5987,6032,30,0.50%,23814,6032.0,29683,6031,6032,6107,5689,original,,,
2004-12-27,TX,200501,6035,6042,5992,6016,-16,-0.27%,16581,6016.0,30124,6016,6017,6107,5689,original,,,
2004-12-28,TX,200501,6008,6045,6008,6020,4,0.07%,13824,6020.0,31571,6020,6021,6107,5689,original,,,
2004-12-29,TX,200501,6055,6120,6050,6118,98,1.63%,29184,6118.0,34486,6118,6119,6120,5689,original,,,
2004-12-30,TX,200501,6126,6130,6108,6115,-3,-0.05%,12968,6115.0,34940,6115,6116,6130,5689,original,,,
2004-12-31,TX,200501,6120,6188,6105,6188,73,1.19%,29454,6188.0,37286,6186,6188,6188,5689,original,,,
2005-01-03,TX,200501,6185,6193,6154,6174,-14,-0.23%,20319,6174.0,39331,6174,6175,6193,5689,original,,,
2005-01-04,TX,200501,6145,6152,6062,6080,-94,-1.52%,38182,6080.0,40696,6080,6081,6193,5689,original,,,
2005-01-05,TX,200501,6011,6027,5996,6013,-67,-1.10%,25857,6013.0,41872,6012,6013,6193,5689,original,,,
2005-01-06,TX,200501,6008,6023,5995,6017,4,0.07%,14673,6017.0,43867,6017,6018,6193,5689,original,,,
2005-01-07,TX,200501,6018,6035,5951,5965,-52,-0.86%,37209,5965.0,45555,5965,5966,6193,5689,original,,,
2005-01-10,TX,200501,5970,5992,5961,5987,22,0.37%,14801,5987.0,45166,5986,5987,6193,5689,original,,,
2005-01-11,TX,200501,5986,6026,5965,6003,16,0.27%,22853,6003.0,44853,6002,6003,6193,5689,original,,,
2005-01-12,TX,200501,5980,5995,5875,5901,-102,-1.70%,38093,5901.0,44076,5901,5902,6193,5689,original,,,
2005-01-13,TX,200501,5920,5930,5830,5880,-21,-0.36%,33987,5880.0,44050,5879,5880,6193,5689,original,,,
2005-01-14,TX,200501,5846,5920,5821,5893,13,0.22%,31644,5893.0,40271,5893,5894,6193,5689,original,,,
2005-01-17,TX,200501,5933,5985,5933,5954,61,1.04%,25354,5954.0,32368,5954,5955,6193,5689,original,,,
2005-01-18,TX,200501,5955,5967,5935,5945,-9,-0.15%,16502,5945.0,24735,5944,5945,6193,5689,original,,,
2005-01-19,TX,200501,5965,5977,5885,5885,-60,-1.01%,19517,5885.0,14157,5885,5887,6193,5689,original,,,
2005-01-20,TX,200502,5869,5925,5853,5879,-25,-0.42%,39970,5879.0,47176,5878,5879,6200,5821,original,,,
2005-01-21,TX,200502,5871,5897,5833,5869,-10,-0.17%,28331,5869.0,47998,5869,5870,6200,5821,original,,,
2005-01-24,TX,200502,5869,5874,5769,5805,-64,-1.09%,31954,5805.0,49515,5805,5806,6200,5769,original,,,
2005-01-25,TX,200502,5783,5815,5746,5810,5,0.09%,33540,5810.0,51790,5809,5810,6200,5746,original,,,
2005-01-26,TX,200502,5838,5857,5813,5840,30,0.52%,25518,5840.0,50312,5839,5840,6200,5746,original,,,
2005-01-27,TX,200502,5850,5850,5818,5834,-6,-0.10%,18149,5834.0,49021,5834,5835,6200,5746,original,,,
2005-01-28,TX,200502,5822,5893,5816,5874,40,0.69%,32141,5874.0,45081,5874,5875,6200,5746,original,,,
2005-01-31,TX,200502,5893,6004,5884,5982,108,1.84%,41876,5982.0,40877,5982,5983,6200,5746,original,,,
2005-02-01,TX,200502,5981,6006,5975,5980,-2,-0.03%,18624,5980.0,38514,5979,5980,6200,5746,original,,,
2005-02-02,TX,200502,6000,6070,5995,6023,43,0.72%,35326,6023.0,35454,6022,6023,6200,5746,original,,,
2005-02-03,TX,200502,6048,6050,6017,6045,22,0.37%,14887,6045.0,32032,6043,6045,6200,5746,original,,,
2005-02-14,TX,200502,6210,6220,6115,6129,84,1.39%,22508,6129.0,25411,6129,6130,6220,5746,original,,,
2005-02-15,TX,200502,6111,6149,6111,6123,-6,-0.10%,11655,6123.0,19249,6122,6123,6220,5746,original,,,
2005-02-16,TX,200502,6140,6150,6042,6128,5,0.08%,14578,6128.0,9609,6127,6128,6220,5746,original,,,
2005-02-17,TX,200503,6115,6135,6062,6078,-50,-0.82%,31930,6078.0,30129,6078,6079,7190,5110,original,,,
2005-02-18,TX,200503,6072,6127,6058,6120,42,0.69%,24824,6120.0,32397,6119,6120,7190,5110,original,,,
2005-02-21,TX,200503,6127,6170,6127,6144,24,0.39%,21839,6144.0,32470,6144,6145,7190,5110,original,,,
2005-02-22,TX,200503,6139,6149,6090,6097,-47,-0.76%,23003,6097.0,32618,6097,6098,7190,5110,original,,,
2005-02-23,TX,200503,6054,6128,6039,6114,17,0.28%,30573,6114.0,33114,6113,6114,7190,5110,original,,,
2005-02-24,TX,200503,6114,6164,6093,6120,6,0.10%,31205,6120.0,33785,6119,6120,7190,5110,original,,,
2005-02-25,TX,200503,6162,6227,6162,6219,99,1.62%,34658,6219.0,34338,6218,6219,7190,5110,original,,,
2005-03-01,TX,200503,6233,6250,6209,6250,31,0.50%,21190,6250.0,35224,6250,6251,7190,5110,original,,,
2005-03-02,TX,200503,6259,6259,6191,6200,-50,-0.80%,27486,6200.0,35410,6199,6200,7190,5110,original,,,
2005-03-03,TX,200503,6200,6223,6156,6204,4,0.06%,32997,6204.0,34618,6204,6205,7190,5110,original,,,
2005-03-04,TX,200503,6191,6219,6175,6198,-6,-0.10%,21080,6198.0,34803,6198,6199,7190,5110,original,,,
2005-03-07,TX,200503,6245,6257,6220,6231,33,0.53%,22438,6231.0,35901,6231,6232,7190,5110,original,,,
2005-03-08,TX,200503,6240,6253,6138,6155,-76,-1.22%,37801,6155.0,34566,6154,6155,7190,5110,original,,,
2005-03-09,TX,200503,6149,6203,6145,6198,43,0.70%,21598,6198.0,33951,6197,6198,7190,5110,original,,,
2005-03-10,TX,200503,6180,6188,6141,6167,-31,-0.50%,26861,6167.0,32359,6167,6168,7190,5110,original,,,
2005-03-11,TX,200503,6195,6235,6173,6207,40,0.65%,26378,6207.0,29200,6207,6208,7190,5110,original,,,
2005-03-14,TX,200503,6176,6203,6150,6160,-47,-0.76%,21332,6160.0,26294,6160,6161,7190,5110,original,,,
2005-03-15,TX,200503,6159,6168,6036,6076,-84,-1.36%,30887,6076.0,17597,6075,6076,7190,5110,original,,,
2005-03-16,TX,200503,6059,6088,6044,6068,-8,-0.13%,8474,6068.0,12880,6067,6068,7190,5110,original,,,
2005-03-17,TX,200504,6008,6035,5995,6015,-50,-0.82%,27887,6015.0,33700,6014,6015,6259,5995,original,,,
2005-03-18,TX,200504,6030,6043,6004,6027,12,0.20%,23502,6027.0,33187,6027,6028,6259,5995,original,,,
2005-03-21,TX,200504,6018,6053,6015,6040,13,0.22%,20102,6040.0,33724,6039,6040,6259,5995,original,,,
2005-03-22,TX,200504,6032,6034,5976,6008,-32,-0.53%,32667,6008.0,34528,6007,6008,6259,5976,original,,,
2005-03-23,TX,200504,5981,6010,5967,6010,2,0.03%,30170,6010.0,35831,6009,6010,6259,5967,original,,,
2005-03-24,TX,200504,6010,6037,5997,6012,2,0.03%,23312,6012.0,35242,6011,6012,6259,5967,original,,,
2005-03-25,TX,200504,6012,6052,6008,6050,38,0.63%,18475,6050.0,33565,6050,6051,6259,5967,original,,,
2005-03-28,TX,200504,6069,6077,6033,6054,4,0.07%,17906,6054.0,34762,6054,6055,6259,5967,original,,,
2005-03-29,TX,200504,6031,6040,5967,5973,-81,-1.34%,34733,5973.0,39705,5973,5974,6259,5967,original,,,
2005-03-30,TX,200504,5957,5982,5950,5975,2,0.03%,19723,5975.0,40523,5974,5975,6259,5950,original,,,
2005-03-31,TX,200504,6009,6019,5998,6010,35,0.59%,17500,6010.0,40266,6009,6010,6259,5950,original,,,
2005-04-01,TX,200504,6008,6045,5972,6045,35,0.58%,31130,6045.0,39021,6044,6045,6259,5950,original,,,
2005-04-04,TX,200504,6021,6045,6016,6025,-20,-0.33%,14928,6025.0,38988,6024,6025,6259,5950,original,,,
2005-04-06,TX,200504,6031,6040,5997,6011,-14,-0.23%,19640,6011.0,39004,6010,6011,6259,5950,original,,,
2005-04-07,TX,200504,6013,6030,5975,5985,-26,-0.43%,25693,5985.0,39985,5984,5985,6259,5950,original,,,
2005-04-08,TX,200504,6008,6017,5997,6010,25,0.42%,13226,6010.0,37886,6009,6010,6259,5950,original,,,
2005-04-11,TX,200504,5985,6003,5966,5980,-30,-0.50%,13780,5980.0,39096,5980,5981,6259,5950,original,,,
2005-04-12,TX,200504,5976,6003,5969,5990,10,0.17%,14469,5990.0,38408,5990,5991,6259,5950,original,,,
2005-04-13,TX,200504,6005,6012,5987,6007,17,0.28%,11354,6007.0,37795,6006,6007,6259,5950,original,,,
2005-04-14,TX,200504,5971,5985,5958,5975,-32,-0.53%,16115,5975.0,36853,5974,5975,6259,5950,original,,,
2005-04-15,TX,200504,5925,5935,5876,5892,-83,-1.39%,23431,5892.0,36739,5891,5892,6259,5876,original,,,
2005-04-18,TX,200504,5819,5822,5663,5707,-185,-3.14%,30992,5707.0,29544,5706,5707,6259,5663,original,,,
2005-04-19,TX,200504,5727,5785,5721,5754,47,0.82%,14912,5754.0,23298,5754,5755,6259,5663,original,,,
2005-04-20,TX,200504,5781,5802,5687,5701,-53,-0.92%,12443,5701.0,17577,5701,5702,6259,5663,original,,,
2005-04-21,TX,200505,5620,5707,5602,5688,9,0.16%,44013,5688.0,36467,5687,5688,6080,5602,original,,,
2005-04-22,TX,200505,5748,5769,5708,5725,37,0.65%,28450,5725.0,34273,5725,5726,6080,5602,original,,,
2005-04-25,TX,200505,5711,5736,5704,5728,3,0.05%,13763,5728.0,34315,5728,5729,6080,5602,original,,,
2005-04-26,TX,200505,5738,5778,5718,5765,37,0.65%,26541,5765.0,33621,5764,5765,6080,5602,original,,,
2005-04-27,TX,200505,5748,5767,5738,5745,-20,-0.35%,15266,5745.0,33083,5745,5746,6080,5602,original,,,
2005-04-28,TX,200505,5740,5794,5710,5780,35,0.61%,29571,5780.0,32790,5780,5781,6080,5602,original,,,
2005-04-29,TX,200505,5755,5770,5742,5770,-10,-0.17%,18029,5770.0,31662,5769,5770,6080,5602,original,,,
2005-05-03,TX,200505,5800,5845,5797,5800,30,0.52%,22478,5800.0,33284,5799,5800,6080,5602,original,,,
2005-05-04,TX,200505,5820,5828,5785,5806,6,0.10%,19001,5806.0,34207,5806,5807,6080,5602,original,,,
2005-05-05,TX,200505,5860,5943,5841,5902,96,1.65%,45967,5902.0,33842,5902,5903,6080,5602,original,,,
2005-05-06,TX,200505,5910,5949,5895,5948,46,0.78%,21016,5948.0,33892,5947,5948,6080,5602,original,,,
2005-05-09,TX,200505,5936,5951,5923,5947,-1,-0.02%,16570,5947.0,33052,5947,5948,6080,5602,original,,,
2005-05-10,TX,200505,5949,5957,5920,5925,-22,-0.37%,17027,5925.0,31920,5925,5926,6080,5602,original,,,
2005-05-11,TX,200505,5890,5912,5880,5898,-27,-0.46%,19109,5898.0,29932,5897,5898,6080,5602,original,,,
2005-05-12,TX,200505,5905,5929,5887,5929,31,0.53%,15760,5929.0,29536,5928,5929,6080,5602,original,,,
2005-05-13,TX,200505,5918,6007,5916,5986,57,0.96%,32107,5986.0,27989,5985,5986,6080,5602,original,,,
2005-05-16,TX,200505,5997,6015,5924,5931,-55,-0.92%,21380,5931.0,25771,5930,5931,6080,5602,original,,,
2005-05-17,TX,200505,5963,5964,5858,5877,-54,-0.91%,20846,5877.0,20495,5877,5878,6080,5602,original,,,
2005-05-18,TX,200505,5909,5915,5880,5880,3,0.05%,11369,5880.0,14829,5880,5884,6080,5602,original,,,
2005-05-19,TX,200506,5941,5975,5930,5947,77,1.31%,31786,5947.0,28995,5947,5948,6250,5010,original,,,
2005-05-20,TX,200506,5954,5964,5920,5920,-27,-0.45%,18680,5920.0,30397,5919,5920,6250,5010,original,,,
2005-05-23,TX,200506,5926,5926,5855,5878,-42,-0.71%,26949,5878.0,30841,5877,5878,6250,5010,original,,,
2005-05-24,TX,200506,5878,5895,5871,5875,-3,-0.05%,13417,5875.0,32404,5874,5875,6250,5010,original,,,
2005-05-25,TX,200506,5880,5930,5822,5849,-26,-0.44%,38079,5849.0,33419,5848,5849,6250,5010,original,,,
2005-05-26,TX,200506,5861,5902,5842,5899,50,0.85%,21920,5899.0,33661,5898,5899,6250,5010,original,,,
2005-05-27,TX,200506,5930,5965,5923,5950,51,0.86%,30254,5950.0,35469,5949,5950,6250,5010,original,,,
2005-05-30,TX,200506,5958,5969,5930,5952,2,0.03%,17054,5952.0,34994,5952,5953,6250,5010,original,,,
2005-05-31,TX,200506,5940,5965,5912,5943,-9,-0.15%,29235,5943.0,36087,5942,5943,6250,5010,original,,,
2005-06-01,TX,200506,5943,5956,5905,5935,-8,-0.13%,26542,5935.0,35985,5934,5935,6250,5010,original,,,
2005-06-02,TX,200506,5963,6005,5962,5973,38,0.64%,30796,5973.0,38258,5972,5973,6250,5010,original,,,
2005-06-03,TX,200506,5988,6058,5978,6038,65,1.09%,35747,6038.0,41010,6038,6039,6250,5010,original,,,
2005-06-06,TX,200506,6015,6072,6012,6069,31,0.51%,21953,6069.0,43237,6068,6069,6250,5010,original,,,
2005-06-07,TX,200506,6071,6073,6037,6060,-9,-0.15%,17739,6060.0,42953,6059,6060,6250,5010,original,,,
2005-06-08,TX,200506,6052,6143,6051,6131,71,1.17%,29611,6131.0,42618,6130,6131,6250,5010,original,,,
2005-06-09,TX,200506,6119,6162,6113,6125,-6,-0.10%,18592,6125.0,41973,6125,6126,6250,5010,original,,,
2005-06-10,TX,200506,6141,6189,6115,6175,50,0.82%,23085,6175.0,40015,6175,6176,6250,5010,original,,,
2005-06-13,TX,200506,6175,6245,6156,6240,65,1.05%,21861,6240.0,35240,6239,6240,6250,5010,original,,,
2005-06-14,TX,200506,6239,6271,6217,6221,-19,-0.30%,21001,6221.0,29016,6220,6221,6271,5010,original,,,
2005-06-15,TX,200506,6234,6270,6220,6266,45,0.72%,13629,6266.0,20301,6266,6267,6271,5010,original,,,
2005-06-16,TX,200507,6150,6194,6132,6180,32,0.52%,33246,6180.0,26865,6179,6180,6194,5747,original,,,
2005-06-17,TX,200507,6188,6256,6173,6189,9,0.15%,39792,6189.0,27631,6189,6190,6256,5747,original,,,
2005-06-20,TX,200507,6190,6208,6168,6188,-1,-0.02%,15910,6188.0,27444,6188,6189,6256,5747,original,,,
2005-06-21,TX,200507,6191,6205,6166,6197,9,0.15%,18478,6197.0,27595,6197,6198,6256,5747,original,,,
2005-06-22,TX,200507,6199,6343,6199,6330,133,2.15%,43369,6330.0,32642,6328,6330,6343,5747,original,,,
2005-06-23,TX,200507,6325,6356,6325,6350,20,0.32%,24590,6350.0,36393,6349,6350,6356,5747,original,,,
2005-06-24,TX,200507,6311,6325,6272,6297,-53,-0.83%,30307,6297.0,37646,6296,6297,6356,5747,original,,,
2005-06-27,TX,200507,6246,6272,6230,6257,-40,-0.64%,25588,6257.0,40896,6256,6257,6356,5747,original,,,
2005-06-28,TX,200507,6261,6288,6253,6284,27,0.43%,18132,6284.0,42409,6284,6285,6356,5747,original,,,
2005-06-29,TX,200507,6325,6353,6165,6199,-85,-1.35%,54328,6199.0,38165,6198,6199,6356,5747,original,,,
2005-06-30,TX,200507,6215,6228,6186,6199,0,0.00%,20191,6199.0,38385,6198,6199,6356,5747,original,,,
2005-07-01,TX,200507,6190,6230,6125,6227,28,0.45%,36513,6227.0,37826,6227,6228,6356,5747,original,,,
2005-07-04,TX,200507,6248,6248,6181,6211,-16,-0.26%,19030,6211.0,38331,6210,6211,6356,5747,original,,,
2005-07-05,TX,200507,6210,6218,6160,6163,-48,-0.77%,26316,6163.0,37694,6163,6164,6356,5747,original,,,
2005-07-06,TX,200507,6185,6208,6155,6182,19,0.31%,25189,6182.0,37642,6182,6183,6356,5747,original,,,
2005-07-07,TX,200507,6166,6180,6136,6166,-16,-0.26%,25910,6166.0,37716,6166,6167,6356,5747,original,,,
2005-07-08,TX,200507,6170,6205,6157,6181,15,0.24%,23599,6181.0,37811,6180,6181,6356,5747,original,,,
2005-07-11,TX,200507,6248,6306,6233,6302,121,1.96%,29881,6302.0,40216,6301,6302,6356,5747,original,,,
2005-07-12,TX,200507,6325,6353,6320,6340,38,0.60%,25968,6340.0,41471,6339,6340,6356,5747,original,,,
2005-07-13,TX,200507,6341,6407,6332,6376,36,0.57%,30454,6376.0,43720,6376,6377,6407,5747,original,,,
2005-07-14,TX,200507,6400,6438,6379,6435,59,0.93%,28388,6435.0,43569,6434,6435,6438,5747,original,,,
2005-07-15,TX,200507,6446,6449,6411,6411,-24,-0.37%,17808,6411.0,40185,6410,6411,6449,5747,original,,,
2005-07-19,TX,200507,6419,6433,6385,6430,19,0.30%,16251,6430.0,34310,6429,6430,6449,5747,original,,,
2005-07-20,TX,200507,6430,6479,6401,6413,-17,-0.26%,20687,6413.0,21667,6412,6413,6479,5747,original,,,
2005-07-21,TX,200508,6426,6452,6330,6365,-19,-0.30%,49551,6365.0,43262,6364,6365,6455,6050,original,,,
2005-07-22,TX,200508,6354,6366,6325,6342,-23,-0.36%,25061,6342.0,47032,6342,6343,6455,6050,original,,,
2005-07-25,TX,200508,6359,6406,6356,6406,64,1.01%,19120,6406.0,47718,6406,6407,6455,6050,original,,,
2005-07-26,TX,200508,6395,6408,6319,6330,-76,-1.19%,27117,6330.0,47447,6330,6331,6455,6050,original,,,
2005-07-27,TX,200508,6328,6342,6286,6310,-20,-0.32%,25424,6310.0,49435,6310,6311,6455,6050,original,,,
2005-07-28,TX,200508,6325,6350,6304,6350,40,0.63%,20253,6350.0,50837,6349,6350,6455,6050,original,,,
2005-07-29,TX,200508,6361,6395,6277,6277,-73,-1.15%,38776,6277.0,51566,6276,6277,6455,6050,original,,,
2005-08-01,TX,200508,6281,6297,6264,6297,20,0.32%,13495,6297.0,50611,6296,6297,6455,6050,original,,,
2005-08-02,TX,200508,6298,6340,6271,6340,43,0.68%,27076,6340.0,51469,6340,6341,6455,6050,original,,,
2005-08-03,TX,200508,6375,6455,6370,6431,91,1.44%,38357,6431.0,53778,6430,6437,6455,6050,original,,,
2005-08-04,TX,200508,6446,6464,6419,6445,14,0.22%,23870,6445.0,53869,6445,6446,6464,6050,original,,,
2005-08-08,TX,200508,6360,6383,6349,6370,-75,-1.16%,21271,6370.0,52488,6370,6371,6464,6050,original,,,
2005-08-09,TX,200508,6361,6394,6352,6394,24,0.38%,16014,6394.0,53588,6393,6394,6464,6050,original,,,
2005-08-10,TX,200508,6413,6428,6338,6345,-49,-0.77%,33301,6345.0,53336,6344,6345,6464,6050,original,,,
2005-08-11,TX,200508,6360,6389,6340,6389,44,0.69%,20506,6389.0,50642,6389,6390,6464,6050,original,,,
2005-08-12,TX,200508,6394,6412,6351,6352,-37,-0.58%,22653,6352.0,47148,6352,6353,6464,6050,original,,,
2005-08-15,TX,200508,6337,6342,6224,6240,-112,-1.76%,32474,6240.0,36253,6239,6240,6464,6050,original,,,
2005-08-16,TX,200508,6245,6257,6198,6235,-5,-0.08%,22290,6235.0,25403,6234,6235,6464,6050,original,,,
2005-08-17,TX,200508,6185,6255,6185,6220,-15,-0.24%,16042,6220.0,14373,6219,6220,6464,6050,original,,,
2005-08-18,TX,200509,6238,6247,6182,6190,-28,-0.45%,29121,6190.0,45529,6190,6192,6448,5463,original,,,
2005-08-19,TX,200509,6179,6181,6135,6164,-26,-0.42%,25114,6164.0,46364,6163,6165,6448,5463,original,,,
2005-08-22,TX,200509,6189,6218,6175,6215,51,0.83%,16456,6215.0,45044,6215,6216,6448,5463,original,,,
2005-08-23,TX,200509,6209,6214,6182,6185,-30,-0.48%,14278,6185.0,45987,6185,6186,6448,5463,original,,,
2005-08-24,TX,200509,6161,6178,6139,6147,-38,-0.61%,21670,6147.0,47345,6146,6147,6448,5463,original,,,
2005-08-25,TX,200509,6118,6168,6101,6126,-21,-0.34%,23469,6126.0,49259,6125,6126,6448,5463,original,,,
2005-08-26,TX,200509,6147,6159,6130,6150,24,0.39%,16495,6150.0,50663,6150,6151,6448,5463,original,,,
2005-08-29,TX,200509,6116,6130,6032,6046,-104,-1.69%,26818,6046.0,53038,6045,6046,6448,5463,original,,,
2005-08-30,TX,200509,6080,6092,6043,6055,9,0.15%,16584,6055.0,53720,6054,6055,6448,5463,original,,,
2005-08-31,TX,200509,6045,6085,5985,6050,-5,-0.08%,29590,6050.0,54232,6050,6051,6448,5463,original,,,
2005-09-02,TX,200509,6101,6122,6083,6119,69,1.14%,20860,6119.0,51728,6118,6119,6448,5463,original,,,
2005-09-05,TX,200509,6115,6120,6100,6108,-11,-0.18%,9383,6108.0,51231,6108,6109,6448,5463,original,,,
2005-09-06,TX,200509,6130,6159,6128,6150,42,0.69%,17250,6150.0,51182,6149,6150,6448,5463,original,,,
2005-09-07,TX,200509,6188,6190,6132,6164,14,0.23%,21421,6164.0,47802,6163,6164,6448,5463,original,,,
2005-09-08,TX,200509,6158,6169,6138,6154,-10,-0.16%,11634,6154.0,47194,6154,6155,6448,5463,original,,,
2005-09-09,TX,200509,6152,6158,6093,6114,-40,-0.65%,22338,6114.0,45311,6114,6115,6448,5463,original,,,
2005-09-12,TX,200509,6158,6168,6122,6165,51,0.83%,18912,6165.0,42800,6164,6165,6448,5463,original,,,
2005-09-13,TX,200509,6158,6189,6148,6164,-1,-0.02%,18755,6164.0,40515,6164,6165,6448,5463,original,,,
2005-09-14,TX,200509,6150,6166,6129,6155,-9,-0.15%,15568,6155.0,38997,6155,6156,6448,5463,original,,,
2005-09-15,TX,200509,6130,6137,6080,6080,-75,-1.22%,23987,6080.0,39207,6080,6083,6448,5463,original,,,
2005-09-16,TX,200509,6085,6089,6013,6045,-35,-0.58%,25257,6045.0,35397,6043,6045,6448,5463,original,,,
2005-09-19,TX,200509,6050,6065,6026,6030,-15,-0.25%,9602,6030.0,32474,6029,6030,6448,5463,original,,,
2005-09-20,TX,200509,6031,6124,5987,6106,76,1.26%,26876,6106.0,22853,6106,6108,6448,5463,original,,,
2005-09-21,TX,200509,6082,6116,6056,6059,-47,-0.77%,11493,6059.0,14960,6059,6060,6448,5463,original,,,
2005-09-22,TX,200510,6031,6047,5965,5979,-85,-1.40%,40394,5979.0,38025,5979,5980,6244,5965,original,,,
2005-09-23,TX,200510,5966,5978,5893,5931,-48,-0.80%,29486,5931.0,40956,5931,5932,6244,5893,original,,,
2005-09-26,TX,200510,5961,5974,5888,5950,19,0.32%,25371,5950.0,39941,5950,5951,6244,5888,original,,,
2005-09-27,TX,200510,5931,5980,5893,5935,-15,-0.25%,29561,5935.0,39636,5934,5935,6244,5888,original,,,
2005-09-28,TX,200510,5941,5973,5906,5933,-2,-0.03%,25048,5933.0,40213,5933,5934,6244,5888,original,,,
2005-09-29,TX,200510,5930,6022,5925,6022,89,1.50%,31786,6022.0,37535,6021,6022,6244,5888,original,,,
2005-09-30,TX,200510,6039,6115,6034,6095,73,1.21%,38775,6095.0,36195,6094,6095,6244,5888,original,,,
2005-10-03,TX,200510,6106,6132,6088,6118,23,0.38%,21930,6118.0,36256,6118,6119,6244,5888,original,,,
2005-10-04,TX,200510,6130,6166,6117,6142,24,0.39%,27085,6142.0,35117,6142,6143,6244,5888,original,,,
2005-10-05,TX,200510,6132,6157,6118,6130,-12,-0.20%,24357,6130.0,34876,6130,6131,6244,5888,original,,,
2005-10-06,TX,200510,6080,6100,6061,6100,-30,-0.49%,20362,6100.0,33151,6099,6100,6244,5888,original,,,
2005-10-07,TX,200510,6083,6109,6083,6095,-5,-0.08%,14818,6095.0,31940,6095,6096,6244,5888,original,,,
2005-10-11,TX,200510,6078,6126,6074,6099,4,0.07%,17179,6099.0,31987,6098,6099,6244,5888,original,,,
2005-10-12,TX,200510,6078,6083,5997,6004,-95,-1.56%,34386,6004.0,31552,6003,6004,6244,5888,original,,,
2005-10-13,TX,200510,5981,5986,5936,5985,-19,-0.32%,22831,5985.0,30474,5984,5985,6244,5888,original,,,
2005-10-14,TX,200510,5982,5998,5965,5968,-17,-0.28%,14179,5968.0,29113,5968,5969,6244,5888,original,,,
2005-10-17,TX,200510,5985,5988,5813,5815,-153,-2.56%,26245,5815.0,23285,5815,5816,6244,5813,original,,,
2005-10-18,TX,200510,5826,5860,5818,5839,24,0.41%,15703,5839.0,18220,5838,5839,6244,5813,original,,,
2005-10-19,TX,200510,5786,5795,5678,5678,-161,-2.76%,16491,5678.0,13504,5678,5679,6244,5678,original,,,
2005-10-20,TX,200511,5732,5779,5633,5772,84,1.48%,51040,5772.0,31014,5772,5773,6164,5633,original,,,
2005-10-21,TX,200511,5725,5755,5672,5735,-37,-0.64%,30574,5735.0,32633,5734,5735,6164,5633,original,,,
2005-10-24,TX,200511,5745,5755,5692,5712,-23,-0.40%,20445,5712.0,30953,5712,5713,6164,5633,original,,,
2005-10-25,TX,200511,5780,5807,5718,5718,6,0.11%,31195,5718.0,31502,5717,5718,6164,5633,original,,,
2005-10-26,TX,200511,5732,5747,5683,5704,-14,-0.24%,30395,5704.0,33303,5704,5705,6164,5633,original,,,
2005-10-27,TX,200511,5681,5726,5645,5675,-29,-0.51%,28506,5675.0,33872,5675,5676,6164,5633,original,,,
2005-10-28,TX,200511,5615,5687,5611,5660,-15,-0.26%,23730,5660.0,36072,5660,5661,6164,5611,original,,,
2005-10-31,TX,200511,5700,5782,5685,5775,115,2.03%,27380,5775.0,33905,5774,5775,6164,5611,original,,,
2005-11-01,TX,200511,5806,5822,5786,5798,23,0.40%,25676,5798.0,32105,5797,5798,6164,5611,original,,,
2005-11-02,TX,200511,5808,5858,5801,5853,55,0.95%,25541,5853.0,32673,5853,5854,6164,5611,original,,,
2005-11-03,TX,200511,5880,5888,5838,5842,-11,-0.19%,20397,5842.0,32603,5842,5843,6164,5611,original,,,
2005-11-04,TX,200511,5875,5916,5863,5885,43,0.74%,27723,5885.0,34275,5885,5886,6164,5611,original,,,
2005-11-07,TX,200511,5891,5893,5826,5832,-53,-0.90%,21955,5832.0,34077,5832,5833,6164,5611,original,,,
2005-11-08,TX,200511,5850,5851,5827,5840,8,0.14%,15963,5840.0,36491,5840,5841,6164,5611,original,,,
2005-11-09,TX,200511,5833,5980,5828,5973,133,2.28%,38918,5973.0,34863,5973,5974,6164,5611,original,,,
2005-11-10,TX,200511,5968,6038,5968,6000,27,0.45%,33364,6000.0,31176,5999,6000,6164,5611,original,,,
2005-11-11,TX,200511,6050,6096,6031,6096,96,1.60%,29255,6096.0,31258,6095,6096,6164,5611,original,,,
2005-11-14,TX,200511,6094,6107,6071,6090,-6,-0.10%,16172,6090.0,29259,6089,6090,6164,5611,original,,,
2005-11-15,TX,200511,6087,6098,6002,6030,-60,-0.99%,26802,6030.0,21914,6028,6030,6164,5611,original,,,
2005-11-16,TX,200511,6025,6088,5980,6039,9,0.15%,14372,6039.0,14687,6038,6039,6164,5611,original,,,
2005-11-17,TX,200512,6049,6069,5985,6023,-27,-0.45%,30170,6023.0,30503,6023,6024,6450,5502,original,,,
2005-11-18,TX,200512,6099,6127,6075,6110,87,1.44%,30861,6110.0,31074,6109,6110,6450,5502,original,,,
2005-11-21,TX,200512,6119,6145,6090,6117,7,0.11%,22464,6117.0,31845,6116,6117,6450,5502,original,,,
2005-11-22,TX,200512,6110,6110,6063,6075,-42,-0.69%,19036,6075.0,31388,6074,6075,6450,5502,original,,,
2005-11-23,TX,200512,6084,6124,6072,6123,48,0.79%,26318,6123.0,32884,6123,6124,6450,5502,original,,,
2005-11-24,TX,200512,6125,6133,6082,6096,-27,-0.44%,22624,6096.0,33544,6096,6097,6450,5502,original,,,
2005-11-25,TX,200512,6096,6128,6084,6110,14,0.23%,17155,6110.0,34176,6110,6111,6450,5502,original,,,
2005-11-28,TX,200512,6119,6215,6116,6213,103,1.69%,26737,6213.0,36904,6212,6213,6450,5502,original,,,
2005-11-29,TX,200512,6195,6205,6142,6145,-68,-1.09%,20972,6145.0,35307,6144,6145,6450,5502,original,,,
2005-11-30,TX,200512,6160,6205,6145,6187,42,0.68%,22364,6187.0,35662,6185,6187,6450,5502,original,,,
2005-12-01,TX,200512,6175,6178,6145,6174,-13,-0.21%,14516,6174.0,34564,6173,6174,6450,5502,original,,,
2005-12-02,TX,200512,6248,6258,6206,6223,49,0.79%,21991,6223.0,35312,6223,6224,6450,5502,original,,,
2005-12-05,TX,200512,6250,6363,6231,6363,140,2.25%,35180,6363.0,36845,6363,6364,6450,5502,original,,,
2005-12-06,TX,200512,6342,6369,6325,6369,6,0.09%,20727,6369.0,37038,6368,6369,6450,5502,original,,,
2005-12-07,TX,200512,6379,6381,6316,6347,-22,-0.35%,27086,6347.0,37019,6346,6347,6450,5502,original,,,
2005-12-08,TX,200512,6325,6335,6214,6240,-107,-1.69%,34819,6240.0,35027,6239,6240,6450,5502,original,,,
2005-12-09,TX,200512,6257,6265,6200,6240,0,0.00%,27932,6240.0,35468,6240,6241,6450,5502,original,,,
2005-12-12,TX,200512,6265,6285,6182,6273,33,0.53%,27904,6273.0,34985,6273,6274,6450,5502,original,,,
2005-12-13,TX,200512,6255,6285,6227,6241,-32,-0.51%,21926,6241.0,34388,6241,6242,6450,5502,original,,,
2005-12-14,TX,200512,6262,6272,6206,6215,-26,-0.42%,23297,6215.0,34031,6215,6216,6450,5502,original,,,
2005-12-15,TX,200512,6210,6270,6206,6270,55,0.88%,21871,6270.0,33852,6270,6271,6450,5502,original,,,
2005-12-16,TX,200512,6257,6385,6256,6356,86,1.37%,32188,6356.0,30318,6356,6357,6450,5502,original,,,
2005-12-19,TX,200512,6360,6452,6358,6450,94,1.48%,24030,6450.0,25800,6449,6450,6452,5502,original,,,
2005-12-20,TX,200512,6435,6445,6413,6433,-17,-0.26%,16630,6433.0,23584,6433,6434,6452,5502,original,,,
2005-12-21,TX,200512,6438,6480,6426,6469,36,0.56%,10999,6469.0,16848,6468,6469,6480,5502,original,,,
2005-12-22,TX,200601,6482,6489,6425,6430,-52,-0.80%,21977,6430.0,31074,6429,6430,6495,5991,original,,,
2005-12-23,TX,200601,6445,6549,6432,6544,114,1.77%,32155,6544.0,35790,6543,6544,6549,5991,original,,,
2005-12-26,TX,200601,6559,6594,6538,6578,34,0.52%,15889,6578.0,38276,6577,6578,6594,5991,original,,,
2005-12-27,TX,200601,6558,6603,6530,6567,-11,-0.17%,23749,6567.0,39526,6567,6568,6603,5991,original,,,
2005-12-28,TX,200601,6519,6563,6506,6550,-17,-0.26%,19686,6550.0,38566,6549,6550,6603,5991,original,,,
2005-12-29,TX,200601,6555,6645,6555,6605,55,0.84%,29221,6605.0,40519,6605,6606,6645,5991,original,,,
2005-12-30,TX,200601,6600,6615,6566,6595,-10,-0.15%,19675,6595.0,39980,6591,6595,6645,5991,original,,,
2006-01-02,TX,200601,6451,6507,6411,6478,-117,-1.77%,27202,6478.0,37549,6477,6478,6645,5991,original,,,
2006-01-03,TX,200601,6488,6641,6460,6641,163,2.52%,41424,6641.0,38651,6640,6641,6645,5991,original,,,
2006-01-04,TX,200601,6675,6688,6603,6655,14,0.21%,33521,6655.0,39164,6655,6656,6688,5991,original,,,
2006-01-05,TX,200601,6665,6740,6652,6723,68,1.02%,37557,6723.0,40154,6722,6723,6740,5991,original,,,
2006-01-06,TX,200601,6743,6745,6692,6717,-6,-0.09%,26989,6717.0,39934,6716,6717,6745,5991,original,,,
2006-01-09,TX,200601,6747,6789,6744,6760,43,0.64%,27074,6760.0,39861,6760,6761,6789,5991,original,,,
2006-01-10,TX,200601,6781,6784,6705,6739,-21,-0.31%,29761,6739.0,41239,6738,6739,6789,5991,original,,,
2006-01-11,TX,200601,6723,6774,6686,6760,21,0.31%,38793,6760.0,42260,6760,6761,6789,5991,original,,,
2006-01-12,TX,200601,6772,6800,6701,6705,-55,-0.81%,33809,6705.0,40502,6704,6705,6800,5991,original,,,
2006-01-13,TX,200601,6701,6747,6677,6712,7,0.10%,32377,6712.0,38840,6711,6712,6800,5991,original,,,
2006-01-16,TX,200601,6682,6744,6660,6729,17,0.25%,34214,6729.0,31344,6729,6730,6800,5991,original,,,
2006-01-17,TX,200601,6730,6767,6688,6689,-40,-0.59%,28043,6689.0,25068,6689,6690,6800,5991,original,,,
2006-01-18,TX,200601,6612,6624,6461,6490,-199,-2.98%,27815,6490.0,18809,6490,6492,6800,5991,original,,,
2006-01-19,TX,200602,6527,6539,6460,6513,22,0.34%,41758,6513.0,36600,6513,6514,6798,6431,original,,,
2006-01-20,TX,200602,6527,6549,6451,6472,-41,-0.63%,36292,6472.0,35201,6472,6473,6798,6431,original,,,
2006-01-23,TX,200602,6400,6415,6378,6380,-92,-1.42%,28242,6380.0,34472,6380,6381,6798,6378,original,,,
2006-01-24,TX,200602,6417,6460,6405,6450,70,1.10%,24722,6450.0,34572,6449,6450,6798,6378,original,,,
2006-01-25,TX,200602,6471,6532,6453,6532,82,1.27%,30132,6532.0,35103,6532,6533,6798,6378,original,,,
2006-02-03,TX,200602,6568,6614,6545,6585,53,0.81%,31029,6585.0,32916,6584,6585,6798,6378,original,,,
2006-02-06,TX,200602,6555,6722,6500,6700,115,1.75%,39983,6700.0,32871,6700,6701,6798,6378,original,,,
2006-02-07,TX,200602,6700,6742,6678,6705,5,0.07%,35636,6705.0,33432,6704,6705,6798,6378,original,,,
2006-02-08,TX,200602,6702,6703,6607,6619,-86,-1.28%,32331,6619.0,32805,6618,6619,6798,6378,original,,,
2006-02-09,TX,200602,6679,6699,6572,6593,-26,-0.39%,38601,6593.0,32153,6593,6594,6798,6378,original,,,
2006-02-10,TX,200602,6596,6620,6542,6563,-30,-0.46%,36182,6563.0,30618,6563,6564,6798,6378,original,,,
2006-02-13,TX,200602,6551,6607,6522,6541,-22,-0.34%,28680,6541.0,27168,6541,6542,6798,6378,original,,,
2006-02-14,TX,200602,6528,6620,6512,6610,69,1.05%,31792,6610.0,18879,6609,6610,6798,6378,original,,,
2006-02-15,TX,200602,6600,6643,6574,6590,-20,-0.30%,15038,6590.0,10934,6589,6590,6798,6378,original,,,
2006-02-16,TX,200603,6590,6685,6582,6669,102,1.55%,48942,6669.0,32229,6668,6669,6795,5552,original,,,
2006-02-17,TX,200603,6701,6719,6640,6682,13,0.19%,39693,6682.0,33002,6681,6682,6795,5552,original,,,
2006-02-20,TX,200603,6660,6700,6620,6677,-5,-0.07%,36121,6677.0,32749,6676,6677,6795,5552,original,,,
2006-02-21,TX,200603,6699,6710,6626,6628,-49,-0.73%,35794,6628.0,33370,6628,6629,6795,5552,original,,,
2006-02-22,TX,200603,6631,6650,6495,6528,-100,-1.51%,55797,6528.0,32156,6528,6529,6795,5552,original,,,
2006-02-23,TX,200603,6545,6548,6464,6493,-35,-0.54%,41063,6493.0,34180,6492,6493,6795,5552,original,,,
2006-02-24,TX,200603,6495,6533,6477,6527,34,0.52%,33242,6527.0,34250,6527,6528,6795,5552,original,,,
2006-02-27,TX,200603,6514,6548,6473,6530,3,0.05%,31587,6530.0,34606,6530,6531,6795,5552,original,,,
2006-03-01,TX,200603,6512,6618,6483,6582,52,0.80%,44348,6582.0,33957,6582,6583,6795,5552,original,,,
2006-03-02,TX,200603,6614,6647,6598,6617,35,0.53%,35536,6617.0,37477,6617,6618,6795,5552,original,,,
2006-03-03,TX,200603,6610,6622,6495,6503,-114,-1.72%,43846,6503.0,35655,6502,6503,6795,5552,original,,,
2006-03-06,TX,200603,6500,6550,6485,6548,45,0.69%,30517,6548.0,37463,6547,6548,6795,5552,original,,,
2006-03-07,TX,200603,6510,6513,6455,6475,-73,-1.11%,37478,6475.0,36920,6475,6476,6795,5552,original,,,
2006-03-08,TX,200603,6460,6505,6405,6455,-20,-0.31%,48943,6455.0,33007,6454,6455,6795,5552,original,,,
2006-03-09,TX,200603,6460,6500,6451,6477,22,0.34%,30782,6477.0,33080,6477,6478,6795,5552,original,,,
2006-03-10,TX,200603,6477,6513,6442,6467,-10,-0.15%,40901,6467.0,31031,6467,6468,6795,5552,original,,,
2006-03-13,TX,200603,6510,6535,6485,6535,68,1.05%,26800,6535.0,28347,6533,6535,6795,5552,original,,,
2006-03-14,TX,200603,6522,6525,6416,6454,-81,-1.24%,36681,6454.0,19150,6454,6455,6795,5552,original,,,
2006-03-15,TX,200603,6479,6535,6464,6510,56,0.87%,19982,6510.0,11057,6510,6511,6795,5552,original,,,
2006-03-16,TX,200604,6492,6554,6448,6448,-34,-0.52%,55910,6448.0,37700,6448,6449,6719,6390,original,,,
2006-03-17,TX,200604,6450,6483,6422,6478,30,0.47%,32944,6478.0,39265,6478,6479,6719,6390,original,,,
2006-03-20,TX,200604,6498,6525,6457,6496,18,0.28%,37693,6496.0,40780,6495,6496,6719,6390,original,,,
2006-03-21,TX,200604,6488,6513,6443,6450,-46,-0.71%,40546,6450.0,40796,6449,6450,6719,6390,original,,,
2006-03-22,TX,200604,6415,6417,6357,6361,-89,-1.38%,46240,6361.0,39815,6360,6361,6719,6357,original,,,
2006-03-23,TX,200604,6373,6387,6323,6358,-3,-0.05%,36717,6358.0,39995,6358,6359,6719,6323,original,,,
2006-03-24,TX,200604,6344,6375,6338,6366,8,0.13%,24238,6366.0,39779,6365,6366,6719,6323,original,,,
2006-03-27,TX,200604,6386,6396,6364,6390,24,0.38%,18537,6390.0,40816,6389,6390,6719,6323,original,,,
2006-03-28,TX,200604,6379,6425,6375,6405,15,0.23%,27770,6405.0,43399,6405,6406,6719,6323,original,,,
2006-03-29,TX,200604,6385,6451,6375,6440,35,0.55%,35201,6440.0,47023,6439,6440,6719,6323,original,,,
2006-03-30,TX,200604,6463,6518,6454,6487,47,0.73%,43072,6487.0,48588,6487,6488,6719,6323,original,,,
2006-03-31,TX,200604,6501,6590,6492,6561,74,1.14%,41291,6561.0,48242,6560,6561,6719,6323,original,,,
2006-04-03,TX,200604,6583,6638,6564,6638,77,1.17%,30043,6638.0,49071,6637,6638,6719,6323,original,,,
2006-04-04,TX,200604,6629,6643,6613,6630,-8,-0.12%,21774,6630.0,49059,6630,6631,6719,6323,original,,,
2006-04-06,TX,200604,6677,6733,6668,6727,97,1.46%,29681,6727.0,49264,6726,6728,6733,6323,original,,,
2006-04-07,TX,200604,6728,6791,6701,6751,24,0.36%,34751,6751.0,46368,6751,6752,6791,6323,original,,,
2006-04-10,TX,200604,6722,6828,6713,6779,28,0.41%,48184,6779.0,47207,6778,6779,6828,6323,original,,,
2006-04-11,TX,200604,6752,6768,6709,6755,-24,-0.35%,33134,6755.0,44158,6755,6756,6828,6323,original,,,
2006-04-12,TX,200604,6711,6809,6695,6808,53,0.78%,53379,6808.0,43017,6806,6808,6828,6323,original,,,
2006-04-13,TX,200604,6819,6867,6812,6866,58,0.85%,37579,6866.0,42894,6866,6867,6867,6323,original,,,
2006-04-14,TX,200604,6880,6986,6860,6984,118,1.72%,42551,6984.0,38042,6984,6985,6986,6323,original,,,
2006-04-17,TX,200604,6971,7035,6963,6986,2,0.03%,40534,6986.0,34255,6986,6988,7035,6323,original,,,
2006-04-18,TX,200604,7008,7008,6911,6983,-3,-0.04%,38280,6983.0,27355,6983,6984,7035,6323,original,,,
2006-04-19,TX,200604,7114,7126,7030,7042,59,0.84%,22187,7042.0,22086,7042,7045,7126,6323,original,,,
2006-04-20,TX,200605,7047,7125,7031,7121,68,0.96%,52886,7121.0,36695,7121,7122,7125,6315,original,,,
2006-04-21,TX,200605,7131,7159,7082,7105,-16,-0.22%,38249,7105.0,36129,7105,7106,7159,6315,original,,,
2006-04-24,TX,200605,7053,7133,7033,7081,-24,-0.34%,41657,7081.0,36745,7081,7082,7159,6315,original,,,
2006-04-25,TX,200605,7085,7153,7028,7053,-28,-0.40%,49974,7053.0,34346,7052,7053,7159,6315,original,,,
2006-04-26,TX,200605,7071,7208,7045,7208,155,2.20%,43395,7208.0,37237,7207,7209,7208,6315,original,,,
2006-04-27,TX,200605,7233,7234,7157,7176,-32,-0.44%,45862,7176.0,37081,7175,7176,7234,6315,original,,,
2006-04-28,TX,200605,7153,7215,7093,7180,4,0.06%,46131,7180.0,35958,7178,7180,7234,6315,original,,,
2006-05-02,TX,200605,7172,7222,7135,7219,39,0.54%,40395,7219.0,37895,7218,7219,7234,6315,original,,,
2006-05-03,TX,200605,7250,7289,7245,7267,48,0.66%,35619,7267.0,38409,7266,7267,7289,6315,original,,,
2006-05-04,TX,200605,7267,7375,7251,7375,108,1.49%,42418,7375.0,39555,7374,7375,7375,6315,original,,,
2006-05-05,TX,200605,7378,7498,7362,7421,46,0.62%,51836,7421.0,41074,7421,7422,7498,6315,original,,,
2006-05-08,TX,200605,7470,7518,7436,7518,97,1.31%,30678,7518.0,42166,7517,7518,7518,6315,original,,,
2006-05-09,TX,200605,7493,7514,7392,7392,-126,-1.68%,56421,7392.0,42981,7392,7393,7518,6315,original,,,
2006-05-10,TX,200605,7401,7446,7280,7318,-74,-1.00%,65982,7318.0,40980,7317,7318,7518,6315,original,,,
2006-05-11,TX,200605,7300,7377,7273,7369,51,0.70%,43606,7369.0,39238,7368,7369,7518,6315,original,,,
2006-05-12,TX,200605,7273,7312,7252,7257,-112,-1.52%,42212,7257.0,36216,7257,7258,7518,6315,original,,,
2006-05-15,TX,200605,7189,7214,7150,7153,-104,-1.43%,33060,7153.0,31436,7153,7154,7518,6315,original,,,
2006-05-16,TX,200605,7156,7178,7022,7022,-131,-1.83%,40184,7022.0,23479,7022,7023,7518,6315,original,,,
2006-05-17,TX,200605,7036,7145,7035,7111,89,1.27%,24239,7111.0,12714,7111,7114,7518,6315,original,,,
2006-05-18,TX,200606,6977,7005,6943,7000,-104,-1.46%,41162,7000.0,32449,6999,7000,7510,5650,original,,,
2006-05-19,TX,200606,6980,7066,6971,7042,42,0.60%,35174,7042.0,33307,7041,7042,7510,5650,original,,,
2006-05-22,TX,200606,7054,7081,6865,6868,-174,-2.47%,46371,6868.0,33283,6867,6868,7510,5650,original,,,
2006-05-23,TX,200606,6829,6901,6806,6844,-24,-0.35%,49188,6844.0,35230,6844,6845,7510,5650,original,,,
2006-05-24,TX,200606,6836,6919,6767,6890,46,0.67%,70600,6890.0,35742,6890,6891,7510,5650,original,,,
2006-05-25,TX,200606,6863,6897,6814,6855,-35,-0.51%,39864,6855.0,37139,6854,6855,7510,5650,original,,,
2006-05-26,TX,200606,6927,6960,6843,6872,17,0.25%,43097,6872.0,37452,6871,6872,7510,5650,original,,,
2006-05-29,TX,200606,6905,6923,6857,6891,19,0.28%,27085,6891.0,37880,6891,6892,7510,5650,original,,,
2006-05-30,TX,200606,6904,6913,6805,6844,-47,-0.68%,49838,6844.0,36119,6844,6845,7510,5650,original,,,
2006-06-01,TX,200606,6864,6897,6830,6854,10,0.15%,30427,6854.0,35394,6854,6855,7510,5650,original,,,
2006-06-02,TX,200606,6915,6968,6845,6967,113,1.65%,44918,6967.0,33445,6966,6967,7510,5650,original,,,
2006-06-05,TX,200606,6947,6964,6645,6678,-289,-4.15%,56135,6678.0,35500,6678,6679,7510,5650,original,,,
2006-06-06,TX,200606,6622,6712,6592,6689,11,0.16%,52334,6689.0,34731,6688,6689,7510,5650,original,,,
2006-06-07,TX,200606,6656,6668,6576,6576,-113,-1.69%,46653,6576.0,37763,6576,6577,7510,5650,original,,,
2006-06-08,TX,200606,6525,6547,6211,6216,-360,-5.47%,74759,6216.0,36227,6215,6216,7510,5650,original,,,
2006-06-09,TX,200606,6294,6415,6220,6375,159,2.56%,70824,6375.0,31171,6373,6375,7510,5650,original,,,
2006-06-12,TX,200606,6332,6409,6266,6379,4,0.06%,50729,6379.0,30765,6378,6379,7510,5650,original,,,
2006-06-13,TX,200606,6282,6344,6230,6270,-109,-1.71%,52290,6270.0,31709,6269,6270,7510,5650,original,,,
2006-06-14,TX,200606,6253,6470,6253,6465,195,3.11%,57589,6465.0,30179,6465,6466,7510,5650,original,,,
2006-06-15,TX,200606,6488,6505,6356,6409,-56,-0.87%,51995,6409.0,28728,6408,6410,7510,5650,original,,,
2006-06-16,TX,200606,6650,6667,6521,6580,171,2.67%,44190,6580.0,26921,6578,6580,7510,5650,original,,,
2006-06-19,TX,200606,6566,6595,6536,6575,-5,-0.08%,28420,6575.0,24437,6574,6575,7510,5650,original,,,
2006-06-20,TX,200606,6565,6565,6261,6359,-216,-3.29%,53447,6359.0,18316,6358,6359,7510,5650,original,,,
2006-06-21,TX,200606,6362,6415,6302,6316,-43,-0.68%,20587,6316.0,15160,6316,6317,7510,5650,original,,,
2006-06-22,TX,200607,6339,6451,6330,6430,176,2.81%,43047,6430.0,23878,6430,6431,7030,6170,original,,,
2006-06-23,TX,200607,6390,6405,6270,6377,-53,-0.82%,52097,6377.0,24153,6376,6377,7030,6170,original,,,
2006-06-26,TX,200607,6405,6513,6375,6481,104,1.63%,36611,6481.0,25637,6481,6482,7030,6170,original,,,
2006-06-27,TX,200607,6475,6575,6445,6515,34,0.52%,53268,6515.0,27056,6515,6516,7030,6170,original,,,
2006-06-28,TX,200607,6435,6466,6396,6455,-60,-0.92%,36982,6455.0,27723,6455,6456,7030,6170,original,,,
2006-06-29,TX,200607,6488,6553,6487,6535,80,1.24%,42461,6535.0,26695,6534,6535,7030,6170,original,,,
2006-06-30,TX,200607,6672,6685,6626,6655,120,1.84%,31052,6655.0,26417,6654,6655,7030,6170,original,,,
2006-07-03,TX,200607,6665,6675,6637,6666,11,0.17%,18313,6666.0,28135,6665,6666,7030,6170,original,,,
2006-07-04,TX,200607,6690,6730,6639,6668,2,0.03%,38372,6668.0,29440,6667,6668,7030,6170,original,,,
2006-07-05,TX,200607,6646,6668,6570,6570,-98,-1.47%,39808,6570.0,29204,6568,6570,7030,6170,original,,,
2006-07-06,TX,200607,6551,6585,6525,6579,9,0.14%,38115,6579.0,29384,6579,6580,7030,6170,original,,,
2006-07-07,TX,200607,6578,6588,6545,6558,-21,-0.32%,24849,6558.0,29032,6557,6558,7030,6170,original,,,
2006-07-10,TX,200607,6511,6659,6485,6659,101,1.54%,37308,6659.0,29691,6658,6659,7030,6170,original,,,
2006-07-11,TX,200607,6610,6650,6592,6598,-61,-0.92%,29751,6598.0,29969,6598,6599,7030,6170,original,,,
2006-07-12,TX,200607,6603,6690,6530,6579,-19,-0.29%,53264,6579.0,30117,6579,6580,7030,6170,original,,,
2006-07-13,TX,200607,6538,6576,6506,6516,-63,-0.96%,35590,6516.0,29397,6516,6517,7030,6170,original,,,
2006-07-14,TX,200607,6426,6430,6333,6368,-148,-2.27%,43041,6368.0,26869,6367,6368,7030,6170,original,,,
2006-07-17,TX,200607,6342,6362,6153,6221,-147,-2.31%,42713,6221.0,21969,6220,6221,7030,6153,original,,,
2006-07-18,TX,200607,6202,6277,6202,6266,45,0.72%,28311,6266.0,17149,6265,6266,7030,6153,original,,,
2006-07-19,TX,200607,6280,6340,6253,6266,0,0.00%,20676,6266.0,9027,6265,6266,7030,6153,original,,,
2006-07-20,TX,200608,6259,6339,6257,6339,221,3.61%,39806,6339.0,24674,6338,6339,6688,6052,original,,,
2006-07-21,TX,200608,6272,6300,6235,6292,-47,-0.74%,30885,6292.0,25988,6292,6293,6688,6052,original,,,
2006-07-24,TX,200608,6185,6247,6163,6238,-54,-0.86%,30122,6238.0,26578,6238,6239,6688,6052,original,,,
2006-07-25,TX,200608,6348,6367,6295,6315,77,1.23%,29392,6315.0,26178,6314,6315,6688,6052,original,,,
2006-07-26,TX,200608,6308,6348,6266,6292,-23,-0.36%,36527,6292.0,26708,6291,6292,6688,6052,original,,,
2006-07-27,TX,200608,6292,6408,6283,6401,109,1.73%,42213,6401.0,26606,6401,6402,6688,6052,original,,,
2006-07-28,TX,200608,6381,6425,6346,6396,-5,-0.08%,34105,6396.0,27286,6395,6396,6688,6052,original,,,
2006-07-31,TX,200608,6456,6468,6326,6361,-35,-0.55%,42815,6361.0,29820,6360,6361,6688,6052,original,,,
2006-08-01,TX,200608,6371,6415,6345,6379,18,0.28%,33712,6379.0,28610,6378,6379,6688,6052,original,,,
2006-08-02,TX,200608,6349,6454,6339,6439,60,0.94%,35217,6439.0,28030,6438,6439,6688,6052,original,,,
2006-08-03,TX,200608,6459,6469,6396,6408,-31,-0.48%,35058,6408.0,29441,6408,6409,6688,6052,original,,,
2006-08-04,TX,200608,6440,6444,6348,6366,-42,-0.66%,36034,6366.0,30989,6365,6366,6688,6052,original,,,
2006-08-07,TX,200608,6352,6402,6336,6350,-16,-0.25%,31285,6350.0,30790,6349,6350,6688,6052,original,,,
2006-08-08,TX,200608,6370,6501,6368,6501,151,2.38%,37968,6501.0,28581,6501,6502,6688,6052,original,,,
2006-08-09,TX,200608,6471,6580,6449,6580,79,1.22%,39843,6580.0,29151,6580,6581,6688,6052,original,,,
2006-08-10,TX,200608,6543,6598,6517,6555,-25,-0.38%,42468,6555.0,27376,6555,6556,6688,6052,original,,,
2006-08-11,TX,200608,6556,6585,6528,6538,-17,-0.26%,26788,6538.0,26655,6537,6538,6688,6052,original,,,
2006-08-14,TX,200608,6557,6638,6550,6595,57,0.87%,33840,6595.0,23127,6595,6598,6688,6052,original,,,
2006-08-15,TX,200608,6585,6612,6571,6607,12,0.18%,22235,6607.0,16994,6606,6608,6688,6052,original,,,
2006-08-16,TX,200608,6659,6702,6657,6692,85,1.29%,15698,6692.0,7900,6692,6693,6702,6052,original,,,
2006-08-17,TX,200609,6722,6734,6685,6695,24,0.36%,31341,6695.0,28091,6695,6696,7338,5600,original,,,
2006-08-18,TX,200609,6709,6716,6691,6698,3,0.04%,16755,6698.0,29023,6697,6698,7338,5600,original,,,
2006-08-21,TX,200609,6688,6694,6443,6460,-238,-3.55%,51454,6460.0,31366,6460,6461,7338,5600,original,,,
2006-08-22,TX,200609,6500,6546,6467,6539,79,1.22%,30828,6539.0,31057,6538,6539,7338,5600,original,,,
2006-08-23,TX,200609,6525,6545,6375,6515,-24,-0.37%,54678,6515.0,32961,6515,6516,7338,5600,original,,,
2006-08-24,TX,200609,6482,6529,6465,6515,0,0.00%,31298,6515.0,33948,6515,6516,7338,5600,original,,,
2006-08-25,TX,200609,6515,6585,6476,6489,-26,-0.40%,35082,6489.0,34516,6489,6490,7338,5600,original,,,
2006-08-28,TX,200609,6501,6509,6382,6402,-87,-1.34%,38685,6402.0,35494,6402,6403,7338,5600,original,,,
2006-08-29,TX,200609,6450,6462,6421,6439,37,0.58%,20856,6439.0,36502,6439,6440,7338,5600,original,,,
2006-08-30,TX,200609,6454,6585,6433,6563,124,1.93%,42254,6563.0,34376,6563,6564,7338,5600,original,,,
2006-08-31,TX,200609,6585,6648,6580,6621,58,0.88%,37036,6621.0,35390,6621,6622,7338,5600,original,,,
2006-09-01,TX,200609,6620,6648,6606,6646,25,0.38%,19448,6646.0,36996,6645,6646,7338,5600,original,,,
2006-09-04,TX,200609,6691,6755,6688,6738,92,1.38%,30208,6738.0,38513,6738,6739,7338,5600,original,,,
2006-09-05,TX,200609,6738,6749,6712,6738,0,0.00%,18901,6738.0,39346,6738,6739,7338,5600,original,,,
2006-09-06,TX,200609,6727,6736,6603,6653,-85,-1.26%,42708,6653.0,38570,6652,6653,7338,5600,original,,,
2006-09-07,TX,200609,6615,6680,6582,6640,-13,-0.20%,37185,6640.0,37531,6640,6641,7338,5600,original,,,
2006-09-08,TX,200609,6620,6699,6603,6696,56,0.84%,36646,6696.0,38268,6695,6696,7338,5600,original,,,
2006-09-11,TX,200609,6684,6810,6622,6648,-48,-0.72%,53917,6648.0,37542,6647,6648,7338,5600,original,,,
2006-09-12,TX,200609,6631,6678,6588,6588,-60,-0.90%,36788,6588.0,34930,6588,6589,7338,5600,original,,,
2006-09-13,TX,200609,6651,6670,6606,6644,56,0.85%,31146,6644.0,35874,6643,6644,7338,5600,original,,,
2006-09-14,TX,200609,6650,6689,6504,6579,-65,-0.98%,57041,6579.0,34180,6579,6580,7338,5600,original,,,
2006-09-15,TX,200609,6597,6675,6554,6669,90,1.37%,40687,6669.0,31505,6668,6669,7338,5600,original,,,
2006-09-18,TX,200609,6789,6900,6730,6895,226,3.39%,44150,6895.0,26784,6894,6895,7338,5600,original,,,
2006-09-19,TX,200609,6901,6923,6862,6876,-19,-0.28%,28810,6876.0,19843,6876,6879,7338,5600,original,,,
2006-09-20,TX,200609,6850,6895,6820,6880,4,0.06%,19392,6880.0,12254,6880,6882,7338,5600,original,,,
2006-09-21,TX,200610,6900,6920,6816,6880,18,0.26%,46723,6880.0,34317,6880,6881,6920,6363,original,,,
2006-09-22,TX,200610,6846,6872,6830,6858,-22,-0.32%,28471,6858.0,34266,6857,6858,6920,6363,original,,,
2006-09-25,TX,200610,6843,6925,6821,6925,67,0.98%,43446,6925.0,33465,6925,6926,6925,6363,original,,,
2006-09-26,TX,200610,6915,6955,6887,6900,-25,-0.36%,32795,6900.0,35895,6900,6901,6955,6363,original,,,
2006-09-27,TX,200610,6954,6965,6917,6955,55,0.80%,32825,6955.0,36199,6954,6955,6965,6363,original,,,
2006-09-28,TX,200610,6960,6983,6843,6864,-91,-1.31%,45437,6864.0,36653,6864,6865,6983,6363,original,,,
2006-09-29,TX,200610,6880,6894,6847,6877,13,0.19%,25305,6877.0,36375,6876,6877,6983,6363,original,,,
2006-10-02,TX,200610,6870,6975,6860,6959,82,1.19%,38959,6959.0,36186,6959,6960,6983,6363,original,,,
2006-10-03,TX,200610,6947,6963,6925,6940,-19,-0.27%,21877,6940.0,35986,6940,6941,6983,6363,original,,,
2006-10-04,TX,200610,6948,6970,6856,6867,-73,-1.05%,38041,6867.0,35930,6866,6867,6983,6363,original,,,
2006-10-05,TX,200610,6934,7015,6920,7012,145,2.11%,39715,7012.0,35111,7011,7012,7015,6363,original,,,
2006-10-11,TX,200610,7043,7058,6987,7009,-3,-0.04%,19733,7009.0,35814,7009,7010,7058,6363,original,,,
2006-10-12,TX,200610,7012,7038,6965,6981,-28,-0.40%,28286,6981.0,35253,6981,6982,7058,6363,original,,,
2006-10-13,TX,200610,7066,7109,7039,7080,99,1.42%,32782,7080.0,33402,7080,7081,7109,6363,original,,,
2006-10-14,TX,200610,7089,7102,7070,7102,22,0.31%,14484,7102.0,32519,7101,7102,7109,6363,original,,,
2006-10-16,TX,200610,7111,7164,7093,7143,41,0.58%,29394,7143.0,29046,7142,7143,7164,6363,original,,,
2006-10-17,TX,200610,7140,7140,7076,7076,-67,-0.94%,29787,7076.0,19117,7075,7076,7164,6363,original,,,
2006-10-18,TX,200610,7051,7057,6976,7025,-51,-0.72%,22247,7025.0,8918,7024,7025,7164,6363,original,,,
2006-10-19,TX,200611,7004,7033,6961,6981,-38,-0.54%,32306,6981.0,33856,6980,6981,7152,6820,original,,,
2006-10-20,TX,200611,7007,7026,6997,7017,36,0.52%,19252,7017.0,34405,7017,7018,7152,6820,original,,,
2006-10-23,TX,200611,7028,7050,6977,7049,32,0.46%,25923,7049.0,34140,7048,7049,7152,6820,original,,,
2006-10-24,TX,200611,7074,7120,7058,7097,48,0.68%,31856,7097.0,35414,7096,7097,7152,6820,original,,,
2006-10-25,TX,200611,7085,7105,7060,7060,-37,-0.52%,24986,7060.0,35804,7059,7060,7152,6820,original,,,
2006-10-26,TX,200611,7080,7125,7072,7093,33,0.47%,29245,7093.0,37227,7092,7093,7152,6820,original,,,
2006-10-27,TX,200611,7110,7130,7077,7093,0,0.00%,25496,7093.0,38032,7092,7093,7152,6820,original,,,
2006-10-30,TX,200611,7035,7035,6976,6981,-112,-1.58%,35126,6981.0,37051,6981,6982,7152,6820,original,,,
2006-10-31,TX,200611,6981,7009,6966,7002,21,0.30%,19002,7002.0,38760,7001,7002,7152,6820,original,,,
2006-11-01,TX,200611,6999,7025,6992,7003,1,0.01%,17726,7003.0,38652,7003,7004,7152,6820,original,,,
2006-11-02,TX,200611,6963,7072,6956,7063,60,0.86%,35289,7063.0,37000,7062,7063,7152,6820,original,,,
2006-11-03,TX,200611,7077,7179,7055,7141,78,1.10%,38694,7141.0,38225,7141,7142,7179,6820,original,,,
2006-11-06,TX,200611,7100,7156,7045,7115,-26,-0.36%,34569,7115.0,36465,7114,7115,7179,6820,original,,,
2006-11-07,TX,200611,7164,7211,7163,7183,68,0.96%,29299,7183.0,37742,7182,7183,7211,6820,original,,,
2006-11-08,TX,200611,7185,7190,7154,7156,-27,-0.38%,17501,7156.0,38424,7156,7157,7211,6820,original,,,
2006-11-09,TX,200611,7196,7232,7110,7128,-28,-0.39%,41875,7128.0,36632,7127,7128,7232,6820,original,,,
2006-11-10,TX,200611,7131,7164,7102,7162,34,0.48%,24567,7162.0,34399,7161,7162,7232,6820,original,,,
2006-11-13,TX,200611,7162,7178,7110,7132,-30,-0.42%,25746,7132.0,28801,7132,7133,7232,6820,original,,,
2006-11-14,TX,200611,7179,7212,7162,7206,74,1.04%,26040,7206.0,22070,7206,7207,7232,6820,original,,,
2006-11-15,TX,200611,7250,7266,7216,7247,41,0.57%,19349,7247.0,11143,7246,7247,7266,6820,original,,,
2006-11-16,TX,200612,7253,7270,7231,7248,14,0.19%,27623,7248.0,38315,7247,7248,7330,6052,original,,,
2006-11-17,TX,200612,7261,7274,7238,7257,9,0.12%,20089,7257.0,38986,7256,7257,7330,6052,original,,,
2006-11-20,TX,200612,7245,7248,7205,7220,-37,-0.51%,25021,7220.0,38917,7219,7220,7330,6052,original,,,
2006-11-21,TX,200612,7238,7311,7226,7306,86,1.19%,32372,7306.0,41682,7305,7306,7330,6052,original,,,
2006-11-22,TX,200612,7320,7345,7297,7343,37,0.51%,22689,7343.0,43857,7342,7343,7345,6052,original,,,
2006-11-23,TX,200612,7350,7427,7337,7394,51,0.69%,40116,7394.0,46184,7394,7395,7427,6052,original,,,
2006-11-24,TX,200612,7378,7437,7363,7433,39,0.53%,24044,7433.0,45843,7432,7433,7437,6052,original,,,
2006-11-27,TX,200612,7487,7515,7451,7510,77,1.04%,32533,7510.0,45570,7509,7510,7515,6052,original,,,
2006-11-28,TX,200612,7446,7475,7435,7454,-56,-0.75%,22049,7454.0,46253,7453,7454,7515,6052,original,,,
2006-11-29,TX,200612,7477,7498,7395,7465,11,0.15%,39880,7465.0,47970,7464,7465,7515,6052,original,,,
2006-11-30,TX,200612,7498,7553,7475,7542,77,1.03%,34317,7542.0,48477,7542,7543,7553,6052,original,,,
2006-12-01,TX,200612,7551,7626,7537,7612,70,0.93%,37466,7612.0,49645,7611,7612,7626,6052,original,,,
2006-12-04,TX,200612,7612,7674,7585,7658,46,0.60%,32018,7658.0,49457,7657,7658,7674,6052,original,,,
2006-12-05,TX,200612,7688,7704,7565,7610,-48,-0.63%,42122,7610.0,48902,7609,7610,7704,6052,original,,,
2006-12-06,TX,200612,7610,7714,7610,7714,104,1.37%,35769,7714.0,48521,7714,7715,7714,6052,original,,,
2006-12-07,TX,200612,7738,7738,7672,7698,-16,-0.21%,32712,7698.0,48916,7697,7698,7738,6052,original,,,
2006-12-08,TX,200612,7675,7679,7598,7633,-65,-0.84%,35681,7633.0,46316,7632,7633,7738,6052,original,,,
2006-12-11,TX,200612,7600,7639,7575,7614,-19,-0.25%,30621,7614.0,45635,7613,7614,7738,6052,original,,,
2006-12-12,TX,200612,7600,7608,7454,7467,-147,-1.93%,51804,7467.0,41248,7467,7468,7738,6052,original,,,
2006-12-13,TX,200612,7477,7500,7375,7450,-17,-0.23%,49738,7450.0,40233,7450,7451,7738,6052,original,,,
2006-12-14,TX,200612,7450,7491,7427,7478,28,0.38%,30195,7478.0,38733,7478,7479,7738,6052,original,,,
2006-12-15,TX,200612,7544,7568,7525,7540,62,0.83%,24152,7540.0,36001,7540,7541,7738,6052,original,,,
2006-12-18,TX,200612,7550,7668,7540,7634,94,1.25%,36449,7634.0,31716,7634,7635,7738,6052,original,,,
2006-12-19,TX,200612,7613,7675,7583,7593,-41,-0.54%,36552,7593.0,23747,7592,7593,7738,6052,original,,,
2006-12-20,TX,200612,7610,7678,7602,7662,69,0.91%,15925,7662.0,18956,7661,7663,7738,6052,original,,,
2006-12-21,TX,200701,7674,7710,7617,7642,-39,-0.51%,44642,7642.0,40906,7641,7642,7726,7203,original,,,
2006-12-22,TX,200701,7636,7692,7625,7692,50,0.65%,30690,7692.0,42185,7690,7692,7726,7203,original,,,
2006-12-25,TX,200701,7664,7698,7656,7679,-13,-0.17%,17995,7679.0,42603,7679,7680,7726,7203,original,,,
2006-12-26,TX,200701,7680,7802,7674,7789,110,1.43%,34596,7789.0,43964,7788,7789,7802,7203,original,,,
2006-12-27,TX,200701,7798,7845,7778,7795,6,0.08%,29812,7795.0,45632,7794,7795,7845,7203,original,,,
2006-12-28,TX,200701,7822,7840,7746,7800,5,0.06%,34566,7800.0,45143,7799,7800,7845,7203,original,,,
2006-12-29,TX,200701,7810,7888,7793,7880,80,1.03%,34940,7880.0,44365,7880,7881,7888,7203,original,,,
2007-01-02,TX,200701,7880,7992,7880,7988,108,1.37%,31340,7988,45884,7988,7989,7992,7203,original,,,
2007-01-03,TX,200701,8008,8035,7953,7989,1,0.01%,37179,7989,46572,7988,7989,8035,7203,original,,,
2007-01-04,TX,200701,7973,7996,7936,7976,-13,-0.16%,32038,7976,47313,7976,7977,8035,7203,original,,,
2007-01-05,TX,200701,7975,7989,7828,7830,-146,-1.83%,48656,7830,45543,7829,7830,8035,7203,original,,,
2007-01-08,TX,200701,7799,7808,7726,7736,-94,-1.20%,36132,7736,46045,7735,7736,8035,7203,original,,,
2007-01-09,TX,200701,7750,7835,7750,7822,86,1.11%,36861,7822,44689,7822,7823,8035,7203,original,,,
2007-01-10,TX,200701,7739,7761,7670,7693,-129,-1.65%,42190,7693,42043,7693,7694,8035,7203,original,,,
2007-01-11,TX,200701,7725,7738,7594,7626,-67,-0.87%,46898,7626,39135,7626,7627,8035,7203,original,,,
2007-01-12,TX,200701,7689,7795,7687,7786,160,2.10%,43724,7786,32658,7785,7786,8035,7203,original,,,
2007-01-15,TX,200701,7816,7833,7746,7804,18,0.23%,32962,7804,26322,7804,7805,8035,7203,original,,,
2007-01-16,TX,200701,7824,7847,7785,7815,11,0.14%,31978,7815,21870,7814,7815,8035,7203,original,,,
2007-01-17,TX,200701,7756,7856,7711,7835,20,0.26%,23325,7835,10862,7835,7836,8035,7203,original,,,
2007-01-18,TX,200702,7864,7930,7840,7922,57,0.72%,41441,7922,34003,7922,7923,8036,7605,original,,,
2007-01-19,TX,200702,7880,7921,7856,7862,-60,-0.76%,34809,7862,34329,7862,7863,8036,7605,original,,,
2007-01-22,TX,200702,7866,7903,7780,7885,23,0.29%,44400,7885,34361,7884,7885,8036,7605,original,,,
2007-01-23,TX,200702,7849,7892,7826,7885,0,0.00%,28102,7885,34760,7884,7885,8036,7605,original,,,
2007-01-24,TX,200702,7960,7996,7954,7993,108,1.37%,25656,7993,33014,7993,7994,8036,7605,original,,,
2007-01-25,TX,200702,8030,8033,7960,7975,-18,-0.23%,26050,7975,34437,7975,7976,8036,7605,original,,,
2007-01-26,TX,200702,7900,7915,7811,7837,-138,-1.73%,40760,7837,35843,7837,7838,8036,7605,original,,,
2007-01-29,TX,200702,7825,7857,7756,7787,-50,-0.64%,28290,7787,36336,7786,7787,8036,7605,original,,,
2007-01-30,TX,200702,7798,7807,7752,7769,-18,-0.23%,29544,7769,37197,7768,7769,8036,7605,original,,,
2007-01-31,TX,200702,7769,7793,7638,7734,-35,-0.45%,46446,7734,37407,7733,7734,8036,7605,original,,,
2007-02-01,TX,200702,7774,7786,7692,7740,6,0.08%,35069,7740,38466,7739,7740,8036,7605,original,,,
2007-02-02,TX,200702,7785,7839,7781,7810,70,0.90%,34328,7810,37479,7810,7811,8036,7605,original,,,
2007-02-05,TX,200702,7770,7836,7760,7779,-31,-0.40%,27962,7779,36841,7778,7779,8036,7605,original,,,
2007-02-06,TX,200702,7791,7896,7791,7889,110,1.41%,35426,7889,36411,7888,7889,8036,7605,original,,,
2007-02-07,TX,200702,7886,7899,7860,7868,-21,-0.27%,20412,7868,37224,7867,7868,8036,7605,original,,,
2007-02-08,TX,200702,7890,7907,7803,7870,2,0.03%,42625,7870,35278,7870,7871,8036,7605,original,,,
2007-02-09,TX,200702,7875,7925,7845,7884,14,0.18%,32858,7884,31774,7884,7885,8036,7605,original,,,
2007-02-12,TX,200702,7840,7844,7784,7792,-92,-1.17%,31133,7792,30861,7791,7792,8036,7605,original,,,
2007-02-13,TX,200702,7785,7830,7742,7743,-49,-0.63%,35858,7743,26755,7743,7744,8036,7605,original,,,
2007-02-14,TX,200702,7809,7841,7776,7833,90,1.16%,27208,7833,16811,7832,7833,8036,7605,original,,,
2007-02-26,TX,200702,7901,7945,7899,7899,66,0.84%,14654,7899,9487,7899,7900,8036,7605,original,,,
2007-02-27,TX,200703,7925,7970,7911,7925,-8,-0.10%,32570,7925,34274,7924,7925,8040,6005,original,,,
2007-03-01,TX,200703,7746,7771,7652,7660,-265,-3.34%,50519,7660,38034,7660,7661,8040,6005,original,,,
2007-03-02,TX,200703,7621,7694,7611,7668,8,0.10%,30154,7668,38599,7667,7668,8040,6005,original,,,
2007-03-03,TX,200703,7615,7640,7556,7589,-79,-1.03%,35595,7589,41254,7589,7590,8040,6005,original,,,
2007-03-05,TX,200703,7545,7548,7270,7285,-304,-4.01%,61878,7285,43632,7285,7286,8040,6005,original,,,
2007-03-06,TX,200703,7335,7425,7320,7409,124,1.70%,37007,7409,41816,7409,7410,8040,6005,original,,,
2007-03-07,TX,200703,7443,7469,7383,7427,18,0.24%,44177,7427,41203,7426,7427,8040,6005,original,,,
2007-03-08,TX,200703,7431,7534,7417,7523,96,1.29%,39855,7523,39583,7522,7523,8040,6005,original,,,
2007-03-09,TX,200703,7532,7566,7492,7517,-6,-0.08%,32239,7517,40734,7516,7518,8040,6005,original,,,
2007-03-12,TX,200703,7560,7595,7541,7595,0,0.00%,26540,7595,41197,7595,7596,8040,6005,original,,,
2007-03-13,TX,200703,7600,7643,7581,7624,29,0.38%,26140,7624,41561,7623,7624,8040,6005,original,,,
2007-03-14,TX,200703,7518,7518,7435,7469,-155,-2.03%,42852,7469,40314,7468,7469,8040,6005,original,,,
2007-03-15,TX,200703,7532,7677,7530,7652,183,2.45%,39038,7652,38004,7652,7653,8040,6005,original,,,
2007-03-16,TX,200703,7597,7724,7580,7666,14,0.18%,38393,7666,35210,7666,7667,8040,6005,original,,,
2007-03-19,TX,200703,7698,7733,7660,7710,44,0.57%,29624,7710,29856,7709,7710,8040,6005,original,,,
2007-03-20,TX,200703,7750,7772,7703,7721,11,0.14%,25915,7721,20904,7720,7721,8040,6005,original,,,
2007-03-21,TX,200703,7750,7761,7715,7753,32,0.41%,15264,7753,13321,7752,7753,8040,6005,original,,,
2007-03-22,TX,200704,7826,7856,7812,7829,100,1.29%,32326,7829,35486,7829,7830,7971,7273,original,,,
2007-03-23,TX,200704,7840,7894,7803,7855,26,0.33%,35621,7855,36432,7855,7856,7971,7273,original,,,
2007-03-26,TX,200704,7874,7891,7844,7883,28,0.36%,18563,7883,38108,7883,7884,7971,7273,original,,,
2007-03-27,TX,200704,7858,7940,7812,7824,-59,-0.75%,44457,7824,38592,7823,7824,7971,7273,original,,,
2007-03-28,TX,200704,7816,7833,7736,7750,-74,-0.95%,38366,7750,36852,7750,7751,7971,7273,original,,,
2007-03-29,TX,200704,7735,7855,7704,7838,88,1.14%,42427,7838,39028,7838,7839,7971,7273,original,,,
2007-03-30,TX,200704,7850,7878,7794,7834,-4,-0.05%,33221,7834,38588,7833,7834,7971,7273,original,,,
2007-04-02,TX,200704,7863,7915,7812,7849,15,0.19%,38270,7849,39081,7849,7850,7971,7273,original,,,
2007-04-03,TX,200704,7867,7921,7825,7919,70,0.89%,33861,7919,40881,7918,7919,7971,7273,original,,,
2007-04-04,TX,200704,7980,8012,7956,7999,80,1.01%,38073,7999,43026,7998,7999,8012,7273,original,,,
2007-04-09,TX,200704,8039,8072,8026,8072,73,0.91%,27923,8072,45976,8072,8073,8072,7273,original,,,
2007-04-10,TX,200704,8054,8066,8005,8053,-19,-0.24%,30335,8053,44920,8053,8054,8072,7273,original,,,
2007-04-11,TX,200704,8075,8106,8045,8095,42,0.52%,32416,8095,45641,8094,8095,8106,7273,original,,,
2007-04-12,TX,200704,8038,8094,8036,8077,-18,-0.22%,27047,8077,45074,8076,8077,8106,7273,original,,,
2007-04-13,TX,200704,8096,8098,7973,7990,-87,-1.08%,46821,7990,41321,7989,7990,8106,7273,original,,,
2007-04-14,TX,200704,8020,8067,8009,8067,77,0.96%,17797,8067,40348,8066,8067,8106,7273,original,,,
2007-04-16,TX,200704,8078,8095,8022,8057,-10,-0.12%,35553,8057,37233,8057,8058,8106,7273,original,,,
2007-04-17,TX,200704,8100,8110,7954,7964,-93,-1.15%,44842,7964,26637,7964,7965,8110,7273,original,,,
2007-04-18,TX,200704,7992,8010,7943,8010,46,0.58%,18882,8010,23351,8010,8011,8110,7273,original,,,
2007-04-19,TX,200705,7967,7981,7827,7839,-168,-2.10%,53798,7839,41100,7838,7839,8125,7710,original,,,
2007-04-20,TX,200705,7895,7911,7869,7887,48,0.61%,25520,7887,38313,7887,7888,8125,7710,original,,,
2007-04-23,TX,200705,7980,8059,7977,8016,129,1.64%,41605,8016,38736,8015,8016,8125,7710,original,,,
2007-04-24,TX,200705,8000,8045,7968,8038,22,0.27%,37592,8038,39202,8038,8039,8125,7710,original,,,
2007-04-25,TX,200705,8001,8009,7951,7960,-78,-0.97%,38631,7960,38379,7960,7961,8125,7710,original,,,
2007-04-26,TX,200705,8037,8040,7973,8002,42,0.53%,30959,8002,38252,8001,8002,8125,7710,original,,,
2007-04-27,TX,200705,8001,8017,7920,7946,-56,-0.70%,38300,7946,37179,7945,7946,8125,7710,original,,,
2007-04-30,TX,200705,7926,7935,7825,7850,-96,-1.21%,38588,7850,38773,7849,7850,8125,7710,original,,,
2007-05-02,TX,200705,7854,7924,7850,7896,46,0.59%,31632,7896,40106,7896,7897,8125,7710,original,,,
2007-05-03,TX,200705,7943,7959,7843,7936,40,0.51%,46485,7936,41018,7936,7937,8125,7710,original,,,
2007-05-04,TX,200705,7973,8080,7960,8057,121,1.52%,42442,8057,41010,8057,8058,8125,7710,original,,,
2007-05-07,TX,200705,8101,8133,8082,8114,57,0.71%,30749,8114,41872,8113,8114,8133,7710,original,,,
2007-05-08,TX,200705,8114,8123,8063,8072,-42,-0.52%,34102,8072,40156,8072,8073,8133,7710,original,,,
2007-05-09,TX,200705,8080,8094,8040,8068,-4,-0.05%,34187,8068,39195,8067,8068,8133,7710,original,,,
2007-05-10,TX,200705,8098,8115,8072,8109,41,0.51%,26439,8109,38738,8108,8109,8133,7710,original,,,
2007-05-11,TX,200705,8029,8045,8003,8021,-88,-1.09%,34106,8021,34582,8021,8022,8133,7710,original,,,
2007-05-14,TX,200705,8063,8088,8021,8044,23,0.29%,31220,8044,31133,8044,8045,8133,7710,original,,,
2007-05-15,TX,200705,8024,8039,7950,7969,-75,-0.93%,40725,7969,21812,7968,7969,8133,7710,original,,,
2007-05-16,TX,200705,7932,7995,7932,7991,22,0.28%,15997,7991,14956,7990,7991,8133,7710,original,,,
2007-05-17,TX,200706,8000,8058,8000,8015,50,0.63%,37732,8015,33129,8014,8015,8111,6220,original,,,
2007-05-18,TX,200706,8015,8036,7971,8030,15,0.19%,30649,8030,32078,8030,8031,8111,6220,original,,,
2007-05-21,TX,200706,8050,8135,8016,8122,92,1.15%,47037,8122,36422,8121,8122,8135,6220,original,,,
2007-05-22,TX,200706,8132,8178,8119,8176,54,0.66%,34802,8176,38832,8176,8177,8178,6220,original,,,
2007-05-23,TX,200706,8199,8221,8178,8204,28,0.34%,29667,8204,38916,8203,8204,8221,6220,original,,,
2007-05-24,TX,200706,8188,8213,8162,8170,-34,-0.41%,30996,8170,39953,8170,8171,8221,6220,original,,,
2007-05-25,TX,200706,8115,8142,8095,8134,-36,-0.44%,29357,8134,37521,8133,8134,8221,6220,original,,,
2007-05-28,TX,200706,8151,8173,8140,8154,20,0.25%,20495,8154,37454,8153,8154,8221,6220,original,,,
2007-05-29,TX,200706,8153,8208,8125,8168,14,0.17%,36991,8168,37582,8167,8168,8221,6220,original,,,
2007-05-30,TX,200706,8163,8166,8073,8111,-57,-0.70%,45902,8111,37507,8111,8112,8221,6220,original,,,
2007-05-31,TX,200706,8199,8200,8145,8171,60,0.74%,33935,8171,35770,8171,8172,8221,6220,original,,,
2007-06-01,TX,200706,8201,8252,8201,8232,61,0.75%,30878,8232,37780,8232,8233,8252,6220,original,,,
2007-06-04,TX,200706,8265,8287,8240,8257,25,0.30%,24926,8257,39353,8256,8257,8287,6220,original,,,
2007-06-05,TX,200706,8247,8271,8216,8254,-3,-0.04%,33482,8254,38207,8253,8254,8287,6220,original,,,
2007-06-06,TX,200706,8253,8333,8237,8285,31,0.38%,43403,8285,40256,8285,8286,8333,6220,original,,,
2007-06-07,TX,200706,8222,8338,8211,8336,51,0.62%,40731,8336,41668,8335,8336,8338,6220,original,,,
2007-06-08,TX,200706,8236,8284,8226,8276,-60,-0.72%,37950,8276,41402,8276,8277,8338,6220,original,,,
2007-06-11,TX,200706,8301,8325,8292,8313,37,0.45%,23889,8313,40387,8312,8313,8338,6220,original,,,
2007-06-12,TX,200706,8330,8350,8304,8338,25,0.30%,32051,8338,41189,8338,8339,8350,6220,original,,,
2007-06-13,TX,200706,8311,8353,8305,8331,-7,-0.08%,27311,8331,41340,8331,8332,8353,6220,original,,,
2007-06-14,TX,200706,8397,8453,8383,8443,112,1.34%,37951,8443,41369,8442,8443,8453,6220,original,,,
2007-06-15,TX,200706,8491,8595,8471,8595,152,1.80%,41472,8595,33093,8594,8595,8595,6220,original,,,
2007-06-20,TX,200706,8643,8816,8631,8770,175,2.04%,39099,8770,29135,8768,8770,8816,6220,original,,,
2007-06-21,TX,200707,8768,8897,8693,8862,125,1.43%,73073,8862,42976,8862,8863,8897,7909,original,,,
2007-06-22,TX,200707,8880,8885,8782,8825,-37,-0.42%,45593,8825,45140,8825,8826,8897,7909,original,,,
2007-06-23,TX,200707,8762,8797,8760,8770,-55,-0.62%,19549,8770,46593,8770,8772,8897,7909,original,,,
2007-06-25,TX,200707,8790,8965,8785,8913,143,1.63%,50431,8913,49130,8912,8913,8965,7909,original,,,
2007-06-26,TX,200707,8901,8935,8808,8840,-73,-0.82%,43813,8840,51413,8839,8840,8965,7909,original,,,
2007-06-27,TX,200707,8792,8857,8752,8776,-64,-0.72%,45178,8776,51372,8776,8777,8965,7909,original,,,
2007-06-28,TX,200707,8830,8860,8792,8838,62,0.71%,41259,8838,53587,8837,8838,8965,7909,original,,,
2007-06-29,TX,200707,8868,8888,8778,8808,-30,-0.34%,41445,8808,54120,8808,8809,8965,7909,original,,,
2007-07-02,TX,200707,8800,8896,8755,8895,87,0.99%,42687,8895,52592,8895,8896,8965,7909,original,,,
2007-07-03,TX,200707,8941,8994,8940,8972,77,0.87%,40061,8972,55778,8972,8973,8994,7909,original,,,
2007-07-04,TX,200707,9028,9089,9005,9053,81,0.90%,53666,9053,59880,9052,9053,9089,7909,original,,,
2007-07-05,TX,200707,9123,9124,9048,9123,70,0.77%,40206,9123,61492,9122,9123,9124,7909,original,,,
2007-07-06,TX,200707,9100,9149,9065,9142,19,0.21%,48518,9142,60920,9141,9142,9149,7909,original,,,
2007-07-09,TX,200707,9180,9385,9176,9376,234,2.56%,53212,9376,62222,9375,9376,9385,7909,original,,,
2007-07-10,TX,200707,9388,9390,9304,9336,-40,-0.43%,53062,9336,64286,9336,9337,9390,7909,original,,,
2007-07-11,TX,200707,9275,9303,9219,9226,-110,-1.18%,43586,9226,62045,9225,9226,9390,7909,original,,,
2007-07-12,TX,200707,9275,9376,9271,9323,97,1.05%,53576,9323,59200,9322,9323,9390,7909,original,,,
2007-07-13,TX,200707,9488,9505,9415,9458,135,1.45%,55472,9458,59108,9458,9459,9505,7909,original,,,
2007-07-16,TX,200707,9465,9510,9370,9372,-86,-0.91%,52746,9372,52100,9372,9373,9510,7909,original,,,
2007-07-17,TX,200707,9390,9533,9323,9524,152,1.62%,57891,9524,44159,9524,9525,9533,7909,original,,,
2007-07-18,TX,200707,9480,9550,9444,9480,-44,-0.46%,35817,9480,36096,9479,9480,9550,7909,original,,,
2007-07-19,TX,200708,9425,9460,9363,9419,21,0.22%,64275,9419,54158,9418,9419,9478,8610,original,,,
2007-07-20,TX,200708,9460,9545,9433,9545,126,1.34%,54337,9545,56474,9544,9545,9545,8610,original,,,
2007-07-23,TX,200708,9505,9568,9489,9549,4,0.04%,44963,9549,60009,9548,9549,9568,8610,original,,,
2007-07-24,TX,200708,9550,9698,9538,9674,125,1.31%,64366,9674,61406,9674,9675,9698,8610,original,,,
2007-07-25,TX,200708,9606,9755,9594,9739,65,0.67%,61436,9739,68236,9737,9739,9755,8610,original,,,
2007-07-26,TX,200708,9739,9829,9525,9546,-193,-1.98%,98191,9546,70534,9545,9546,9829,8610,original,,,
2007-07-27,TX,200708,9320,9346,8961,8981,-565,-5.92%,107872,8981,69787,8980,8981,9829,8610,original,,,
2007-07-30,TX,200708,8942,9033,8860,8990,9,0.10%,90159,8990,63785,8990,8992,9829,8610,original,,,
2007-07-31,TX,200708,9010,9203,9008,9176,186,2.07%,71135,9176,54233,9175,9176,9829,8610,original,,,
2007-08-01,TX,200708,9065,9129,8640,8695,-481,-5.24%,116430,8695,56112,8694,8695,9829,8610,original,,,
2007-08-02,TX,200708,8882,8939,8566,8880,185,2.13%,116485,8880,48850,8879,8880,9829,8566,original,,,
2007-08-03,TX,200708,8968,9039,8900,8985,105,1.18%,67768,8985,47475,8985,8986,9829,8566,original,,,
2007-08-06,TX,200708,8700,8900,8682,8860,-125,-1.39%,52686,8860,47574,8860,8864,9829,8566,original,,,
2007-08-07,TX,200708,8999,9008,8767,8767,-93,-1.05%,58867,8767,47230,8766,8767,9829,8566,original,,,
2007-08-08,TX,200708,8850,9088,8843,9078,311,3.55%,52580,9078,42983,9078,9079,9829,8566,original,,,
2007-08-09,TX,200708,9160,9188,9078,9136,58,0.64%,53202,9136,40068,9136,9137,9829,8566,original,,,
2007-08-10,TX,200708,8860,8897,8733,8800,-336,-3.68%,64613,8800,39316,8799,8800,9829,8566,original,,,
2007-08-13,TX,200708,8896,8960,8842,8925,125,1.42%,47528,8925,32271,8925,8926,9829,8566,original,,,
2007-08-14,TX,200708,8860,9075,8825,8885,-40,-0.45%,55688,8885,22379,8884,8885,9829,8566,original,,,
2007-08-15,TX,200708,8710,8774,8551,8570,-315,-3.55%,28708,8570,23405,8566,8570,9829,8551,original,,,
2007-08-16,TX,200709,8300,8333,7990,8154,-294,-3.48%,86225,8154,43012,8153,8154,9820,6808,original,,,
2007-08-17,TX,200709,8101,8219,7810,7885,-269,-3.30%,79117,7885,43697,7883,7885,9820,6808,original,,,
2007-08-20,TX,200709,8215,8435,8211,8428,543,6.89%,55861,8428,38686,8427,8428,9820,6808,original,,,
2007-08-21,TX,200709,8420,8515,8312,8365,-63,-0.75%,67565,8365,39152,8363,8367,9820,6808,original,,,
2007-08-22,TX,200709,8366,8450,8347,8437,72,0.86%,41609,8437,38521,8436,8437,9820,6808,original,,,
2007-08-23,TX,200709,8700,8730,8635,8687,250,2.96%,36469,8687,36610,8686,8687,9820,6808,original,,,
2007-08-24,TX,200709,8660,8661,8582,8600,-87,-1.00%,30079,8600,35901,8600,8601,9820,6808,original,,,
2007-08-27,TX,200709,8750,8778,8620,8637,37,0.43%,29878,8637,36975,8636,8637,9820,6808,original,,,
2007-08-28,TX,200709,8643,8710,8595,8680,43,0.50%,36694,8680,38407,8680,8681,9820,6808,original,,,
2007-08-29,TX,200709,8470,8568,8437,8549,-131,-1.51%,37086,8549,39865,8548,8549,9820,6808,original,,,
2007-08-30,TX,200709,8697,8762,8668,8700,151,1.77%,36585,8700,38617,8700,8701,9820,6808,original,,,
2007-08-31,TX,200709,8760,8982,8728,8976,276,3.17%,43967,8976,39799,8975,8976,9820,6808,original,,,
2007-09-03,TX,200709,8976,8998,8921,8956,-20,-0.22%,26681,8956,41270,8955,8956,9820,6808,original,,,
2007-09-04,TX,200709,8962,9008,8866,8890,-66,-0.74%,41278,8890,39772,8890,8891,9820,6808,original,,,
2007-09-05,TX,200709,9000,9005,8808,8821,-69,-0.78%,34174,8821,41387,8821,8822,9820,6808,original,,,
2007-09-06,TX,200709,8792,9017,8752,9017,196,2.22%,48008,9017,42450,9015,9017,9820,6808,original,,,
2007-09-07,TX,200709,9000,9055,8943,8982,-35,-0.39%,34938,8982,42813,8982,8983,9820,6808,original,,,
2007-09-10,TX,200709,8750,8935,8731,8890,-92,-1.02%,40589,8890,41780,8889,8890,9820,6808,original,,,
2007-09-11,TX,200709,8869,9005,8860,9002,112,1.26%,32391,9002,43359,9001,9002,9820,6808,original,,,
2007-09-12,TX,200709,9012,9062,8936,8936,-66,-0.73%,38628,8936,42485,8935,8936,9820,6808,original,,,
2007-09-13,TX,200709,8998,9013,8880,8921,-15,-0.17%,35159,8921,42236,8921,8922,9820,6808,original,,,
2007-09-14,TX,200709,8991,9064,8950,9030,109,1.22%,37575,9030,40784,9029,9030,9820,6808,original,,,
2007-09-17,TX,200709,9043,9053,8824,8888,-142,-1.57%,41479,8888,37018,8888,8889,9820,6808,original,,,
2007-09-19,TX,200709,9110,9147,8893,8923,35,0.39%,41268,8923,22509,8922,8923,9820,6808,original,,,
2007-09-20,TX,200710,9022,9139,8965,9016,36,0.40%,50212,9016,28854,9016,9017,9139,7802,original,,,
2007-09-21,TX,200710,9021,9137,9010,9132,116,1.29%,37301,9132,30127,9132,9133,9139,7802,original,,,
2007-09-26,TX,200710,9181,9300,9171,9275,143,1.57%,29579,9275,31963,9274,9275,9300,7802,original,,,
2007-09-27,TX,200710,9338,9427,9301,9410,135,1.46%,33940,9410,32665,9410,9411,9427,7802,original,,,
2007-09-28,TX,200710,9420,9472,9372,9380,-30,-0.32%,35106,9380,34014,9380,9381,9472,7802,original,,,
2007-09-29,TX,200710,9420,9492,9401,9492,112,1.19%,28355,9492,33603,9491,9492,9492,7802,original,,,
2007-10-01,TX,200710,9527,9551,9473,9501,9,0.09%,30668,9501,33656,9501,9503,9551,7802,original,,,
2007-10-02,TX,200710,9621,9684,9580,9669,168,1.77%,38781,9669,32742,9669,9670,9684,7802,original,,,
2007-10-03,TX,200710,9661,9835,9647,9771,102,1.05%,51611,9771,32780,9771,9772,9835,7802,original,,,
2007-10-04,TX,200710,9712,9717,9634,9678,-93,-0.95%,42259,9678,36000,9677,9678,9835,7802,original,,,
2007-10-05,TX,200710,9651,9708,9588,9617,-61,-0.63%,37296,9617,36858,9617,9618,9835,7802,original,,,
2007-10-08,TX,200710,9702,9775,9701,9739,122,1.27%,27198,9740,35782,9738,9740,9835,7802,original,,,
2007-10-09,TX,200710,9755,9768,9591,9654,-86,-0.88%,38169,9653,35028,9652,9653,9835,7802,original,,,
2007-10-11,TX,200710,9682,9750,9663,9749,96,0.99%,32380,9747,33392,9749,9750,9835,7802,original,,,
2007-10-12,TX,200710,9688,9728,9447,9450,-297,-3.05%,56332,9452,30225,9450,9456,9835,7802,original,,,
2007-10-15,TX,200710,9548,9550,9408,9502,50,0.53%,38356,9503,27400,9500,9505,9835,7802,original,,,
2007-10-16,TX,200710,9436,9631,9420,9563,60,0.63%,43561,9562,20505,9564,9566,9835,7802,original,,,
2007-10-17,TX,200710,9505,9625,9471,9556,-6,-0.06%,23703,9555,14448,9554,9556,9835,7802,original,,,
2007-10-18,TX,200711,9600,9696,9600,9677,107,1.12%,44778,9677,33498,9677,9678,9829,8980,original,,,
2007-10-19,TX,200711,9620,9675,9605,9613,-64,-0.66%,30317,9608,33240,9610,9613,9829,8980,original,,,
2007-10-22,TX,200711,9358,9368,9234,9327,-281,-2.92%,47846,9324,33989,9323,9327,9829,8980,original,,,
2007-10-23,TX,200711,9389,9542,9371,9513,189,2.03%,37836,9511,33920,9513,9514,9829,8980,original,,,
2007-10-24,TX,200711,9580,9654,9412,9455,-56,-0.59%,49167,9457,35158,9455,9457,9829,8980,original,,,
2007-10-25,TX,200711,9568,9600,9496,9598,141,1.49%,42192,9594,34011,9596,9598,9829,8980,original,,,
2007-10-26,TX,200711,9644,9685,9602,9677,83,0.87%,36849,9675,33211,9674,9677,9829,8980,original,,,
2007-10-29,TX,200711,9780,9864,9755,9860,185,1.91%,37243,9862,34101,9860,9862,9864,8980,original,,,
2007-10-30,TX,200711,9835,9853,9766,9786,-76,-0.77%,35700,9787,35350,9786,9791,9864,8980,original,,,
2007-10-31,TX,200711,9789,9814,9714,9780,-7,-0.07%,41545,9777,36614,9775,9780,9864,8980,original,,,
2007-11-01,TX,200711,9815,9835,9562,9657,-120,-1.23%,62539,9657,38018,9655,9657,9864,8980,original,,,
2007-11-02,TX,200711,9457,9490,9203,9230,-427,-4.42%,63487,9230,39775,9230,9236,9864,8980,original,,,
2007-11-05,TX,200711,9210,9320,9090,9275,45,0.49%,53640,9275,40300,9274,9277,9864,8980,original,,,
2007-11-06,TX,200711,9320,9353,9256,9305,30,0.32%,41027,9304,41232,9305,9307,9864,8980,original,,,
2007-11-07,TX,200711,9363,9403,9265,9268,-36,-0.39%,42965,9270,41447,9267,9270,9864,8980,original,,,
2007-11-08,TX,200711,9063,9090,8820,8925,-345,-3.72%,62070,8917,42521,8920,8925,9864,8820,original,,,
2007-11-09,TX,200711,8971,9024,8856,8969,52,0.58%,56249,8966,41929,8966,8969,9864,8820,original,,,
2007-11-12,TX,200711,8715,8740,8573,8683,-283,-3.16%,58576,8679,43221,8680,8683,9864,8573,original,,,
2007-11-13,TX,200711,8675,8764,8560,8749,70,0.81%,57468,8747,42949,8745,8749,9864,8560,original,,,
2007-11-14,TX,200711,8960,8980,8910,8941,194,2.22%,37713,8942,39338,8941,8943,9864,8560,original,,,
2007-11-15,TX,200711,8922,8937,8863,8869,-73,-0.82%,30295,8867,39307,8866,8869,9864,8560,original,,,
2007-11-16,TX,200711,8663,8779,8623,8756,-111,-1.25%,44668,8758,37184,8757,8758,9864,8560,original,,,
2007-11-19,TX,200711,8780,8825,8616,8620,-138,-1.58%,41913,8621,36001,8618,8620,9864,8560,original,,,
2007-11-20,TX,200711,8420,8721,8342,8721,100,1.16%,62113,8717,28247,8719,8721,9864,8342,original,,,
2007-11-21,TX,200711,8647,8692,8424,8438,-279,-3.20%,33404,8436,27829,8433,8438,9864,8342,original,,,
2007-11-22,TX,200712,8488,8592,8321,8471,63,0.75%,74399,8468,36264,8469,8470,9875,7150,original,,,
2007-11-23,TX,200712,8498,8517,8315,8325,-143,-1.69%,64396,8322,38009,8325,8326,9875,7150,original,,,
2007-11-26,TX,200712,8430,8560,8410,8524,202,2.43%,50371,8530,36927,8521,8524,9875,7150,original,,,
2007-11-27,TX,200712,8303,8492,8188,8397,-133,-1.56%,83553,8395,39113,8396,8400,9875,7150,original,,,
2007-11-28,TX,200712,8442,8445,8240,8244,-151,-1.80%,65310,8246,39144,8241,8244,9875,7150,original,,,
2007-11-29,TX,200712,8476,8485,8385,8425,179,2.17%,49198,8428,37143,8425,8426,9875,7150,original,,,
2007-11-30,TX,200712,8499,8623,8493,8605,177,2.10%,50961,8609,37705,8600,8608,9875,7150,original,,,
2007-12-03,TX,200712,8608,8637,8553,8596,-13,-0.15%,36221,8596,37625,8595,8599,9875,7150,original,,,
2007-12-04,TX,200712,8580,8649,8531,8621,25,0.29%,42369,8618,38746,8618,8623,9875,7150,original,,,
2007-12-05,TX,200712,8600,8713,8558,8709,91,1.06%,58853,8704,38825,8705,8709,9875,7150,original,,,
2007-12-06,TX,200712,8789,8808,8670,8739,35,0.40%,43111,8738,37762,8738,8739,9875,7150,original,,,
2007-12-07,TX,200712,8778,8820,8697,8706,-32,-0.37%,48003,8708,37445,8706,8708,9875,7150,original,,,
2007-12-10,TX,200712,8695,8727,8548,8561,-147,-1.69%,46878,8558,38028,8560,8561,9875,7150,original,,,
2007-12-11,TX,200712,8609,8660,8568,8640,82,0.96%,45102,8640,37286,8638,8640,9875,7150,original,,,
2007-12-12,TX,200712,8480,8550,8432,8501,-139,-1.61%,52980,8499,38136,8501,8502,9875,7150,original,,,
2007-12-13,TX,200712,8450,8505,8103,8105,-394,-4.64%,75792,8106,38806,8105,8110,9875,7150,original,,,
2007-12-14,TX,200712,8150,8172,7860,8060,-46,-0.57%,93751,8058,36408,8060,8061,9875,7150,original,,,
2007-12-17,TX,200712,8017,8079,7746,7748,-310,-3.85%,71995,7749,31242,7748,7749,9875,7150,original,,,
2007-12-18,TX,200712,7680,7935,7677,7814,65,0.84%,76912,7812,23934,7812,7814,9875,7150,original,,,
2007-12-19,TX,200712,7848,8027,7809,8013,201,2.57%,31677,8014,16324,8012,8013,9875,7150,original,,,
2007-12-20,TX,200801,7997,8024,7790,7844,-145,-1.81%,63510,7844,37002,7844,7845,8817,7663,original,,,
2007-12-21,TX,200801,7813,8030,7806,7972,128,1.63%,77603,7970,36940,7970,7972,8817,7663,original,,,
2007-12-24,TX,200801,8105,8137,8065,8131,161,2.02%,37275,8132,35924,8132,8133,8817,7663,original,,,
2007-12-25,TX,200801,8159,8168,8105,8143,11,0.14%,30619,8147,36053,8143,8149,8817,7663,original,,,
2007-12-26,TX,200801,8120,8194,8050,8187,40,0.49%,42692,8185,36783,8187,8188,8817,7663,original,,,
2007-12-27,TX,200801,8160,8355,8147,8322,137,1.67%,55404,8327,36522,8322,8329,8817,7663,original,,,
2007-12-28,TX,200801,8279,8437,8235,8396,69,0.83%,65929,8394,36303,8393,8396,8817,7663,original,,,
2007-12-31,TX,200801,8400,8503,8382,8481,87,1.04%,32943,8483,36732,8478,8482,8817,7663,original,,,
2008-01-02,TX,200801,8450,8506,8271,8282,-201,-2.37%,61525,8283,38463,8283,8285,8817,7663,original,,,
2008-01-03,TX,200801,8200,8229,8083,8143,-140,-1.69%,80492,8143,40837,8142,8144,8817,7663,original,,,
2008-01-04,TX,200801,8100,8245,8030,8209,66,0.81%,72552,8210,41964,8209,8213,8817,7663,original,,,
2008-01-07,TX,200801,7951,7999,7800,7833,-377,-4.59%,72476,7833,48970,7833,7838,8817,7663,original,,,
2008-01-08,TX,200801,7840,7964,7815,7916,83,1.06%,55646,7918,50074,7921,7923,8817,7663,original,,,
2008-01-09,TX,200801,7751,8104,7735,8092,174,2.20%,80583,8090,46263,8088,8092,8817,7663,original,,,
2008-01-10,TX,200801,8090,8155,8051,8070,-20,-0.25%,64976,8072,41899,8070,8072,8817,7663,original,,,
2008-01-11,TX,200801,8121,8158,7964,7965,-107,-1.33%,71601,7967,39165,7965,7969,8817,7663,original,,,
2008-01-14,TX,200801,8104,8257,8044,8240,273,3.43%,96124,8243,35465,8240,8247,8817,7663,original,,,
2008-01-15,TX,200801,8263,8636,8263,8505,262,3.18%,94553,8501,23955,8503,8507,8817,7663,original,,,
2008-01-16,TX,200801,8250,8409,8125,8149,-352,-4.14%,45503,8152,14175,8146,8147,8817,7663,original,,,
2008-01-17,TX,200802,8250,8283,7952,8098,-36,-0.44%,92836,8081,47911,8080,8098,8620,7729,original,,,
2008-01-18,TX,200802,7901,8237,7854,8216,135,1.67%,77879,8213,46543,8211,8216,8620,7729,original,,,
2008-01-21,TX,200802,8113,8204,8070,8115,-98,-1.19%,59160,8110,46698,8110,8113,8620,7729,original,,,
2008-01-22,TX,200802,7693,7700,7543,7543,-567,-6.99%,46130,7543,49101,-,7543,8620,7543,original,,,
2008-01-23,TX,200802,7728,7750,7321,7331,-212,-2.81%,94655,7338,49711,7330,7331,8620,7321,original,,,
2008-01-24,TX,200802,7600,7647,7388,7540,202,2.75%,86298,7538,45715,7540,7541,8620,7321,original,,,
2008-01-25,TX,200802,7650,7777,7630,7777,239,3.17%,61697,7766,42358,7765,7770,8620,7321,original,,,
2008-01-28,TX,200802,7686,7710,7405,7445,-321,-4.13%,63484,7447,43294,7444,7447,8620,7321,original,,,
2008-01-29,TX,200802,7595,7598,7418,7533,86,1.15%,70620,7526,44206,7522,7533,8620,7321,original,,,
2008-01-30,TX,200802,7500,7655,7451,7511,-15,-0.20%,77131,7517,45089,7511,7516,8620,7321,original,,,
2008-01-31,TX,200802,7465,7565,7336,7463,-54,-0.72%,81244,7463,44831,7460,7468,8620,7321,original,,,
2008-02-01,TX,200802,7553,7678,7541,7669,206,2.76%,57817,7667,42745,7667,7673,8620,7321,original,,,
2008-02-12,TX,200802,7550,7588,7463,7508,-159,-2.07%,50394,7505,42963,7506,7508,8620,7321,original,,,
2008-02-13,TX,200802,7589,7607,7483,7485,-20,-0.27%,43089,7491,43222,7484,7485,8620,7321,original,,,
2008-02-14,TX,200802,7700,7910,7682,7897,406,5.42%,53718,7897,40015,7896,7897,8620,7321,original,,,
2008-02-15,TX,200802,7796,7895,7760,7891,-6,-0.08%,55764,7890,37135,7891,7892,8620,7321,original,,,
2008-02-18,TX,200802,7999,7999,7839,7916,26,0.33%,56399,7917,33328,7916,7917,8620,7321,original,,,
2008-02-19,TX,200802,7960,8033,7938,8020,103,1.30%,50742,8022,20766,8018,8020,8620,7321,original,,,
2008-02-20,TX,200802,7950,8005,7824,7877,-145,-1.81%,30928,7877,10704,7873,7877,8620,7321,original,,,
2008-02-21,TX,200803,7918,8056,7916,8032,203,2.59%,59056,8027,43025,8026,8032,9875,7302,original,,,
2008-02-22,TX,200803,7950,8054,7927,8036,9,0.11%,52384,8038,44728,8036,8037,9875,7302,original,,,
2008-02-25,TX,200803,8163,8273,8160,8226,188,2.34%,45763,8226,45669,8223,8227,9875,7302,original,,,
2008-02-26,TX,200803,8289,8316,8203,8277,51,0.62%,47730,8280,45979,8277,8280,9875,7302,original,,,
2008-02-27,TX,200803,8367,8415,8310,8376,96,1.16%,49946,8373,47260,8376,8377,9875,7302,original,,,
2008-02-29,TX,200803,8322,8450,8293,8340,-33,-0.39%,50020,8341,46301,8339,8340,9875,7302,original,,,
2008-03-03,TX,200803,8160,8255,8105,8246,-95,-1.14%,57420,8249,47533,8246,8250,9875,7302,original,,,
2008-03-04,TX,200803,8270,8492,8233,8492,243,2.95%,73926,8488,50678,8489,8492,9875,7302,original,,,
2008-03-05,TX,200803,8512,8558,8416,8509,21,0.25%,68568,8510,52874,8509,8518,9875,7302,original,,,
2008-03-06,TX,200803,8520,8689,8516,8688,178,2.09%,69477,8683,54389,8688,8690,9875,7302,original,,,
2008-03-07,TX,200803,8550,8646,8515,8526,-157,-1.81%,70844,8526,53881,8525,8526,9875,7302,original,,,
2008-03-10,TX,200803,8490,8547,8253,8310,-216,-2.53%,73338,8305,54644,8308,8314,9875,7302,original,,,
2008-03-11,TX,200803,8243,8390,8183,8369,64,0.77%,67259,8371,55299,8369,8374,9875,7302,original,,,
2008-03-12,TX,200803,8597,8610,8405,8468,97,1.16%,68590,8467,53502,8468,8469,9875,7302,original,,,
2008-03-13,TX,200803,8426,8450,8161,8189,-278,-3.28%,70064,8190,53678,8188,8189,9875,7302,original,,,
2008-03-14,TX,200803,8260,8297,8083,8117,-73,-0.89%,76049,8109,49212,8115,8117,9875,7302,original,,,
2008-03-17,TX,200803,7962,8055,7852,7977,-132,-1.63%,84117,7979,39552,7980,7985,9875,7302,original,,,
2008-03-18,TX,200803,8028,8068,7914,8059,80,1.00%,69653,8053,24473,8052,8059,9875,7302,original,,,
2008-03-19,TX,200803,8250,8280,8122,8169,116,1.44%,37508,8172,14423,8166,8169,9875,7302,original,,,
2008-03-20,TX,200804,8063,8360,8050,8340,200,2.46%,83186,8336,41490,8331,8340,8670,7831,original,,,
2008-03-21,TX,200804,8398,8632,8375,8613,277,3.32%,77309,8612,44431,8611,8620,8670,7831,original,,,
2008-03-24,TX,200804,8998,9113,8802,8878,266,3.09%,108244,8889,54806,8878,8892,9113,7831,original,,,
2008-03-25,TX,200804,8951,8971,8715,8760,-129,-1.45%,87588,8759,58723,8760,8761,9113,7831,original,,,
2008-03-26,TX,200804,8771,8837,8685,8720,-39,-0.45%,71776,8723,58898,8720,8721,9113,7831,original,,,
2008-03-27,TX,200804,8685,8710,8520,8558,-165,-1.89%,82045,8558,61686,8558,8560,9113,7831,original,,,
2008-03-28,TX,200804,8513,8674,8511,8621,63,0.74%,67509,8619,61443,8620,8623,9113,7831,original,,,
2008-03-31,TX,200804,8579,8605,8451,8519,-100,-1.16%,60141,8520,60949,8519,8525,9113,7831,original,,,
2008-04-01,TX,200804,8560,8595,8320,8330,-190,-2.23%,61754,8331,59380,8320,8330,9113,7831,original,,,
2008-04-02,TX,200804,8530,8618,8464,8570,239,2.87%,65578,8573,57466,8570,8574,9113,7831,original,,,
2008-04-03,TX,200804,8603,8615,8527,8575,2,0.02%,52347,8572,56725,8575,8576,9113,7831,original,,,
2008-04-07,TX,200804,8600,8743,8595,8709,137,1.60%,45697,8706,56451,8706,8709,9113,7831,original,,,
2008-04-08,TX,200804,8645,8705,8630,8635,-71,-0.82%,43626,8637,54741,8635,8636,9113,7831,original,,,
2008-04-09,TX,200804,8662,8780,8588,8677,40,0.46%,72873,8676,53791,8675,8677,9113,7831,original,,,
2008-04-10,TX,200804,8647,8827,8643,8819,143,1.65%,70113,8814,52369,8811,8819,9113,7831,original,,,
2008-04-11,TX,200804,8830,8934,8802,8912,98,1.11%,65842,8911,49458,8910,8912,9113,7831,original,,,
2008-04-14,TX,200804,8828,8910,8802,8871,-40,-0.45%,58867,8871,43868,8865,8871,9113,7831,original,,,
2008-04-15,TX,200804,8874,8945,8852,8918,47,0.53%,57742,8915,28317,8915,8918,9113,7831,original,,,
2008-04-16,TX,200804,9000,9086,8971,9086,171,1.92%,35202,9084,19701,9085,9086,9113,7831,original,,,
2008-04-17,TX,200805,9134,9144,9038,9060,18,0.20%,65275,9064,50588,9060,9065,9144,8035,original,,,
2008-04-18,TX,200805,9083,9099,8999,9081,17,0.19%,50482,9081,51518,9080,9085,9144,8035,original,,,
2008-04-21,TX,200805,9168,9174,9044,9082,1,0.01%,49855,9084,55329,9085,9086,9174,8035,original,,,
2008-04-22,TX,200805,9056,9076,8977,9030,-54,-0.59%,49137,9029,56204,9029,9030,9174,8035,original,,,
2008-04-23,TX,200805,9055,9093,8945,8984,-45,-0.50%,68333,8984,58383,8984,8990,9174,8035,original,,,
2008-04-24,TX,200805,8966,9045,8955,8978,-6,-0.07%,50961,8979,57878,8977,8979,9174,8035,original,,,
2008-04-25,TX,200805,9052,9068,8950,8988,9,0.10%,54703,8986,59163,8987,8993,9174,8035,original,,,
2008-04-28,TX,200805,8998,9092,8973,9090,104,1.16%,54693,9090,59695,9089,9091,9174,8035,original,,,
2008-04-29,TX,200805,9090,9100,8872,8920,-170,-1.87%,62994,8925,61648,8919,8920,9174,8035,original,,,
2008-04-30,TX,200805,8910,8986,8895,8937,12,0.13%,48508,8933,60944,8930,8933,9174,8035,original,,,
2008-05-02,TX,200805,9021,9040,8936,9009,76,0.85%,45415,9003,60086,9004,9009,9174,8035,original,,,
2008-05-05,TX,200805,9020,9025,8822,8847,-156,-1.73%,56697,8849,62553,8847,8850,9174,8035,original,,,
2008-05-06,TX,200805,8860,8888,8780,8870,21,0.24%,53812,8869,62632,8870,8871,9174,8035,original,,,
2008-05-07,TX,200805,8903,8976,8881,8918,49,0.55%,54074,8918,60483,8917,8918,9174,8035,original,,,
2008-05-08,TX,200805,8855,8903,8800,8894,-24,-0.27%,52607,8893,57882,8894,8895,9174,8035,original,,,
2008-05-09,TX,200805,8850,8877,8766,8773,-120,-1.35%,57824,8773,58193,8773,8774,9174,8035,original,,,
2008-05-12,TX,200805,8776,8868,8756,8864,91,1.04%,46950,8860,56416,8859,8865,9174,8035,original,,,
2008-05-13,TX,200805,8862,9044,8851,9030,170,1.92%,62520,9030,54586,9030,9032,9174,8035,original,,,
2008-05-14,TX,200805,9030,9088,9002,9058,28,0.31%,53252,9059,54137,9058,9060,9174,8035,original,,,
2008-05-15,TX,200805,9088,9209,9088,9182,123,1.36%,53937,9182,54492,9180,9182,9209,8035,original,,,
2008-05-16,TX,200805,9220,9286,9191,9248,66,0.72%,55311,9246,51706,9247,9248,9286,8035,original,,,
2008-05-19,TX,200805,9269,9379,9243,9370,124,1.34%,50694,9373,44130,9370,9375,9379,8035,original,,,
2008-05-20,TX,200805,9356,9388,9059,9074,-299,-3.19%,82888,9073,27149,9071,9080,9388,8035,original,,,
2008-05-21,TX,200805,9035,9089,8959,8998,-75,-0.83%,31585,8999,18362,8999,9000,9388,8035,original,,,
2008-05-22,TX,200806,8875,9019,8865,9018,28,0.31%,56927,9015,56187,9017,9018,9934,7310,original,,,
2008-05-23,TX,200806,9000,9027,8778,8786,-229,-2.54%,70602,8784,58310,8784,8788,9934,7310,original,,,
2008-05-26,TX,200806,8736,8790,8689,8699,-85,-0.97%,55991,8696,58159,8696,8699,9934,7310,original,,,
2008-05-27,TX,200806,8701,8785,8700,8776,80,0.92%,44115,8772,58641,8774,8776,9934,7310,original,,,
2008-05-28,TX,200806,8790,8795,8625,8646,-126,-1.44%,65710,8644,59245,8646,8648,9934,7310,original,,,
2008-05-29,TX,200806,8729,8771,8650,8720,76,0.88%,56724,8717,57913,8719,8720,9934,7310,original,,,
2008-05-30,TX,200806,8765,8780,8536,8648,-69,-0.79%,75944,8649,60931,8648,8650,9934,7310,original,,,
2008-06-02,TX,200806,8635,8709,8603,8700,51,0.59%,49486,8701,61013,8700,8703,9934,7310,original,,,
2008-06-03,TX,200806,8644,8657,8510,8540,-161,-1.85%,55854,8538,62063,8536,8540,9934,7310,original,,,
2008-06-04,TX,200806,8540,8619,8526,8592,54,0.63%,44304,8592,62687,8591,8592,9934,7310,original,,,
2008-06-05,TX,200806,8571,8765,8472,8725,133,1.55%,78823,8723,58294,8723,8727,9934,7310,original,,,
2008-06-06,TX,200806,8788,8798,8712,8756,33,0.38%,49247,8753,58410,8755,8756,9934,7310,original,,,
2008-06-09,TX,200806,8520,8555,8492,8529,-224,-2.56%,44700,8528,57243,8529,8531,9934,7310,original,,,
2008-06-10,TX,200806,8529,8565,8321,8340,-188,-2.20%,75224,8339,55800,8339,8340,9934,7310,original,,,
2008-06-11,TX,200806,8365,8404,8291,8316,-23,-0.28%,58833,8317,55159,8314,8316,9934,7310,original,,,
2008-06-12,TX,200806,8199,8204,7999,8043,-274,-3.29%,75487,8038,52351,8043,8044,9934,7310,original,,,
2008-06-13,TX,200806,8068,8140,8002,8043,5,0.06%,62933,8042,49121,8040,8043,9934,7310,original,,,
2008-06-16,TX,200806,8121,8191,8100,8133,91,1.13%,53114,8133,43041,8134,8135,9934,7310,original,,,
2008-06-17,TX,200806,8133,8177,8017,8147,14,0.17%,70641,8146,32861,8146,8149,9934,7310,original,,,
2008-06-18,TX,200806,8140,8259,8122,8219,73,0.90%,36474,8216,24477,8215,8219,9934,7310,original,,,
2008-06-19,TX,200807,7980,7980,7886,7890,-189,-2.34%,53348,7889,47253,7890,7893,8930,7886,original,,,
2008-06-20,TX,200807,7910,7937,7723,7778,-111,-1.41%,70635,7777,48914,7776,7780,8930,7723,original,,,
2008-06-23,TX,200807,7660,7805,7630,7754,-23,-0.30%,63155,7753,49492,7754,7755,8930,7630,original,,,
2008-06-24,TX,200807,7715,7782,7645,7693,-60,-0.77%,64047,7688,51536,7687,7693,8930,7630,original,,,
2008-06-25,TX,200807,7671,7759,7605,7753,65,0.85%,69319,7749,53881,7751,7752,8930,7605,original,,,
2008-06-26,TX,200807,7753,7798,7690,7693,-56,-0.72%,60885,7695,52474,7691,7693,8930,7605,original,,,
2008-06-27,TX,200807,7381,7460,7341,7416,-279,-3.63%,67637,7416,51244,7416,7417,8930,7341,original,,,
2008-06-30,TX,200807,7470,7490,7382,7416,0,0.00%,51421,7417,51870,7416,7420,8930,7341,original,,,
2008-07-01,TX,200807,7410,7477,7291,7291,-126,-1.70%,62874,7296,56057,7291,7296,8930,7291,original,,,
2008-07-02,TX,200807,7308,7394,7245,7245,-51,-0.70%,74253,7247,54562,7245,7246,8930,7245,original,,,
2008-07-03,TX,200807,7140,7377,7055,7299,52,0.72%,88271,7296,53427,7296,7300,8930,7055,original,,,
2008-07-04,TX,200807,7282,7323,7099,7100,-196,-2.69%,68358,7103,51918,7099,7105,8930,7055,original,,,
2008-07-07,TX,200807,7096,7279,7075,7258,155,2.18%,62222,7258,51860,7257,7258,8930,7055,original,,,
2008-07-08,TX,200807,7199,7200,6892,6988,-270,-3.72%,86146,6985,51471,6988,6989,8930,6892,original,,,
2008-07-09,TX,200807,7095,7185,6950,7011,26,0.37%,95748,7016,50860,7011,7015,8930,6892,original,,,
2008-07-10,TX,200807,6958,7116,6893,7010,-6,-0.09%,94113,7007,49626,7009,7010,8930,6892,original,,,
2008-07-11,TX,200807,6973,7206,6963,7181,174,2.48%,97960,7177,47291,7176,7181,8930,6892,original,,,
2008-07-14,TX,200807,7200,7238,7088,7152,-25,-0.35%,76318,7149,41285,7150,7152,8930,6892,original,,,
2008-07-15,TX,200807,7050,7065,6744,6790,-359,-5.02%,94598,6790,35233,6790,6792,8930,6744,original,,,
2008-07-16,TX,200807,6820,6866,6677,6678,-112,-1.65%,60578,6679,31479,6678,6679,8930,6677,original,,,
2008-07-17,TX,200808,6700,6848,6689,6797,258,3.95%,74717,6798,49500,6798,6800,7875,6532,original,,,
2008-07-18,TX,200808,6860,6888,6599,6681,-117,-1.72%,87374,6685,49866,6683,6685,7875,6532,original,,,
2008-07-21,TX,200808,6845,7020,6840,7007,322,4.82%,71813,7001,50578,7003,7007,7875,6532,original,,,
2008-07-22,TX,200808,6943,7010,6886,6967,-34,-0.49%,75341,6964,50143,6964,6967,7875,6532,original,,,
2008-07-23,TX,200808,7100,7250,7075,7186,222,3.19%,80107,7184,49729,7182,7186,7875,6532,original,,,
2008-07-24,TX,200808,7262,7306,7208,7304,120,1.67%,64281,7301,48458,7302,7304,7875,6532,original,,,
2008-07-25,TX,200808,7188,7190,7082,7170,-131,-1.79%,62134,7167,48362,7168,7170,7875,6532,original,,,
2008-07-29,TX,200808,6950,6980,6866,6916,-251,-3.50%,57777,6916,48016,6915,6919,7875,6532,original,,,
2008-07-30,TX,200808,7070,7085,6966,7022,106,1.53%,66831,7026,46952,7022,7023,7875,6532,original,,,
2008-07-31,TX,200808,7098,7147,6890,6998,-28,-0.40%,84825,7002,49391,6998,7000,7875,6532,original,,,
2008-08-01,TX,200808,6901,6969,6851,6914,-88,-1.26%,66509,6915,49486,6913,6915,7875,6532,original,,,
2008-08-04,TX,200808,6852,6964,6850,6934,19,0.27%,53143,6934,49283,6934,6936,7875,6532,original,,,
2008-08-05,TX,200808,6973,6993,6756,6778,-156,-2.25%,81580,6778,52984,6778,6779,7875,6532,original,,,
2008-08-06,TX,200808,6970,7030,6910,7017,239,3.53%,63636,7016,50751,7016,7017,7875,6532,original,,,
2008-08-07,TX,200808,7002,7055,6960,7006,-10,-0.14%,64802,7005,50619,7003,7006,7875,6532,original,,,
2008-08-08,TX,200808,6941,7234,6936,7189,184,2.63%,87708,7188,47659,7186,7190,7875,6532,original,,,
2008-08-11,TX,200808,7268,7339,7250,7289,101,1.41%,59555,7290,45189,7289,7290,7875,6532,original,,,
2008-08-12,TX,200808,7288,7333,7255,7270,-20,-0.27%,56265,7269,44502,7269,7270,7875,6532,original,,,
2008-08-13,TX,200808,7258,7308,7190,7299,30,0.41%,73849,7296,45571,7297,7299,7875,6532,original,,,
2008-08-14,TX,200808,7280,7364,7230,7363,67,0.92%,64327,7356,45503,7360,7363,7875,6532,original,,,
2008-08-15,TX,200808,7362,7382,7155,7216,-140,-1.90%,73474,7218,41895,7212,7216,7875,6532,original,,,
2008-08-18,TX,200808,7180,7222,6956,6980,-238,-3.30%,78395,6980,33000,6980,6981,7875,6532,original,,,
2008-08-19,TX,200808,6856,6978,6813,6936,-44,-0.63%,75511,6940,22100,6935,6936,7875,6532,original,,,
2008-08-20,TX,200808,6904,7052,6873,7041,101,1.46%,45006,7037,12760,7037,7041,7875,6532,original,,,
2008-08-21,TX,200809,6938,6958,6855,6878,-101,-1.45%,62073,6875,46600,6875,6878,9664,6508,original,,,
2008-08-22,TX,200809,6845,6975,6766,6865,-10,-0.15%,85588,6860,48003,6859,6865,9664,6508,original,,,
2008-08-25,TX,200809,6956,7037,6896,6988,128,1.87%,58898,6989,47408,6988,6991,9664,6508,original,,,
2008-08-26,TX,200809,6909,6962,6885,6946,-43,-0.62%,47895,6944,47346,6944,6946,9664,6508,original,,,
2008-08-27,TX,200809,6929,7120,6897,7082,138,1.99%,65994,7080,46171,7079,7082,9664,6508,original,,,
2008-08-28,TX,200809,7080,7138,7034,7041,-39,-0.55%,55653,7042,47003,7041,7044,9664,6508,original,,,
2008-08-29,TX,200809,7100,7138,7011,7054,12,0.17%,59255,7053,47166,7053,7055,9664,6508,original,,,
2008-09-01,TX,200809,6980,6986,6740,6756,-297,-4.21%,70445,6759,51921,6755,6761,9664,6508,original,,,
2008-09-02,TX,200809,6790,6797,6652,6698,-61,-0.90%,75022,6695,54885,6696,6698,9664,6508,original,,,
2008-09-03,TX,200809,6714,6756,6560,6588,-107,-1.60%,80450,6586,54944,6587,6590,9664,6508,original,,,
2008-09-04,TX,200809,6561,6630,6345,6397,-189,-2.87%,85061,6398,54883,6397,6399,9664,6345,original,,,
2008-09-05,TX,200809,6235,6330,6203,6244,-154,-2.41%,69240,6241,56074,6241,6242,9664,6203,original,,,
2008-09-08,TX,200809,6487,6677,6481,6677,436,6.99%,59253,6677,55532,6677,-,9664,6203,original,,,
2008-09-09,TX,200809,6594,6618,6390,6466,-211,-3.16%,74031,6455,53460,6457,6466,9664,6203,original,,,
2008-09-10,TX,200809,6351,6516,6345,6453,-2,-0.03%,85603,6452,55153,6453,6456,9664,6203,original,,,
2008-09-11,TX,200809,6437,6438,6203,6230,-222,-3.44%,82819,6234,53993,6228,6230,9664,6203,original,,,
2008-09-12,TX,200809,6354,6369,6153,6288,54,0.87%,86443,6290,50099,6288,6290,9664,6153,original,,,
2008-09-15,TX,200809,6130,6190,5863,5967,-323,-5.14%,81846,5969,42033,5967,5975,9664,5863,original,,,
2008-09-16,TX,200809,5849,5858,5679,5685,-284,-4.76%,90493,5687,37028,5687,5689,9664,5679,original,,,
2008-09-17,TX,200809,5916,5999,5719,5767,80,1.41%,68589,5766,25766,5766,5768,9664,5679,original,,,
2008-09-18,TX,200810,5551,5590,5416,5522,-224,-3.90%,104745,5522,49015,5522,5525,7113,5416,original,,,
2008-09-19,TX,200810,5806,5908,5785,5908,386,6.99%,42344,5908,50685,5908,-,7113,5416,original,,,
2008-09-22,TX,200810,6120,6122,5956,6089,181,3.06%,79569,6086,51499,6088,6089,7113,5416,original,,,
2008-09-23,TX,200810,6030,6150,5995,6135,49,0.81%,72431,6135,50358,6134,6139,7113,5416,original,,,
2008-09-24,TX,200810,6117,6195,6075,6155,20,0.33%,78510,6154,51071,6154,6155,7113,5416,original,,,
2008-09-25,TX,200810,6000,6159,5961,6058,-96,-1.56%,77760,6057,49077,6058,6059,7113,5416,original,,,
2008-09-26,TX,200810,6050,6061,5819,5866,-191,-3.15%,83525,5869,52329,5868,5870,7113,5416,original,,,
2008-09-30,TX,200810,5459,5587,5459,5549,-320,-5.45%,51459,5546,57918,5549,5552,7113,5416,original,,,
2008-10-01,TX,200810,5599,5718,5598,5676,130,2.34%,70474,5676,59859,5675,5679,7113,5416,original,,,
2008-10-02,TX,200810,5721,5739,5555,5618,-58,-1.02%,81005,5620,63401,5618,5621,7113,5416,original,,,
2008-10-03,TX,200810,5550,5685,5490,5645,25,0.44%,78624,5643,62568,5645,5647,7113,5416,original,,,
2008-10-06,TX,200810,5488,5500,5382,5387,-256,-4.54%,72911,5389,63815,5383,5387,7113,5382,original,,,
2008-10-07,TX,200810,5250,5485,5222,5445,56,1.04%,91706,5442,61489,5444,5445,7113,5222,original,,,
2008-10-08,TX,200810,5249,5345,5065,5112,-330,-6.06%,106404,5116,58799,5113,5115,7113,5065,original,,,
2008-10-09,TX,200810,5186,5254,5058,5062,-54,-1.06%,113227,5062,53352,5061,5062,7113,5058,original,,,
2008-10-13,TX,200810,4885,4978,4885,4945,-117,-2.31%,65331,4942,49685,4944,4945,7113,4885,original,,,
2008-10-14,TX,200810,5286,5287,5236,5287,345,6.98%,47432,5287,37300,5287,-,7113,4885,original,,,
2008-10-15,TX,200810,5297,5297,5153,5245,-42,-0.79%,60484,5245,19248,5245,5249,7113,4885,original,,,
2008-10-16,TX,200811,4978,4978,4978,4978,-180,-3.49%,3373,4978,50403,-,4978,6176,4846,original,,,
2008-10-17,TX,200811,4894,4968,4804,4804,-174,-3.50%,72243,4804,61381,-,4804,6176,4804,original,,,
2008-10-20,TX,200811,4804,4836,4636,4823,19,0.40%,86475,4821,67212,4823,4828,6176,4636,original,,,
2008-10-21,TX,200811,4930,4950,4735,4817,-4,-0.08%,117280,4818,68256,4817,4818,6176,4636,original,,,
2008-10-22,TX,200811,4738,4855,4650,4656,-162,-3.36%,114002,4656,69576,4656,4659,6176,4636,original,,,
2008-10-23,TX,200811,4494,4528,4494,4494,-162,-3.48%,28538,4494,68723,4494,4495,6176,4494,original,,,
2008-10-24,TX,200811,4395,4439,4337,4337,-157,-3.49%,31793,4337,71609,-,4337,6176,4337,original,,,
2008-10-27,TX,200811,4126,4226,4034,4034,-303,-6.99%,89165,4034,70668,-,4034,6176,4034,original,,,
2008-10-28,TX,200811,3921,4316,3811,4316,282,6.99%,162434,4316,66892,4316,-,6176,3811,original,,,
2008-10-29,TX,200811,4618,4618,4212,4288,-28,-0.65%,170198,4294,66660,4288,4292,6176,3811,original,,,
2008-10-30,TX,200811,4376,4594,4361,4594,300,6.99%,71800,4594,62640,4594,-,6176,3811,original,,,
2008-10-31,TX,200811,4594,4910,4530,4844,250,5.44%,172208,4838,60523,4840,4846,6176,3811,original,,,
2008-11-03,TX,200811,4910,4994,4784,4992,154,3.18%,146465,4990,61139,4989,4992,6176,3811,original,,,
2008-11-04,TX,200811,4965,5007,4836,4978,-12,-0.24%,130831,4982,60733,4982,4983,6176,3811,original,,,
2008-11-05,TX,200811,5080,5100,4893,4900,-82,-1.65%,134188,4900,65404,4898,4900,6176,3811,original,,,
2008-11-06,TX,200811,4680,4700,4557,4557,-343,-7.00%,61117,4557,70612,-,4557,6176,3811,original,,,
2008-11-07,TX,200811,4310,4662,4272,4633,76,1.67%,168009,4630,72401,4633,4635,6176,3811,original,,,
2008-11-10,TX,200811,4658,4692,4551,4632,2,0.04%,118580,4634,73515,4632,4638,6176,3811,original,,,
2008-11-11,TX,200811,4477,4645,4465,4474,-160,-3.45%,121380,4477,72083,4474,4475,6176,3811,original,,,
2008-11-12,TX,200811,4488,4596,4420,4521,44,0.98%,127683,4522,68861,4521,4527,6176,3811,original,,,
2008-11-13,TX,200811,4305,4331,4206,4285,-237,-5.24%,95728,4280,63797,4280,4285,6176,3811,original,,,
2008-11-14,TX,200811,4499,4514,4345,4380,100,2.34%,117202,4380,56279,4380,4381,6176,3811,original,,,
2008-11-17,TX,200811,4280,4432,4263,4357,-23,-0.53%,107475,4360,44381,4357,4358,6176,3811,original,,,
2008-11-18,TX,200811,4351,4351,4207,4244,-116,-2.66%,105169,4245,28835,4243,4244,6176,3811,original,,,
2008-11-19,TX,200811,4238,4289,4183,4261,16,0.38%,66464,4263,22049,4260,4263,6176,3811,original,,,
2008-11-20,TX,200812,3953,4027,3866,3903,-244,-5.88%,90822,3902,69944,3903,3907,9107,3749,original,,,
2008-11-21,TX,200812,3880,4129,3815,4121,219,5.61%,125186,4119,70395,4124,4127,9107,3749,original,,,
2008-11-24,TX,200812,4081,4108,3972,4045,-74,-1.80%,100411,4048,71026,4042,4045,9107,3749,original,,,
2008-11-25,TX,200812,4222,4285,4112,4199,151,3.73%,123548,4198,73824,4193,4199,9107,3749,original,,,
2008-11-26,TX,200812,4237,4268,4176,4209,11,0.26%,107767,4206,75283,4203,4209,9107,3749,original,,,
2008-11-27,TX,200812,4330,4488,4292,4430,224,5.33%,105400,4428,70520,4426,4430,9107,3749,original,,,
2008-11-28,TX,200812,4435,4465,4388,4460,32,0.72%,84216,4459,70177,4459,4465,9107,3749,original,,,
2008-12-01,TX,200812,4420,4580,4389,4501,42,0.94%,106527,4501,61197,4500,4501,9107,3749,original,,,
2008-12-02,TX,200812,4299,4324,4206,4240,-261,-5.80%,89986,4230,67187,4230,4240,9107,3749,original,,,
2008-12-03,TX,200812,4268,4306,4186,4188,-42,-0.99%,94480,4189,70898,4187,4188,9107,3749,original,,,
2008-12-04,TX,200812,4246,4284,4100,4139,-50,-1.19%,101106,4142,74194,4137,4142,9107,3749,original,,,
2008-12-05,TX,200812,4170,4202,4103,4179,37,0.89%,91707,4179,73176,4178,4179,9107,3749,original,,,
2008-12-08,TX,200812,4245,4471,4231,4471,292,6.99%,92419,4471,70698,4471,-,9107,3749,original,,,
2008-12-09,TX,200812,4495,4546,4432,4460,-11,-0.25%,108417,4461,64767,4458,4463,9107,3749,original,,,
2008-12-10,TX,200812,4486,4724,4471,4691,230,5.16%,115226,4689,59269,4690,4691,9107,3749,original,,,
2008-12-11,TX,200812,4651,4704,4625,4666,-23,-0.49%,96047,4669,53982,4668,4669,9107,3749,original,,,
2008-12-12,TX,200812,4570,4643,4343,4425,-244,-5.23%,120190,4423,48978,4422,4426,9107,3749,original,,,
2008-12-15,TX,200812,4615,4718,4553,4610,187,4.23%,111291,4607,39752,4603,4610,9107,3749,original,,,
2008-12-16,TX,200812,4549,4614,4521,4585,-22,-0.48%,84148,4589,27242,4587,4592,9107,3749,original,,,
2008-12-17,TX,200812,4688,4734,4622,4666,77,1.68%,56705,0,21197,4665,4667,9107,3749,original,,,
2008-12-18,TX,200901,4680,4705,4596,4699,74,1.60%,87280,4697,43645,4695,4699,4720,3715,original,,,
2008-12-19,TX,200901,4662,4724,4582,4680,-17,-0.36%,108938,4680,43699,4680,4683,4724,3715,original,,,
2008-12-22,TX,200901,4720,4755,4498,4529,-151,-3.23%,100137,4527,44914,4525,4529,4755,3715,original,,,
2008-12-23,TX,200901,4507,4524,4290,4349,-178,-3.93%,104885,4350,47352,4348,4349,4755,3715,original,,,
2008-12-24,TX,200901,4310,4399,4241,4379,29,0.67%,103168,4377,47408,4374,4379,4755,3715,original,,,
2008-12-25,TX,200901,4380,4405,4330,4405,28,0.64%,43403,4396,47389,4394,4405,4755,3715,original,,,
2008-12-26,TX,200901,4372,4445,4339,4378,-18,-0.41%,68149,4377,48782,4375,4380,4755,3715,original,,,
2008-12-29,TX,200901,4366,4399,4316,4386,9,0.21%,47088,4388,48864,4387,4389,4755,3715,original,,,
2008-12-30,TX,200901,4429,4605,4422,4565,177,4.03%,71724,4562,47008,4561,4565,4755,3715,original,,,
2008-12-31,TX,200901,4605,4614,4485,4540,-22,-0.48%,68222,4548,47853,4540,4549,4755,3715,original,,,
2009-01-05,TX,200901,4722,4797,4634,4670,122,2.68%,97901,4669,50042,4670,4671,4797,3715,original,,,
2009-01-06,TX,200901,4699,4735,4638,4706,37,0.79%,90329,4704,50865,4705,4706,4797,3715,original,,,
2009-01-07,TX,200901,4758,4802,4711,4752,48,1.02%,90885,4755,52331,4751,4754,4802,3715,original,,,
2009-01-08,TX,200901,4650,4650,4434,4452,-303,-6.37%,95701,4455,56452,4453,4457,4802,3715,original,,,
2009-01-09,TX,200901,4447,4495,4405,4421,-34,-0.76%,90308,4422,59817,4421,4425,4802,3715,original,,,
2009-01-10,TX,200901,4362,4425,4344,4374,-48,-1.09%,56215,4376,60363,4374,4377,4802,3715,original,,,
2009-01-12,TX,200901,4386,4472,4350,4429,53,1.21%,93281,4423,62870,4424,4429,4802,3715,original,,,
2009-01-13,TX,200901,4361,4524,4360,4518,95,2.15%,93835,4517,60913,4518,4524,4802,3715,original,,,
2009-01-14,TX,200901,4490,4552,4478,4510,-7,-0.15%,82268,4509,58254,4509,4510,4802,3715,original,,,
2009-01-15,TX,200901,4222,4300,4222,4239,-270,-5.99%,75818,4235,57474,4236,4240,4802,3715,original,,,
2009-01-16,TX,200901,4277,4329,4250,4323,88,2.08%,78421,4324,51771,4323,4325,4802,3715,original,,,
2009-01-17,TX,200901,4330,4358,4306,4349,25,0.58%,38490,4345,49429,4344,4349,4802,3715,original,,,
2009-01-19,TX,200901,4378,4394,4325,4357,12,0.28%,58908,4359,37153,4357,4360,4802,3715,original,,,
2009-01-20,TX,200901,4266,4269,4205,4240,-119,-2.73%,52093,4242,22180,4240,4243,4802,3715,original,,,
2009-01-21,TX,200901,4114,4265,4113,4254,12,0.28%,36615,0,13983,4254,4255,4802,3715,original,,,
2009-02-02,TX,200902,4199,4199,4106,4161,26,0.63%,50727,4159,65546,4159,4161,4771,4033,original,,,
2009-02-03,TX,200902,4168,4328,4161,4275,116,2.79%,77684,4277,68107,4277,4278,4771,4033,original,,,
2009-02-04,TX,200902,4327,4375,4285,4351,74,1.73%,68432,4352,67931,4351,4354,4771,4033,original,,,
2009-02-05,TX,200902,4315,4389,4269,4270,-82,-1.88%,82511,4271,67583,4270,4272,4771,4033,original,,,
2009-02-06,TX,200902,4362,4479,4356,4443,172,4.03%,94693,4439,67577,4436,4443,4771,4033,original,,,
2009-02-09,TX,200902,4500,4522,4425,4456,17,0.38%,71256,4454,70501,4453,4455,4771,4033,original,,,
2009-02-10,TX,200902,4456,4499,4435,4497,43,0.97%,60664,4497,71139,4496,4499,4771,4033,original,,,
2009-02-11,TX,200902,4385,4578,4372,4558,61,1.36%,91929,4553,69558,4550,4555,4771,4033,original,,,
2009-02-12,TX,200902,4520,4564,4398,4445,-108,-2.37%,112991,4443,68907,4441,4444,4771,4033,original,,,
2009-02-13,TX,200902,4459,4590,4451,4571,128,2.88%,109267,4568,62397,4567,4571,4771,4033,original,,,
2009-02-16,TX,200902,4569,4588,4534,4575,7,0.15%,69481,4570,53898,4570,4575,4771,4033,original,,,
2009-02-17,TX,200902,4521,4559,4437,4494,-76,-1.66%,91320,4492,35963,4491,4494,4771,4033,original,,,
2009-02-18,TX,200902,4455,4519,4426,4517,25,0.56%,45601,0,22588,4515,4517,4771,4033,original,,,
2009-02-19,TX,200903,4411,4524,4334,4468,44,0.99%,118698,4471,70827,4468,4469,9095,3740,original,,,
2009-02-20,TX,200903,4405,4453,4345,4363,-108,-2.42%,105149,4365,71143,4363,4366,9095,3740,original,,,
2009-02-23,TX,200903,4332,4433,4296,4426,61,1.40%,102528,4427,73508,4425,4430,9095,3740,original,,,
2009-02-24,TX,200903,4327,4395,4313,4381,-46,-1.04%,83737,4380,73598,4381,4384,9095,3740,original,,,
2009-02-25,TX,200903,4435,4520,4408,4466,86,1.96%,105000,4468,73896,4466,4468,9095,3740,original,,,
2009-02-26,TX,200903,4520,4538,4440,4477,9,0.20%,89516,4478,73855,4479,4480,9095,3740,original,,,
2009-02-27,TX,200903,4472,4528,4452,4510,32,0.71%,73633,4512,75128,4510,4514,9095,3740,original,,,
2009-03-02,TX,200903,4422,4459,4303,4331,-181,-4.01%,101313,4330,72290,4328,4332,9095,3740,original,,,
2009-03-03,TX,200903,4270,4377,4238,4367,37,0.85%,104158,4367,74069,4367,4370,9095,3740,original,,,
2009-03-04,TX,200903,4336,4516,4322,4511,144,3.30%,109861,4512,78102,4511,4513,9095,3740,original,,,
2009-03-05,TX,200903,4541,4646,4539,4595,83,1.84%,120308,4597,77605,4593,4595,9095,3740,original,,,
2009-03-06,TX,200903,4550,4638,4540,4628,31,0.67%,109500,4630,80795,4632,4637,9095,3740,original,,,
2009-03-09,TX,200903,4672,4675,4543,4624,-6,-0.13%,93692,4623,76865,4621,4624,9095,3740,original,,,
2009-03-10,TX,200903,4601,4669,4567,4656,33,0.71%,91653,4655,76128,4655,4656,9095,3740,original,,,
2009-03-11,TX,200903,4775,4785,4715,4758,103,2.21%,77516,4758,74115,4758,4759,9095,3740,original,,,
2009-03-12,TX,200903,4752,4779,4724,4748,-10,-0.21%,66848,4748,67460,4748,4750,9095,3740,original,,,
2009-03-13,TX,200903,4820,4942,4813,4900,152,3.20%,98336,4900,64576,4898,4900,9095,3740,original,,,
2009-03-16,TX,200903,4938,4985,4907,4962,62,1.27%,79029,4962,60317,4961,4963,9095,3740,original,,,
2009-03-17,TX,200903,4966,5070,4946,5057,95,1.91%,94430,5057,46346,5058,5059,9095,3740,original,,,
2009-03-18,TX,200903,5082,5096,5024,5067,10,0.20%,59723,0,32560,5067,5068,9095,3740,original,,,
2009-03-19,TX,200904,5045,5105,4975,4980,-48,-0.95%,105836,4980,54629,4980,4982,5105,4178,original,,,
2009-03-20,TX,200904,5006,5040,4922,4950,-30,-0.60%,106431,4950,55323,4949,4951,5105,4178,original,,,
2009-03-23,TX,200904,5032,5132,4991,5131,181,3.66%,95403,5128,55715,5129,5131,5132,4178,original,,,
2009-03-24,TX,200904,5201,5270,5188,5262,134,2.61%,99502,5259,52222,5260,5262,5270,4178,original,,,
2009-03-25,TX,200904,5254,5389,5232,5360,101,1.92%,114172,5359,50328,5359,5360,5389,4178,original,,,
2009-03-26,TX,200904,5349,5434,5317,5385,26,0.49%,130922,5385,47637,5383,5386,5434,4178,original,,,
2009-03-27,TX,200904,5434,5454,5336,5353,-32,-0.59%,110172,5356,45343,5353,5356,5454,4178,original,,,
2009-03-30,TX,200904,5346,5360,5143,5175,-181,-3.38%,111500,5179,42627,5174,5175,5454,4178,original,,,
2009-03-31,TX,200904,5225,5295,5175,5201,22,0.42%,105649,5199,43646,5200,5202,5454,4178,original,,,
2009-04-01,TX,200904,5228,5344,5222,5314,115,2.21%,135958,5314,42788,5314,5316,5454,4178,original,,,
2009-04-02,TX,200904,5400,5517,5400,5511,197,3.71%,115854,5512,48333,5511,5516,5517,4178,original,,,
2009-04-03,TX,200904,5562,5567,5475,5509,-3,-0.05%,103180,5511,47283,5511,5512,5567,4178,original,,,
2009-04-06,TX,200904,5560,5619,5493,5525,14,0.25%,105000,5526,47448,5525,5527,5619,4178,original,,,
2009-04-07,TX,200904,5503,5587,5464,5583,57,1.03%,97735,5584,48330,5584,5585,5619,4178,original,,,
2009-04-08,TX,200904,5501,5583,5416,5456,-128,-2.29%,134387,5459,45498,5456,5460,5619,4178,original,,,
2009-04-09,TX,200904,5538,5718,5525,5712,253,4.63%,113141,5712,47455,5711,5712,5718,4178,original,,,
2009-04-10,TX,200904,5762,5830,5696,5827,115,2.01%,127509,5826,44375,5825,5827,5830,4178,original,,,
2009-04-13,TX,200904,5835,5876,5786,5846,20,0.34%,108378,5846,40089,5843,5846,5876,4178,original,,,
2009-04-14,TX,200904,5825,5901,5785,5858,12,0.21%,106808,5858,28843,5858,5859,5901,4178,original,,,
2009-04-15,TX,200904,5858,5895,5782,5861,3,0.05%,57688,0,20398,5860,5861,5901,4178,original,,,
2009-04-16,TX,200905,5999,6047,5950,5994,134,2.29%,112966,5997,39612,5994,5998,6047,4889,original,,,
2009-04-17,TX,200905,6046,6060,5684,5775,-222,-3.70%,150477,5776,40085,5774,5775,6060,4889,original,,,
2009-04-20,TX,200905,5772,5815,5668,5765,-11,-0.19%,128665,5767,43124,5761,5766,6060,4889,original,,,
2009-04-21,TX,200905,5667,5899,5654,5896,129,2.24%,132016,5891,45215,5892,5896,6060,4889,original,,,
2009-04-22,TX,200905,5865,5928,5833,5847,-44,-0.75%,115857,5847,43973,5846,5847,6060,4889,original,,,
2009-04-23,TX,200905,5870,5906,5755,5901,54,0.92%,138442,5899,44740,5901,5905,6060,4889,original,,,
2009-04-24,TX,200905,5915,5998,5791,5904,5,0.08%,146131,5903,44311,5903,5904,6060,4889,original,,,
2009-04-27,TX,200905,5930,5950,5676,5710,-193,-3.27%,147704,5706,46937,5706,5710,6060,4889,original,,,
2009-04-28,TX,200905,5766,5784,5576,5580,-126,-2.21%,159423,5582,48676,5580,5581,6060,4889,original,,,
2009-04-29,TX,200905,5648,5664,5584,5623,41,0.73%,109869,5622,49219,5621,5623,6060,4889,original,,,
2009-04-30,TX,200905,6015,6015,5995,6015,393,6.99%,29390,6015,48285,6015,-,6060,4889,original,,,
2009-05-04,TX,200905,6363,6436,6301,6436,421,7.00%,39803,6436,49219,6436,-,6436,4889,original,,,
2009-05-05,TX,200905,6637,6720,6426,6542,106,1.65%,156581,6540,50215,6542,6545,6720,4889,original,,,
2009-05-06,TX,200905,6510,6585,6412,6536,-4,-0.06%,119763,6540,48572,6537,6539,6720,4889,original,,,
2009-05-07,TX,200905,6606,6630,6446,6613,73,1.12%,109284,6611,45090,6611,6613,6720,4889,original,,,
2009-05-08,TX,200905,6570,6598,6506,6572,-39,-0.59%,93346,6572,46562,6572,6574,6720,4889,original,,,
2009-05-11,TX,200905,6549,6697,6522,6597,25,0.38%,100933,6597,47091,6597,6600,6720,4889,original,,,
2009-05-12,TX,200905,6562,6586,6385,6447,-150,-2.27%,125471,6446,46796,6445,6449,6720,4889,original,,,
2009-05-13,TX,200905,6454,6499,6420,6469,23,0.36%,81965,6469,47199,6468,6470,6720,4889,original,,,
2009-05-14,TX,200905,6355,6419,6315,6321,-148,-2.29%,90653,6322,46498,6321,6323,6720,4889,original,,,
2009-05-15,TX,200905,6372,6509,6356,6476,154,2.44%,99721,6475,42695,6474,6476,6720,4889,original,,,
2009-05-18,TX,200905,6424,6573,6402,6561,86,1.33%,110397,6562,37293,6561,6562,6720,4889,original,,,
2009-05-19,TX,200905,6715,6804,6623,6693,131,2.00%,106087,6690,28151,6690,6693,6804,4889,original,,,
2009-05-20,TX,200905,6710,6745,6585,6697,7,0.10%,77508,0,21040,6697,6699,6804,4889,original,,,
2009-05-21,TX,200906,6629,6695,6605,6671,2,0.03%,91060,6670,33606,6669,6671,7240,3600,original,,,
2009-05-22,TX,200906,6605,6732,6595,6692,22,0.33%,90309,6690,35092,6690,6692,7240,3600,original,,,
2009-05-25,TX,200906,6751,6837,6647,6724,34,0.51%,109555,6724,35065,6724,6728,7240,3600,original,,,
2009-05-26,TX,200906,6700,6761,6633,6646,-78,-1.16%,94266,6646,36730,6643,6647,7240,3600,original,,,
2009-05-27,TX,200906,6720,6997,6699,6932,286,4.30%,115397,6931,36638,6932,6935,7240,3600,original,,,
2009-06-01,TX,200906,6980,7010,6900,6954,23,0.33%,76133,6957,37676,6956,6958,7240,3600,original,,,
2009-06-02,TX,200906,7037,7050,6864,6916,-41,-0.59%,92552,6918,38226,6916,6918,7240,3600,original,,,
2009-06-03,TX,200906,6928,6933,6842,6898,-20,-0.29%,80200,6897,39233,6895,6898,7240,3600,original,,,
2009-06-04,TX,200906,6860,6897,6696,6784,-113,-1.64%,112986,6785,40785,6782,6785,7240,3600,original,,,
2009-06-05,TX,200906,6811,6827,6735,6790,5,0.07%,74537,6792,39956,6790,6793,7240,3600,original,,,
2009-06-06,TX,200906,6777,6853,6775,6833,41,0.60%,39231,6832,40473,6832,6835,7240,3600,original,,,
2009-06-08,TX,200906,6865,6884,6612,6643,-189,-2.77%,98861,6645,41538,6640,6643,7240,3600,original,,,
2009-06-09,TX,200906,6668,6668,6390,6413,-232,-3.49%,120988,6414,44226,6411,6413,7240,3600,original,,,
2009-06-10,TX,200906,6458,6504,6385,6459,45,0.70%,91519,6460,42332,6459,6460,7240,3600,original,,,
2009-06-11,TX,200906,6490,6545,6335,6516,56,0.87%,122673,6517,39922,6515,6517,7240,3600,original,,,
2009-06-12,TX,200906,6530,6558,6411,6437,-80,-1.23%,105325,6442,38788,6436,6441,7240,3600,original,,,
2009-06-15,TX,200906,6390,6390,6174,6208,-234,-3.63%,122373,6208,35715,6207,6211,7240,3600,original,,,
2009-06-16,TX,200906,6173,6251,6133,6208,0,0.00%,103392,6208,30281,6207,6208,7240,3600,original,,,
2009-06-17,TX,200906,6218,6294,6195,6204,-4,-0.06%,63998,0,18863,6203,6205,7240,3600,original,,,
2009-06-18,TX,200907,6130,6205,5994,6090,-51,-0.83%,124107,6084,42991,6089,6090,6962,5994,original,,,
2009-06-19,TX,200907,6090,6150,6045,6138,54,0.89%,91433,6138,42402,6137,6139,6962,5994,original,,,
2009-06-22,TX,200907,6137,6264,6075,6206,68,1.11%,96819,6209,41716,6205,6211,6962,5994,original,,,
2009-06-23,TX,200907,6088,6150,6059,6072,-137,-2.21%,83089,6070,43599,6069,6072,6962,5994,original,,,
2009-06-24,TX,200907,6089,6494,6073,6311,241,3.97%,143068,6306,43037,6308,6311,6962,5994,original,,,
2009-06-25,TX,200907,6306,6427,6295,6389,83,1.32%,101790,6388,42129,6389,6391,6962,5994,original,,,
2009-06-26,TX,200907,6405,6432,6361,6391,3,0.05%,76262,6388,41353,6389,6393,6962,5994,original,,,
2009-06-29,TX,200907,6415,6436,6305,6345,-43,-0.67%,92895,6342,42419,6343,6345,6962,5994,original,,,
2009-06-30,TX,200907,6421,6450,6301,6383,41,0.65%,97666,6384,43765,6383,6384,6962,5994,original,,,
2009-07-01,TX,200907,6414,6546,6361,6517,133,2.08%,108225,6514,45070,6517,6519,6962,5994,original,,,
2009-07-02,TX,200907,6525,6626,6517,6590,76,1.17%,96176,6585,44080,6586,6589,6962,5994,original,,,
2009-07-03,TX,200907,6547,6633,6520,6602,17,0.26%,91953,6599,43551,6601,6603,6962,5994,original,,,
2009-07-06,TX,200907,6619,6631,6527,6588,-11,-0.17%,90788,6588,43658,6587,6590,6962,5994,original,,,
2009-07-07,TX,200907,6588,6710,6578,6665,77,1.17%,97969,6662,43244,6663,6664,6962,5994,original,,,
2009-07-08,TX,200907,6621,6637,6558,6627,-35,-0.53%,92894,6625,41547,6626,6629,6962,5994,original,,,
2009-07-09,TX,200907,6627,6778,6625,6724,99,1.49%,101563,6722,40724,6722,6723,6962,5994,original,,,
2009-07-10,TX,200907,6735,6755,6676,6755,33,0.49%,74365,6753,39011,6753,6755,6962,5994,original,,,
2009-07-13,TX,200907,6739,6765,6443,6469,-284,-4.21%,122838,6476,31056,6466,6472,6962,5994,original,,,
2009-07-14,TX,200907,6540,6609,6507,6580,104,1.61%,79254,6578,21114,6579,6580,6962,5994,original,,,
2009-07-15,TX,200907,6630,6782,6625,6763,185,2.81%,66513,0,12750,6761,6763,6962,5994,original,,,
2009-07-16,TX,200908,6748,6785,6661,6709,66,0.99%,90133,6705,39402,6705,6709,6785,5906,original,,,
2009-07-17,TX,200908,6736,6802,6700,6756,51,0.76%,79837,6760,40846,6757,6762,6802,5906,original,,,
2009-07-20,TX,200908,6839,6884,6758,6859,99,1.46%,86232,6860,43327,6859,6861,6884,5906,original,,,
2009-07-21,TX,200908,6900,6912,6795,6874,14,0.20%,91337,6877,44002,6874,6875,6912,5906,original,,,
2009-07-22,TX,200908,6870,6959,6847,6885,8,0.12%,93603,6890,44470,6882,6885,6959,5906,original,,,
2009-07-23,TX,200908,6873,6955,6818,6881,-9,-0.13%,94592,6879,44311,6877,6881,6959,5906,original,,,
2009-07-24,TX,200908,6950,6963,6875,6897,18,0.26%,75387,6897,45311,6897,6898,6963,5906,original,,,
2009-07-27,TX,200908,6950,7010,6896,6967,70,1.01%,79395,6967,44650,6966,6967,7010,5906,original,,,
2009-07-28,TX,200908,6962,7088,6951,7080,113,1.62%,82604,7078,45205,7077,7080,7088,5906,original,,,
2009-07-29,TX,200908,7099,7132,7021,7037,-41,-0.58%,86739,7037,45798,7036,7038,7132,5906,original,,,
2009-07-30,TX,200908,7025,7043,6870,6963,-74,-1.05%,103156,6962,44607,6962,6963,7132,5906,original,,,
2009-07-31,TX,200908,7009,7083,6955,7028,66,0.95%,94020,7032,44195,7028,7031,7132,5906,original,,,
2009-08-03,TX,200908,7024,7028,6907,6982,-50,-0.71%,92249,6982,46143,6982,6983,7132,5906,original,,,
2009-08-04,TX,200908,7056,7070,6821,6881,-101,-1.45%,121427,6881,47198,6879,6881,7132,5906,original,,,
2009-08-05,TX,200908,6882,6948,6749,6772,-109,-1.58%,115725,6769,48892,6769,6772,7132,5906,original,,,
2009-08-06,TX,200908,6799,6833,6702,6803,34,0.50%,116213,6799,48125,6799,6803,7132,5906,original,,,
2009-08-10,TX,200908,6820,6854,6733,6814,15,0.22%,87325,6815,47392,6814,6816,7132,5906,original,,,
2009-08-11,TX,200908,6818,6895,6755,6895,80,1.17%,88944,6888,45752,6888,6895,7132,5906,original,,,
2009-08-12,TX,200908,6849,6898,6815,6839,-49,-0.71%,83658,6840,44892,6838,6842,7132,5906,original,,,
2009-08-13,TX,200908,6865,7031,6862,7013,173,2.53%,102013,7012,43262,7013,7014,7132,5906,original,,,
2009-08-14,TX,200908,7049,7112,7020,7063,51,0.73%,79285,7061,41874,7062,7063,7132,5906,original,,,
2009-08-17,TX,200908,7010,7034,6899,6914,-147,-2.08%,98803,6915,32869,6912,6916,7132,5906,original,,,
2009-08-18,TX,200908,6900,6908,6723,6817,-98,-1.42%,118179,6816,23519,6817,6819,7132,5906,original,,,
2009-08-19,TX,200908,6824,6844,6786,6795,-21,-0.31%,47901,0,15551,6794,6795,7132,5906,original,,,
2009-08-20,TX,200909,6722,6733,6590,6693,1,0.01%,107256,6691,42297,6690,6693,7092,3550,original,,,
2009-08-21,TX,200909,6700,6770,6553,6592,-99,-1.48%,121651,6596,46297,6591,6595,7092,3550,original,,,
2009-08-24,TX,200909,6754,6835,6711,6808,212,3.21%,96127,6807,46180,6807,6808,7092,3550,original,,,
2009-08-25,TX,200909,6798,6827,6742,6760,-47,-0.69%,92967,6760,47807,6760,6761,7092,3550,original,,,
2009-08-26,TX,200909,6785,6802,6616,6703,-57,-0.84%,129062,6700,49512,6701,6703,7092,3550,original,,,
2009-08-27,TX,200909,6673,6727,6610,6645,-55,-0.82%,108007,6645,50203,6642,6645,7092,3550,original,,,
2009-08-28,TX,200909,6677,6810,6656,6754,109,1.64%,108868,6755,49432,6753,6756,7092,3550,original,,,
2009-08-31,TX,200909,6765,6808,6701,6756,1,0.01%,95992,6757,51084,6756,6757,7092,3550,original,,,
2009-09-01,TX,200909,6757,7034,6736,7027,270,4.00%,126480,7024,53716,7027,7034,7092,3550,original,,,
2009-09-02,TX,200909,6951,7049,6937,7026,2,0.03%,107506,7025,49744,7025,7026,7092,3550,original,,,
2009-09-03,TX,200909,7020,7123,6979,7094,69,0.98%,112518,7091,50293,7092,7094,7123,3550,original,,,
2009-09-04,TX,200909,7121,7169,7071,7155,64,0.90%,97250,7152,50902,7153,7156,7169,3550,original,,,
2009-09-07,TX,200909,7186,7227,7145,7221,69,0.96%,81702,7219,52467,7219,7222,7227,3550,original,,,
2009-09-08,TX,200909,7250,7367,7181,7316,97,1.34%,124697,7316,49552,7316,7317,7367,3550,original,,,
2009-09-09,TX,200909,7316,7344,7248,7257,-59,-0.81%,86455,7256,49347,7257,7260,7367,3550,original,,,
2009-09-10,TX,200909,7334,7758,7285,7360,104,1.43%,161712,7361,48140,7360,7362,7758,3550,original,,,
2009-09-11,TX,200909,7329,7370,7291,7353,-8,-0.11%,68490,7353,45935,7353,7354,7758,3550,original,,,
2009-09-14,TX,200909,7307,7344,7204,7252,-101,-1.37%,101737,7254,38753,7252,7258,7758,3550,original,,,
2009-09-15,TX,200909,7289,7385,7253,7357,103,1.42%,85200,7356,32011,7355,7357,7758,3550,original,,,
2009-09-16,TX,200909,7428,7460,7375,7444,88,1.20%,58879,0,23052,7444,7445,7758,3550,original,,,
2009-09-17,TX,200910,7500,7517,7436,7466,16,0.21%,98899,7467,43746,7466,7468,7730,6528,original,,,
2009-09-18,TX,200910,7441,7502,7408,7467,0,0.00%,73594,7467,44011,7465,7467,7730,6528,original,,,
2009-09-21,TX,200910,7481,7556,7398,7466,-1,-0.01%,93350,7464,44514,7464,7466,7730,6528,original,,,
2009-09-22,TX,200910,7484,7506,7425,7454,-10,-0.13%,67476,7456,45072,7454,7457,7730,6528,original,,,
2009-09-23,TX,200910,7460,7520,7311,7347,-109,-1.46%,122587,7351,46700,7347,7349,7730,6528,original,,,
2009-09-24,TX,200910,7364,7375,7235,7295,-56,-0.76%,99619,7298,46509,7295,7302,7730,6528,original,,,
2009-09-25,TX,200910,7250,7340,7235,7338,40,0.55%,79576,7335,46155,7336,7338,7730,6528,original,,,
2009-09-28,TX,200910,7276,7327,7215,7280,-55,-0.75%,81690,7281,45298,7279,7280,7730,6528,original,,,
2009-09-29,TX,200910,7330,7431,7328,7405,124,1.70%,88224,7403,45808,7403,7405,7730,6528,original,,,
2009-09-30,TX,200910,7427,7515,7411,7493,90,1.22%,86999,7489,46291,7490,7493,7730,6528,original,,,
2009-10-01,TX,200910,7538,7614,7455,7538,49,0.65%,98150,7538,46078,7538,7539,7730,6528,original,,,
2009-10-02,TX,200910,7418,7450,7344,7352,-186,-2.47%,89168,7358,45717,7351,7355,7730,6528,original,,,
2009-10-05,TX,200910,7358,7398,7326,7392,34,0.46%,68734,7392,44829,7390,7392,7730,6528,original,,,
2009-10-06,TX,200910,7428,7538,7395,7506,114,1.54%,104990,7507,43542,7506,7509,7730,6528,original,,,
2009-10-07,TX,200910,7587,7609,7530,7589,82,1.09%,79201,7590,42311,7588,7590,7730,6528,original,,,
2009-10-08,TX,200910,7590,7627,7448,7481,-109,-1.44%,100041,7483,44519,7481,7483,7730,6528,original,,,
2009-10-09,TX,200910,7508,7565,7464,7552,69,0.92%,86628,7555,43624,7552,7553,7730,6528,original,,,
2009-10-12,TX,200910,7565,7594,7492,7576,21,0.28%,84394,7576,44601,7576,7578,7730,6528,original,,,
2009-10-13,TX,200910,7509,7596,7276,7561,-15,-0.20%,114719,7563,43807,7561,7564,7730,6528,original,,,
2009-10-14,TX,200910,7599,7701,7591,7699,136,1.80%,80060,7698,43684,7699,7701,7730,6528,original,,,
2009-10-15,TX,200910,7774,7786,7690,7710,12,0.16%,97453,7705,45564,7705,7710,7786,6528,original,,,
2009-10-16,TX,200910,7710,7732,7667,7694,-11,-0.14%,75741,7695,43330,7694,7696,7786,6528,original,,,
2009-10-19,TX,200910,7649,7762,7625,7753,58,0.75%,73626,7751,39176,7751,7753,7786,6528,original,,,
2009-10-20,TX,200910,7792,7800,7731,7752,1,0.01%,69904,7750,32741,7749,7752,7800,6528,original,,,
2009-10-21,TX,200910,7743,7758,7660,7706,-44,-0.57%,60536,0,22191,7705,7706,7800,6528,original,,,
2009-10-22,TX,200911,7609,7669,7524,7573,-80,-1.05%,110014,7570,37935,7570,7574,7772,7188,original,,,
2009-10-23,TX,200911,7594,7632,7571,7596,26,0.34%,62746,7599,38118,7597,7599,7772,7188,original,,,
2009-10-26,TX,200911,7619,7765,7611,7643,44,0.58%,83612,7642,37606,7643,7646,7772,7188,original,,,
2009-10-27,TX,200911,7609,7647,7537,7644,2,0.03%,90053,7644,37193,7643,7645,7772,7188,original,,,
2009-10-28,TX,200911,7602,7650,7502,7508,-136,-1.78%,115957,7505,40794,7506,7507,7772,7188,original,,,
2009-10-29,TX,200911,7360,7404,7205,7322,-183,-2.44%,127331,7320,39263,7318,7322,7772,7188,original,,,
2009-10-30,TX,200911,7375,7392,7278,7285,-35,-0.48%,83450,7283,40361,7280,7285,7772,7188,original,,,
2009-11-02,TX,200911,7150,7295,7135,7278,-5,-0.07%,91237,7278,43006,7278,7279,7772,7135,original,,,
2009-11-03,TX,200911,7278,7320,7253,7274,-4,-0.05%,72941,7275,43057,7274,7276,7772,7135,original,,,
2009-11-04,TX,200911,7315,7443,7308,7439,164,2.25%,88160,7438,41294,7438,7442,7772,7135,original,,,
2009-11-05,TX,200911,7409,7460,7375,7409,-29,-0.39%,84857,7406,40059,7408,7409,7772,7135,original,,,
2009-11-06,TX,200911,7502,7524,7440,7478,72,0.97%,75178,7474,39398,7477,7478,7772,7135,original,,,
2009-11-09,TX,200911,7540,7576,7505,7549,75,1.00%,73533,7547,40573,7548,7550,7772,7135,original,,,
2009-11-10,TX,200911,7630,7639,7572,7589,42,0.56%,63116,7591,39467,7589,7592,7772,7135,original,,,
2009-11-11,TX,200911,7615,7683,7551,7681,90,1.19%,101971,7678,38583,7678,7681,7772,7135,original,,,
2009-11-12,TX,200911,7695,7711,7665,7686,8,0.10%,65745,7685,38824,7686,7687,7772,7135,original,,,
2009-11-13,TX,200911,7660,7719,7627,7672,-13,-0.17%,75594,7673,35829,7673,7674,7772,7135,original,,,
2009-11-16,TX,200911,7688,7808,7676,7806,133,1.73%,83204,7805,34506,7805,7807,7808,7135,original,,,
2009-11-17,TX,200911,7989,7997,7730,7735,-70,-0.90%,120252,7737,23377,7735,7737,7997,7135,original,,,
2009-11-18,TX,200911,7788,7803,7750,7787,50,0.65%,42101,0,16947,7786,7787,7997,7135,original,,,
2009-11-19,TX,200912,7756,7788,7700,7700,-39,-0.50%,78989,7702,41950,7700,7702,7960,3870,original,,,
2009-11-20,TX,200912,7672,7709,7606,7672,-30,-0.39%,92058,7670,41992,7670,7672,7960,3870,original,,,
2009-11-23,TX,200912,7660,7694,7636,7691,21,0.27%,49686,7691,42961,7691,7692,7960,3870,original,,,
2009-11-24,TX,200912,7693,7719,7677,7700,9,0.12%,50194,7698,43539,7699,7700,7960,3870,original,,,
2009-11-25,TX,200912,7695,7785,7686,7776,78,1.01%,81022,7773,43053,7773,7776,7960,3870,original,,,
2009-11-26,TX,200912,7774,7825,7732,7743,-30,-0.39%,75629,7745,45355,7743,7744,7960,3870,original,,,
2009-11-27,TX,200912,7625,7630,7436,7440,-305,-3.94%,109681,7441,45101,7439,7440,7960,3870,original,,,
2009-11-30,TX,200912,7558,7592,7540,7557,116,1.56%,59762,7557,44751,7557,7559,7960,3870,original,,,
2009-12-01,TX,200912,7570,7670,7512,7639,82,1.09%,90333,7641,45683,7638,7640,7960,3870,original,,,
2009-12-02,TX,200912,7675,7721,7655,7689,48,0.63%,73228,7689,46406,7688,7689,7960,3870,original,,,
2009-12-03,TX,200912,7740,7757,7640,7697,8,0.10%,80219,7697,47919,7697,7698,7960,3870,original,,,
2009-12-04,TX,200912,7677,7710,7590,7592,-105,-1.36%,69102,7594,48804,7592,7594,7960,3870,original,,,
2009-12-07,TX,200912,7649,7782,7616,7754,160,2.11%,88669,7752,46592,7752,7754,7960,3870,original,,,
2009-12-08,TX,200912,7750,7774,7710,7757,5,0.06%,72028,7754,45970,7754,7757,7960,3870,original,,,
2009-12-09,TX,200912,7719,7794,7706,7793,39,0.50%,65111,7789,47029,7791,7793,7960,3870,original,,,
2009-12-10,TX,200912,7799,7807,7590,7639,-150,-1.93%,128000,7639,44101,7638,7639,7960,3870,original,,,
2009-12-11,TX,200912,7657,7793,7642,7792,153,2.00%,94856,7790,41667,7791,7792,7960,3870,original,,,
2009-12-14,TX,200912,7789,7845,7735,7831,41,0.53%,97062,7829,38075,7828,7831,7960,3870,original,,,
2009-12-15,TX,200912,7840,7849,7781,7799,-30,-0.38%,70162,7799,33052,7799,7802,7960,3870,original,,,
2009-12-16,TX,200912,7809,7817,7706,7753,-46,-0.59%,64166,0,20673,7752,7753,7960,3870,original,,,
2009-12-17,TX,201001,7713,7798,7666,7691,-8,-0.10%,106265,7692,39592,7691,7692,7813,7410,original,,,
2009-12-18,TX,201001,7662,7713,7611,7701,9,0.12%,77636,7701,40245,7701,7703,7813,7410,original,,,
2009-12-21,TX,201001,7701,7790,7701,7753,52,0.68%,74447,7752,40100,7752,7753,7813,7410,original,,,
2009-12-22,TX,201001,7788,7834,7773,7831,79,1.02%,67618,7829,41076,7831,7832,7834,7410,original,,,
2009-12-23,TX,201001,7844,7879,7818,7867,38,0.49%,62343,7866,42303,7866,7868,7879,7410,original,,,
2009-12-24,TX,201001,7888,7974,7871,7953,87,1.11%,79018,7951,44243,7951,7953,7974,7410,original,,,
2009-12-25,TX,201001,7960,7987,7945,7983,32,0.40%,40328,7982,44637,7981,7983,7987,7410,original,,,
2009-12-28,TX,201001,7995,8078,7976,8045,63,0.79%,73145,8046,46933,8044,8045,8078,7410,original,,,
2009-12-29,TX,201001,8033,8063,8022,8059,13,0.16%,53930,8058,47779,8058,8059,8078,7410,original,,,
2009-12-30,TX,201001,8050,8115,8043,8091,33,0.41%,59359,8091,47966,8088,8091,8115,7410,original,,,
2009-12-31,TX,201001,8106,8205,8105,8205,114,1.41%,67209,8201,48234,8203,8205,8205,7410,original,,,
2010-01-04,TX,201001,8203,8211,8101,8166,-35,-0.43%,84131,8167.0,50760,8166,8168,8211,7410,original,,,
2010-01-05,TX,201001,8212,8260,8125,8178,11,0.13%,108012,8178.0,51769,8178,8179,8260,7410,original,,,
2010-01-06,TX,201001,8197,8336,8179,8320,142,1.74%,120081,8321.0,54934,8318,8320,8336,7410,original,,,
2010-01-07,TX,201001,8335,8355,8230,8259,-62,-0.75%,120555,8260.0,54734,8259,8261,8355,7410,original,,,
2010-01-08,TX,201001,8287,8297,8183,8278,18,0.22%,104771,8277.0,55794,8276,8278,8355,7410,original,,,
2010-01-11,TX,201001,8278,8353,8251,8325,48,0.58%,88096,8322.0,56822,8321,8325,8355,7410,original,,,
2010-01-12,TX,201001,8318,8337,8246,8308,-14,-0.17%,99739,8309.0,56634,8308,8310,8355,7410,original,,,
2010-01-13,TX,201001,8259,8275,8191,8215,-94,-1.13%,108932,8215.0,56891,8215,8217,8355,7410,original,,,
2010-01-14,TX,201001,8246,8328,8236,8301,86,1.05%,81125,8299.0,56371,8300,8303,8355,7410,original,,,
2010-01-15,TX,201001,8310,8385,8307,8369,70,0.84%,96104,8367.0,54424,8368,8369,8385,7410,original,,,
2010-01-18,TX,201001,8300,8383,8286,8353,-14,-0.17%,78516,8351.0,49011,8352,8353,8385,7410,original,,,
2010-01-19,TX,201001,8370,8382,8230,8270,-81,-0.97%,121248,8269.0,35839,8269,8271,8385,7410,original,,,
2010-01-20,TX,201001,8306,8312,8198,8215,-54,-0.65%,67857,0.0,25310,8214,8215,8385,7410,original,,,
2010-01-21,TX,201002,8185,8213,8112,8134,-82,-1.00%,117077,8134.0,53155,8132,8134,8353,7582,original,,,
2010-01-22,TX,201002,8019,8023,7884,7897,-237,-2.91%,126740,7897.0,57449,7897,7898,8353,7582,original,,,
2010-01-25,TX,201002,7822,7912,7802,7852,-45,-0.57%,87477,7852.0,59162,7852,7853,8353,7582,original,,,
2010-01-26,TX,201002,7832,7886,7520,7556,-296,-3.77%,182130,7558.0,54769,7556,7559,8353,7520,original,,,
2010-01-27,TX,201002,7574,7633,7509,7534,-24,-0.32%,116963,7535.0,56155,7534,7537,8353,7509,original,,,
2010-01-28,TX,201002,7579,7745,7555,7699,164,2.18%,117356,7697.0,53073,7697,7699,8353,7509,original,,,
2010-01-29,TX,201002,7552,7633,7442,7580,-117,-1.52%,148605,7581.0,53861,7578,7580,8353,7442,original,,,
2010-02-01,TX,201002,7569,7634,7442,7513,-68,-0.90%,133007,7510.0,58055,7510,7513,8353,7442,original,,,
2010-02-02,TX,201002,7580,7603,7346,7371,-139,-1.85%,143485,7374.0,59631,7371,7373,8353,7346,original,,,
2010-02-03,TX,201002,7456,7528,7390,7501,127,1.72%,139624,7501.0,57371,7500,7501,8353,7346,original,,,
2010-02-04,TX,201002,7503,7538,7460,7507,6,0.08%,90229,7505.0,54743,7505,7507,8353,7346,original,,,
2010-02-05,TX,201002,7300,7321,7130,7201,-304,-4.05%,127511,7202.0,54340,7200,7202,8353,7130,original,,,
2010-02-06,TX,201002,7229,7236,7056,7155,-47,-0.65%,102594,7155.0,55080,7155,7156,8353,7056,original,,,
2010-02-08,TX,201002,7155,7235,7125,7160,5,0.07%,99368,7162.0,48399,7161,7163,8353,7056,original,,,
2010-02-09,TX,201002,7171,7344,7151,7316,154,2.15%,115841,7316.0,37004,7316,7318,8353,7056,original,,,
2010-02-10,TX,201002,7350,7479,7345,7419,103,1.41%,117786,7414.0,27576,7417,7419,8353,7056,original,,,
2010-02-22,TX,201002,7708,7708,7553,7558,144,1.94%,49687,0.0,20726,7558,7559,8353,7056,original,,,
2010-02-23,TX,201003,7534,7552,7451,7535,1,0.01%,90651,7537.0,45011,7534,7535,8322,5193,original,,,
2010-02-24,TX,201003,7468,7545,7458,7480,-57,-0.76%,83099,7481.0,47018,7480,7482,8322,5193,original,,,
2010-02-25,TX,201003,7505,7522,7335,7368,-113,-1.51%,124223,7368.0,51638,7368,7369,8322,5193,original,,,
2010-02-26,TX,201003,7378,7434,7341,7383,15,0.20%,91371,7383.0,50532,7382,7383,8322,5193,original,,,
2010-03-01,TX,201003,7413,7605,7395,7575,192,2.60%,118336,7571.0,52094,7572,7575,8322,5193,original,,,
2010-03-02,TX,201003,7595,7649,7569,7601,30,0.40%,85761,7598.0,51293,7599,7601,8322,5193,original,,,
2010-03-03,TX,201003,7596,7664,7578,7611,13,0.17%,90229,7612.0,51406,7611,7612,8322,5193,original,,,
2010-03-04,TX,201003,7622,7639,7463,7526,-86,-1.13%,117200,7527.0,51817,7526,7528,8322,5193,original,,,
2010-03-05,TX,201003,7603,7692,7558,7659,132,1.75%,117270,7656.0,50799,7656,7659,8322,5193,original,,,
2010-03-08,TX,201003,7729,7758,7686,7755,99,1.29%,78128,7756.0,52404,7755,7756,8322,5193,original,,,
2010-03-09,TX,201003,7771,7774,7724,7764,8,0.10%,57308,7764.0,52333,7764,7766,8322,5193,original,,,
2010-03-10,TX,201003,7771,7792,7703,7769,5,0.06%,80818,7769.0,52470,7768,7769,8322,5193,original,,,
2010-03-11,TX,201003,7800,7808,7731,7757,-12,-0.15%,84883,7758.0,53340,7757,7759,8322,5193,original,,,
2010-03-12,TX,201003,7785,7788,7711,7754,-4,-0.05%,66469,7752.0,50641,7753,7754,8322,5193,original,,,
2010-03-15,TX,201003,7756,7758,7631,7655,-97,-1.25%,111429,7655.0,43617,7655,7656,8322,5193,original,,,
2010-03-16,TX,201003,7651,7707,7642,7703,48,0.63%,61394,7704.0,34762,7703,7704,8322,5193,original,,,
2010-03-17,TX,201003,7750,7844,7745,7842,138,1.79%,63598,0.0,28298,7842,7843,8322,5193,original,,,
2010-03-18,TX,201004,7837,7922,7818,7850,14,0.18%,93097,7849.0,39309,7850,7852,7922,7300,original,,,
2010-03-19,TX,201004,7850,7884,7826,7867,18,0.23%,66434,7867.0,41304,7867,7868,7922,7300,original,,,
2010-03-22,TX,201004,7830,7840,7745,7802,-65,-0.83%,92460,7803.0,41969,7801,7802,7922,7300,original,,,
2010-03-23,TX,201004,7850,7863,7756,7804,1,0.01%,90596,7805.0,42008,7804,7805,7922,7300,original,,,
2010-03-24,TX,201004,7865,7876,7804,7815,10,0.13%,84035,7814.0,43787,7813,7814,7922,7300,original,,,
2010-03-25,TX,201004,7792,7858,7716,7803,-11,-0.14%,129037,7809.0,44200,7803,7806,7922,7300,original,,,
2010-03-26,TX,201004,7809,7917,7724,7886,77,0.99%,138132,7883.0,41602,7882,7886,7922,7300,original,,,
2010-03-29,TX,201004,7912,7966,7885,7957,74,0.94%,80247,7956.0,42555,7955,7957,7966,7300,original,,,
2010-03-30,TX,201004,7977,7991,7940,7961,5,0.06%,62687,7959.0,43555,7960,7961,7991,7300,original,,,
2010-03-31,TX,201004,7946,7970,7895,7906,-53,-0.67%,74622,7908.0,43885,7906,7908,7991,7300,original,,,
2010-04-01,TX,201004,7940,8041,7926,8025,117,1.48%,95385,8024.0,46080,8024,8025,8041,7300,original,,,
2010-04-02,TX,201004,8024,8047,8015,8039,15,0.19%,40155,8037.0,44134,8038,8039,8047,7300,original,,,
2010-04-06,TX,201004,8071,8142,8062,8096,59,0.73%,87309,8095.0,49165,8096,8097,8142,7300,original,,,
2010-04-07,TX,201004,8125,8140,8095,8126,31,0.38%,62123,8124.0,50819,8125,8126,8142,7300,original,,,
2010-04-08,TX,201004,8110,8170,8045,8081,-43,-0.53%,127263,8081.0,50411,8081,8083,8170,7300,original,,,
2010-04-09,TX,201004,8077,8105,8046,8101,20,0.25%,71514,8099.0,51822,8098,8101,8170,7300,original,,,
2010-04-12,TX,201004,8158,8168,8086,8126,27,0.33%,79826,8126.0,53729,8126,8127,8170,7300,original,,,
2010-04-13,TX,201004,8086,8119,8013,8019,-107,-1.32%,118213,8019.0,53074,8018,8019,8170,7300,original,,,
2010-04-14,TX,201004,8065,8114,8038,8112,93,1.16%,79410,8111.0,52814,8111,8112,8170,7300,original,,,
2010-04-15,TX,201004,8153,8196,8130,8158,47,0.58%,82591,8162.0,52236,8158,8159,8196,7300,original,,,
2010-04-16,TX,201004,8147,8155,8070,8102,-60,-0.74%,97706,8102.0,48574,8102,8105,8196,7300,original,,,
2010-04-19,TX,201004,8002,8033,7821,7822,-280,-3.46%,132915,7825.0,44857,7822,7824,8196,7300,original,,,
2010-04-20,TX,201004,7880,7911,7825,7876,51,0.65%,90356,7877.0,36408,7875,7876,8196,7300,original,,,
2010-04-21,TX,201004,7950,7998,7923,7980,103,1.31%,75433,0.0,24967,7980,7981,8196,7300,original,,,
2010-04-22,TX,201005,7905,7953,7843,7925,-31,-0.39%,116094,7923.0,47301,7924,7925,8161,7688,original,,,
2010-04-23,TX,201005,7951,7983,7937,7958,35,0.44%,79346,7959.0,46124,7958,7959,8161,7688,original,,,
2010-04-26,TX,201005,8077,8162,8070,8148,189,2.37%,87141,8146.0,47526,8145,8148,8162,7688,original,,,
2010-04-27,TX,201005,8148,8152,8109,8130,-16,-0.20%,60876,8129.0,47546,8129,8130,8162,7688,original,,,
2010-04-28,TX,201005,7961,8059,7920,8035,-94,-1.16%,116469,8036.0,48627,8035,8036,8162,7688,original,,,
2010-04-29,TX,201005,8036,8065,8011,8043,7,0.09%,70064,8043.0,45233,8043,8044,8162,7688,original,,,
2010-04-30,TX,201005,8128,8152,7966,7989,-54,-0.67%,131598,7989.0,46537,7989,7990,8162,7688,original,,,
2010-05-03,TX,201005,7925,8001,7876,7931,-58,-0.73%,116275,7932.0,47033,7931,7934,8162,7688,original,,,
2010-05-04,TX,201005,7968,7982,7848,7880,-52,-0.66%,129308,7881.0,47587,7880,7881,8162,7688,original,,,
2010-05-05,TX,201005,7690,7750,7649,7657,-224,-2.84%,139679,7655.0,48620,7657,7658,8162,7649,original,,,
2010-05-06,TX,201005,7643,7669,7512,7579,-76,-0.99%,128579,7578.0,47751,7579,7581,8162,7512,original,,,
2010-05-07,TX,201005,7352,7547,7351,7502,-76,-1.00%,157944,7504.0,49835,7503,7504,8162,7351,original,,,
2010-05-10,TX,201005,7564,7638,7531,7637,133,1.77%,104819,7635.0,48880,7637,7638,8162,7351,original,,,
2010-05-11,TX,201005,7570,7697,7555,7568,-67,-0.88%,137129,7570.0,49791,7568,7573,8162,7351,original,,,
2010-05-12,TX,201005,7630,7658,7541,7587,17,0.22%,125000,7586.0,50657,7586,7587,8162,7351,original,,,
2010-05-13,TX,201005,7698,7777,7660,7761,175,2.31%,118535,7763.0,48316,7761,7762,8162,7351,original,,,
2010-05-14,TX,201005,7712,7766,7702,7760,-3,-0.04%,83064,7756.0,45154,7756,7760,8162,7351,original,,,
2010-05-17,TX,201005,7680,7682,7555,7602,-154,-1.99%,132831,7602.0,40344,7602,7603,8162,7351,original,,,
2010-05-18,TX,201005,7610,7640,7576,7619,17,0.22%,92214,7616.0,30843,7618,7620,8162,7351,original,,,
2010-05-19,TX,201005,7518,7587,7468,7576,-40,-0.53%,80404,0.0,22209,7575,7576,8162,7351,original,,,
2010-05-20,TX,201006,7509,7514,7356,7357,-126,-1.68%,129922,7364.0,52890,7356,7360,8228,6400,original,,,
2010-05-21,TX,201006,7164,7247,7112,7209,-155,-2.10%,121989,7206.0,54950,7204,7209,8228,6400,original,,,
2010-05-24,TX,201006,7224,7319,7214,7274,68,0.94%,100810,7274.0,54740,7272,7275,8228,6400,original,,,
2010-05-25,TX,201006,7188,7189,7006,7052,-222,-3.05%,149343,7052.0,56762,7053,7054,8228,6400,original,,,
2010-05-26,TX,201006,7122,7154,7045,7122,70,0.99%,128300,7123.0,55816,7122,7125,8228,6400,original,,,
2010-05-27,TX,201006,7103,7234,7056,7202,79,1.11%,133780,7200.0,53925,7202,7203,8228,6400,original,,,
2010-05-28,TX,201006,7289,7328,7221,7280,80,1.11%,127565,7277.0,52872,7280,7281,8228,6400,original,,,
2010-05-31,TX,201006,7302,7333,7255,7325,48,0.66%,81072,7325.0,53281,7325,7327,8228,6400,original,,,
2010-06-01,TX,201006,7283,7321,7220,7244,-81,-1.11%,131341,7243.0,54879,7243,7245,8228,6400,original,,,
2010-06-02,TX,201006,7193,7282,7101,7140,-103,-1.42%,146272,7140.0,59459,7140,7141,8228,6400,original,,,
2010-06-03,TX,201006,7253,7341,7252,7338,198,2.77%,110634,7338.0,60126,7337,7338,8228,6400,original,,,
2010-06-04,TX,201006,7338,7348,7305,7321,-17,-0.23%,62707,7318.0,59158,7319,7321,8228,6400,original,,,
2010-06-07,TX,201006,7100,7128,7035,7097,-221,-3.02%,128756,7097.0,60432,7097,7098,8228,6400,original,,,
2010-06-08,TX,201006,7097,7139,7075,7129,32,0.45%,86675,7128.0,60261,7129,7131,8228,6400,original,,,
2010-06-09,TX,201006,7080,7139,6990,7038,-90,-1.26%,125232,7037.0,62924,7038,7039,8228,6400,original,,,
2010-06-10,TX,201006,7068,7164,7038,7163,126,1.79%,109141,7161.0,59429,7161,7162,8228,6400,original,,,
2010-06-11,TX,201006,7316,7317,7244,7293,132,1.84%,84575,7292.0,54735,7293,7294,8228,6400,original,,,
2010-06-14,TX,201006,7356,7395,7336,7382,90,1.23%,76580,7386.0,44922,7382,7385,8228,6400,original,,,
2010-06-15,TX,201006,7378,7498,7364,7459,73,0.99%,93703,7457.0,31541,7458,7459,8228,6400,original,,,
2010-06-17,TX,201006,7518,7537,7479,7519,62,0.83%,57082,0.0,20470,7519,7520,8228,6400,original,,,
2010-06-18,TX,201007,7364,7387,7297,7352,3,0.04%,96166,7349.0,46265,7350,7351,7451,6866,original,,,
2010-06-21,TX,201007,7440,7525,7408,7523,174,2.37%,114904,7521.0,47482,7523,7524,7525,6866,original,,,
2010-06-22,TX,201007,7480,7506,7468,7480,-41,-0.55%,61354,7481.0,44862,7480,7482,7525,6866,original,,,
2010-06-23,TX,201007,7430,7478,7388,7437,-44,-0.59%,98541,7433.0,46829,7435,7437,7525,6866,original,,,
2010-06-24,TX,201007,7431,7456,7398,7427,-6,-0.08%,69407,7428.0,46753,7427,7429,7525,6866,original,,,
2010-06-25,TX,201007,7341,7385,7302,7324,-104,-1.40%,101937,7322.0,46679,7322,7324,7525,6866,original,,,
2010-06-28,TX,201007,7334,7375,7326,7362,40,0.55%,57111,7363.0,47190,7362,7366,7525,6866,original,,,
2010-06-29,TX,201007,7393,7453,7251,7252,-111,-1.51%,136712,7254.0,49538,7251,7252,7525,6866,original,,,
2010-06-30,TX,201007,7126,7168,7092,7153,-101,-1.39%,88601,7153.0,50267,7153,7154,7525,6866,original,,,
2010-07-01,TX,201007,7123,7147,7061,7101,-52,-0.73%,113002,7100.0,51565,7103,7104,7525,6866,original,,,
2010-07-02,TX,201007,7135,7216,7116,7165,65,0.92%,105182,7161.0,51883,7165,7166,7525,6866,original,,,
2010-07-05,TX,201007,7185,7325,7168,7324,163,2.28%,108042,7322.0,50430,7321,7325,7525,6866,original,,,
2010-07-06,TX,201007,7262,7458,7246,7456,134,1.83%,124317,7455.0,50066,7453,7456,7525,6866,original,,,
2010-07-07,TX,201007,7436,7455,7406,7447,-8,-0.11%,79243,7448.0,48696,7447,7448,7525,6866,original,,,
2010-07-08,TX,201007,7568,7571,7500,7532,84,1.13%,96454,7535.0,50733,7532,7536,7571,6866,original,,,
2010-07-09,TX,201007,7540,7582,7522,7566,31,0.41%,70477,7566.0,49783,7562,7566,7582,6866,original,,,
2010-07-12,TX,201007,7590,7654,7528,7533,-33,-0.44%,97622,7531.0,49640,7530,7532,7654,6866,original,,,
2010-07-13,TX,201007,7589,7603,7517,7560,29,0.39%,92650,7558.0,50381,7557,7558,7654,6866,original,,,
2010-07-14,TX,201007,7660,7703,7645,7703,145,1.92%,82523,7700.0,50276,7700,7703,7703,6866,original,,,
2010-07-15,TX,201007,7677,7728,7668,7707,7,0.09%,76060,7707.0,49788,7707,7708,7728,6866,original,,,
2010-07-16,TX,201007,7701,7715,7635,7669,-38,-0.49%,106135,7670.0,47481,7669,7672,7728,6866,original,,,
2010-07-19,TX,201007,7601,7673,7591,7659,-11,-0.14%,77670,7657.0,42647,7657,7658,7728,6866,original,,,
2010-07-20,TX,201007,7647,7746,7635,7709,52,0.68%,100166,7711.0,29552,7709,7710,7746,6866,original,,,
2010-07-21,TX,201007,7758,7758,7683,7687,-24,-0.31%,51616,0.0,20518,7687,7688,7758,6866,original,,,
2010-07-22,TX,201008,7585,7614,7536,7563,-36,-0.47%,91546,7561.0,41414,7561,7563,7628,6950,original,,,
2010-07-23,TX,201008,7647,7703,7635,7680,119,1.57%,83773,7678.0,41326,7678,7679,7703,6950,original,,,
2010-07-26,TX,201008,7715,7728,7682,7709,31,0.40%,61705,7708.0,42090,7708,7710,7728,6950,original,,,
2010-07-27,TX,201008,7730,7733,7642,7657,-51,-0.66%,84227,7659.0,46289,7657,7661,7733,6950,original,,,
2010-07-28,TX,201008,7679,7732,7635,7723,64,0.84%,80898,7720.0,49247,7722,7723,7733,6950,original,,,
2010-07-29,TX,201008,7720,7731,7668,7707,-13,-0.17%,80324,7708.0,48329,7708,7710,7733,6950,original,,,
2010-07-30,TX,201008,7685,7699,7638,7682,-26,-0.34%,83628,7680.0,49294,7681,7682,7733,6950,original,,,
2010-08-02,TX,201008,7748,7878,7746,7870,190,2.47%,88137,7866.0,49805,7868,7870,7878,6950,original,,,
2010-08-03,TX,201008,7911,7916,7868,7914,48,0.61%,58141,7912.0,49867,7913,7914,7916,6950,original,,,
2010-08-04,TX,201008,7886,7928,7872,7911,-1,-0.01%,79056,7913.0,49243,7911,7912,7928,6950,original,,,
2010-08-05,TX,201008,7960,7960,7875,7913,0,0.00%,88965,7911.0,51427,7910,7913,7960,6950,original,,,
2010-08-06,TX,201008,7890,7932,7880,7929,18,0.23%,65549,7928.0,51589,7929,7930,7960,6950,original,,,
2010-08-09,TX,201008,7911,8001,7911,7987,59,0.74%,71723,7986.0,51536,7987,7988,8001,6950,original,,,
2010-08-10,TX,201008,7998,7998,7933,7936,-50,-0.63%,70375,7936.0,50867,7935,7937,8001,6950,original,,,
2010-08-11,TX,201008,7886,7930,7833,7856,-80,-1.01%,114453,7856.0,49351,7854,7856,8001,6950,original,,,
2010-08-12,TX,201008,7778,7824,7764,7800,-56,-0.71%,85123,7801.0,49956,7800,7802,8001,6950,original,,,
2010-08-13,TX,201008,7816,7925,7803,7911,110,1.41%,95376,7913.0,48713,7911,7913,8001,6950,original,,,
2010-08-16,TX,201008,7843,7957,7830,7946,33,0.42%,85244,7946.0,40170,7945,7947,8001,6950,original,,,
2010-08-17,TX,201008,7935,7965,7925,7941,-5,-0.06%,66398,7939.0,30115,7940,7941,8001,6950,original,,,
2010-08-18,TX,201008,7969,7971,7900,7919,-20,-0.25%,59966,0.0,15793,7917,7919,8001,6950,original,,,
2010-08-19,TX,201009,7899,7922,7847,7918,41,0.52%,88915,7918.0,48656,7917,7918,7968,6709,original,,,
2010-08-20,TX,201009,7883,7900,7860,7886,-32,-0.40%,65098,7888.0,49173,7888,7890,7968,6709,original,,,
2010-08-23,TX,201009,7880,8003,7874,7952,64,0.81%,88947,7951.0,53928,7951,7952,8003,6709,original,,,
2010-08-24,TX,201009,7920,7956,7884,7887,-64,-0.80%,90103,7885.0,55450,7885,7888,8003,6709,original,,,
2010-08-25,TX,201009,7843,7844,7673,7679,-206,-2.61%,136835,7680.0,57396,7678,7680,8003,6709,original,,,
2010-08-26,TX,201009,7672,7696,7621,7621,-59,-0.77%,90562,7622.0,60962,7622,7623,8003,6709,original,,,
2010-08-27,TX,201009,7611,7676,7605,7659,37,0.49%,89168,7660.0,61619,7658,7660,8003,6709,original,,,
2010-08-30,TX,201009,7742,7793,7688,7718,58,0.76%,106064,7716.0,61434,7716,7718,8003,6709,original,,,
2010-08-31,TX,201009,7653,7658,7536,7557,-159,-2.06%,119636,7559.0,63968,7557,7561,8003,6709,original,,,
2010-09-01,TX,201009,7569,7638,7569,7630,71,0.94%,77257,7628.0,63500,7630,7631,8003,6709,original,,,
2010-09-02,TX,201009,7695,7744,7665,7692,64,0.84%,102840,7693.0,63143,7691,7692,8003,6709,original,,,
2010-09-03,TX,201009,7714,7786,7713,7777,84,1.09%,94555,7779.0,57636,7778,7779,8003,6709,original,,,
2010-09-06,TX,201009,7838,7878,7819,7865,86,1.11%,77831,7864.0,56704,7863,7865,8003,6709,original,,,
2010-09-07,TX,201009,7860,7874,7843,7853,-11,-0.14%,60520,7853.0,57876,7853,7854,8003,6709,original,,,
2010-09-08,TX,201009,7823,7868,7790,7848,-5,-0.06%,116025,7849.0,58222,7848,7849,8003,6709,original,,,
2010-09-09,TX,201009,7885,7890,7806,7834,-15,-0.19%,100524,7833.0,59525,7831,7834,8003,6709,original,,,
2010-09-10,TX,201009,7889,7908,7849,7900,67,0.86%,88648,7897.0,55349,7896,7898,8003,6709,original,,,
2010-09-13,TX,201009,7943,8110,7934,8109,212,2.68%,127838,8108.0,47015,8107,8108,8110,6709,original,,,
2010-09-14,TX,201009,8117,8135,8088,8122,14,0.17%,67460,8121.0,38685,8121,8122,8135,6709,original,,,
2010-09-15,TX,201009,8142,8158,8113,8154,33,0.41%,51515,0.0,26319,8153,8154,8158,6709,original,,,
2010-09-16,TX,201010,8145,8163,8062,8070,-87,-1.07%,94098,8071.0,48827,8070,8071,8163,7515,original,,,
2010-09-17,TX,201010,8100,8209,8097,8171,100,1.24%,111718,8170.0,53627,8170,8172,8209,7515,original,,,
2010-09-20,TX,201010,8155,8195,8135,8178,8,0.10%,72390,8179.0,54722,8178,8179,8209,7515,original,,,
2010-09-21,TX,201010,8237,8247,8156,8192,13,0.16%,89176,8191.0,55500,8192,8194,8247,7515,original,,,
2010-09-23,TX,201010,8178,8233,8148,8202,11,0.13%,84525,8202.0,56458,8201,8205,8247,7515,original,,,
2010-09-24,TX,201010,8185,8197,8121,8147,-55,-0.67%,126534,8147.0,55411,8143,8147,8247,7515,original,,,
2010-09-27,TX,201010,8200,8230,8176,8185,38,0.47%,77297,8187.0,54786,8184,8187,8247,7515,original,,,
2010-09-28,TX,201010,8162,8199,8150,8180,-7,-0.09%,68963,8180.0,55691,8180,8181,8247,7515,original,,,
2010-09-29,TX,201010,8220,8295,8203,8210,30,0.37%,117733,8211.0,56481,8210,8212,8295,7515,original,,,
2010-09-30,TX,201010,8218,8232,8186,8219,8,0.10%,81016,8216.0,57730,8218,8219,8295,7515,original,,,
2010-10-01,TX,201010,8246,8256,8201,8238,22,0.27%,75235,8235.0,58822,8236,8238,8295,7515,original,,,
2010-10-04,TX,201010,8238,8285,8214,8217,-18,-0.22%,90840,8216.0,58761,8215,8218,8295,7515,original,,,
2010-10-05,TX,201010,8207,8214,8127,8192,-24,-0.29%,115261,8190.0,58257,8190,8191,8295,7515,original,,,
2010-10-06,TX,201010,8268,8293,8254,8273,83,1.01%,79300,8272.0,56689,8271,8273,8295,7515,original,,,
2010-10-07,TX,201010,8271,8282,8255,8272,0,0.00%,50519,8272.0,57467,8271,8272,8295,7515,original,,,
2010-10-08,TX,201010,8266,8300,8213,8214,-58,-0.70%,102711,8215.0,57516,8214,8215,8300,7515,original,,,
2010-10-11,TX,201010,8241,8246,8130,8135,-80,-0.97%,98905,8136.0,58500,8133,8137,8300,7515,original,,,
2010-10-12,TX,201010,8150,8153,8021,8056,-80,-0.98%,122291,8058.0,55470,8057,8059,8300,7515,original,,,
2010-10-13,TX,201010,8090,8110,8041,8108,50,0.62%,96903,8107.0,54225,8107,8108,8300,7515,original,,,
2010-10-14,TX,201010,8177,8251,8165,8229,122,1.50%,119656,8227.0,54218,8227,8229,8300,7515,original,,,
2010-10-15,TX,201010,8212,8246,8190,8190,-37,-0.45%,81159,8194.0,53531,8190,8191,8300,7515,original,,,
2010-10-18,TX,201010,8189,8193,8024,8033,-161,-1.96%,141294,8030.0,45759,8036,8037,8300,7515,original,,,
2010-10-19,TX,201010,8035,8053,7995,8020,-10,-0.12%,85879,8019.0,39133,8020,8023,8300,7515,original,,,
2010-10-20,TX,201010,7950,8121,7947,8120,101,1.26%,82275,0.0,26729,8120,8121,8300,7515,original,,,
2010-10-21,TX,201011,8080,8144,8063,8088,-19,-0.23%,111011,8088.0,42406,8088,8091,8275,7921,original,,,
2010-10-22,TX,201011,8122,8142,8097,8142,54,0.67%,67964,8139.0,42327,8140,8142,8275,7921,original,,,
2010-10-25,TX,201011,8173,8306,8158,8303,164,2.01%,109281,8303.0,45644,8301,8303,8306,7921,original,,,
2010-10-26,TX,201011,8299,8340,8296,8313,10,0.12%,70560,8314.0,46294,8312,8313,8340,7921,original,,,
2010-10-27,TX,201011,8329,8368,8264,8281,-33,-0.40%,117085,8280.0,46045,8280,8281,8368,7921,original,,,
2010-10-28,TX,201011,8310,8355,8282,8341,61,0.74%,91823,8340.0,48247,8341,8342,8368,7921,original,,,
2010-10-29,TX,201011,8320,8327,8257,8302,-38,-0.46%,99968,8302.0,49132,8302,8303,8368,7921,original,,,
2010-11-01,TX,201011,8325,8429,8325,8393,91,1.10%,107257,8390.0,53478,8390,8392,8429,7921,original,,,
2010-11-02,TX,201011,8405,8405,8361,8367,-23,-0.27%,58662,8367.0,55545,8367,8368,8429,7921,original,,,
2010-11-03,TX,201011,8411,8423,8283,8324,-43,-0.51%,136324,8323.0,56542,8320,8325,8429,7921,original,,,
2010-11-04,TX,201011,8342,8388,8325,8368,45,0.54%,77018,8371.0,58186,8369,8370,8429,7921,original,,,
2010-11-05,TX,201011,8478,8500,8443,8463,92,1.10%,79141,8464.0,59734,8463,8464,8500,7921,original,,,
2010-11-08,TX,201011,8482,8488,8431,8453,-11,-0.13%,75622,8450.0,61314,8449,8453,8500,7921,original,,,
2010-11-09,TX,201011,8440,8471,8433,8467,17,0.20%,58677,8466.0,61299,8465,8467,8500,7921,original,,,
2010-11-10,TX,201011,8488,8492,8435,8485,19,0.22%,76611,8482.0,61071,8482,8484,8500,7921,original,,,
2010-11-11,TX,201011,8465,8480,8446,8451,-31,-0.37%,58177,8451.0,59582,8449,8451,8500,7921,original,,,
2010-11-12,TX,201011,8435,8438,8301,8314,-137,-1.62%,130015,8311.0,53971,8312,8314,8500,7921,original,,,
2010-11-15,TX,201011,8296,8310,8229,8270,-41,-0.49%,101630,8270.0,45734,8270,8271,8500,7921,original,,,
2010-11-16,TX,201011,8230,8342,8220,8290,20,0.24%,101891,8289.0,32883,8290,8291,8500,7921,original,,,
2010-11-17,TX,201011,8246,8299,8227,8246,-43,-0.52%,61629,0.0,20993,8245,8246,8500,7921,original,,,
2010-11-18,TX,201012,8255,8294,8239,8292,24,0.29%,78768,8291.0,57727,8291,8292,8471,6632,original,,,
2010-11-19,TX,201012,8337,8361,8257,8286,-5,-0.06%,117715,8290.0,58374,8286,8290,8471,6632,original,,,
2010-11-22,TX,201012,8323,8396,8312,8373,83,1.00%,90490,8369.0,57364,8372,8373,8471,6632,original,,,
2010-11-23,TX,201012,8374,8375,8306,8330,-39,-0.47%,74225,8329.0,55995,8326,8330,8471,6632,original,,,
2010-11-24,TX,201012,8281,8353,8271,8305,-24,-0.29%,94334,8303.0,56268,8301,8305,8471,6632,original,,,
2010-11-25,TX,201012,8309,8362,8308,8341,38,0.46%,70220,8339.0,55894,8339,8342,8471,6632,original,,,
2010-11-26,TX,201012,8354,8358,8294,8300,-39,-0.47%,82714,8298.0,56651,8296,8300,8471,6632,original,,,
2010-11-29,TX,201012,8350,8395,8312,8382,84,1.01%,123857,8379.0,56376,8379,8382,8471,6632,original,,,
2010-11-30,TX,201012,8400,8450,8371,8401,22,0.26%,119667,8401.0,58931,8401,8403,8471,6632,original,,,
2010-12-01,TX,201012,8423,8550,8411,8550,149,1.77%,108687,8547.0,62027,8547,8550,8550,6632,original,,,
2010-12-02,TX,201012,8600,8642,8591,8619,72,0.84%,88977,8618.0,64260,8617,8619,8642,6632,original,,,
2010-12-03,TX,201012,8639,8645,8609,8630,12,0.14%,70423,8628.0,64302,8627,8629,8645,6632,original,,,
2010-12-06,TX,201012,8640,8714,8632,8697,69,0.80%,80691,8695.0,64959,8693,8697,8714,6632,original,,,
2010-12-07,TX,201012,8698,8716,8652,8716,21,0.24%,69626,8713.0,65575,8714,8716,8716,6632,original,,,
2010-12-08,TX,201012,8718,8721,8675,8701,-12,-0.14%,61331,8700.0,63147,8700,8701,8721,6632,original,,,
2010-12-09,TX,201012,8722,8797,8722,8789,89,1.02%,95653,8788.0,65427,8788,8789,8797,6632,original,,,
2010-12-10,TX,201012,8761,8761,8698,8742,-46,-0.52%,91693,8743.0,60135,8742,8745,8797,6632,original,,,
2010-12-13,TX,201012,8728,8764,8725,8737,-6,-0.07%,60110,8737.0,56687,8737,8739,8797,6632,original,,,
2010-12-14,TX,201012,8752,8792,8712,8738,1,0.01%,98988,8737.0,46927,8737,8738,8797,6632,original,,,
2010-12-15,TX,201012,8740,8747,8704,8726,-11,-0.13%,49981,0.0,35128,8726,8727,8797,6632,original,,,
2010-12-16,TX,201101,8764,8794,8754,8773,-1,-0.01%,68086,8773.0,58975,8772,8773,8794,8218,original,,,
2010-12-17,TX,201101,8777,8840,8775,8809,36,0.41%,83266,8808.0,60895,8807,8809,8840,8218,original,,,
2010-12-20,TX,201101,8817,8832,8728,8762,-46,-0.52%,101924,8763.0,61430,8762,8765,8840,8218,original,,,
2010-12-21,TX,201101,8783,8847,8763,8846,83,0.95%,76748,8845.0,63148,8845,8847,8847,8218,original,,,
2010-12-22,TX,201101,8858,8872,8834,8850,5,0.06%,66539,8852.0,63245,8850,8853,8872,8218,original,,,
2010-12-23,TX,201101,8856,8908,8846,8898,46,0.52%,72427,8898.0,64674,8897,8898,8908,8218,original,,,
2010-12-24,TX,201101,8898,8898,8867,8880,-18,-0.20%,49958,8879.0,64038,8880,8882,8908,8218,original,,,
2010-12-27,TX,201101,8866,8918,8832,8884,5,0.06%,82851,8884.0,63661,8882,8884,8918,8218,original,,,
2010-12-28,TX,201101,8900,8906,8830,8878,-6,-0.07%,82968,8877.0,64003,8877,8878,8918,8218,original,,,
2010-12-29,TX,201101,8860,8895,8842,8872,-5,-0.06%,81948,8872,64211,8870,8872,8918,8218,original,,,
2010-12-30,TX,201101,8879,8918,8865,8906,34,0.38%,82893,8905,63719,8905,8906,8918,8218,original,,,
2010-12-31,TX,201101,8892,8997,8892,8988,83,0.93%,88956,8987,65655,8988,8990,8997,8218,original,,,
2011-01-03,TX,201101,9000,9030,8995,9020,33,0.37%,61494,9020.0,65919,9019,9020,9030,8218,original,,,
2011-01-04,TX,201101,9030,9030,8974,8978,-42,-0.47%,62547,8976.0,64269,8975,8978,9030,8218,original,,,
2011-01-05,TX,201101,8967,9005,8791,8838,-138,-1.54%,165903,8839.0,60256,8837,8840,9030,8218,original,,,
2011-01-06,TX,201101,8859,8876,8815,8869,30,0.34%,82566,8868.0,59604,8866,8868,9030,8218,original,,,
2011-01-07,TX,201101,8866,8883,8727,8753,-115,-1.30%,128865,8753.0,54805,8753,8754,9030,8218,original,,,
2011-01-10,TX,201101,8753,8799,8735,8786,33,0.38%,68409,8787.0,54440,8786,8788,9030,8218,original,,,
2011-01-11,TX,201101,8779,8950,8760,8942,155,1.76%,131239,8940.0,55914,8941,8942,9030,8218,original,,,
2011-01-12,TX,201101,8960,9003,8945,8967,27,0.30%,82550,8965.0,56256,8965,8967,9030,8218,original,,,
2011-01-13,TX,201101,8998,9017,8916,8969,4,0.04%,107360,8969.0,55014,8968,8970,9030,8218,original,,,
2011-01-14,TX,201101,8965,8981,8931,8970,1,0.01%,67802,8969.0,54326,8969,8970,9030,8218,original,,,
2011-01-17,TX,201101,8993,9002,8914,8922,-47,-0.52%,97047,8920.0,48446,8920,8921,9030,8218,original,,,
2011-01-18,TX,201101,8920,9012,8871,8972,52,0.58%,107216,8973.0,38304,8972,8973,9030,8218,original,,,
2011-01-19,TX,201101,8988,9085,8984,9083,110,1.23%,62356,0.0,26844,9083,9084,9085,8218,original,,,
2011-01-20,TX,201102,9018,9032,8996,9009,-37,-0.41%,64889,9007.0,58154,9008,9009,9063,8701,original,,,
2011-01-21,TX,201102,8970,8975,8858,8907,-100,-1.11%,139586,8906.0,61232,8906,8908,9063,8701,original,,,
2011-01-24,TX,201102,8923,8956,8910,8947,41,0.46%,72357,8944.0,61449,8944,8947,9063,8701,original,,,
2011-01-25,TX,201102,8994,9029,8965,8966,22,0.25%,80982,8967.0,61874,8965,8966,9063,8701,original,,,
2011-01-26,TX,201102,8970,9073,8970,9052,85,0.95%,94345,9051.0,60674,9052,9053,9073,8701,original,,,
2011-01-27,TX,201102,9086,9126,9068,9105,54,0.60%,83534,9103.0,62977,9105,9106,9126,8701,original,,,
2011-01-28,TX,201102,9112,9140,9094,9138,35,0.38%,64992,9136.0,59670,9135,9137,9140,8701,original,,,
2011-02-08,TX,201102,9186,9196,9062,9099,-37,-0.40%,98816,9099.0,62175,9097,9099,9196,8701,original,,,
2011-02-09,TX,201102,9071,9109,8975,9016,-83,-0.91%,129231,9012.0,61147,9014,9015,9196,8701,original,,,
2011-02-10,TX,201102,8971,8983,8817,8824,-188,-2.09%,139801,8823.0,60736,8824,8825,9196,8701,original,,,
2011-02-11,TX,201102,8818,8827,8523,8563,-260,-2.95%,194208,8564.0,50003,8561,8563,9196,8523,original,,,
2011-02-14,TX,201102,8625,8693,8601,8641,77,0.90%,98497,8645.0,44099,8641,8642,9196,8523,original,,,
2011-02-15,TX,201102,8625,8733,8531,8696,51,0.59%,131734,8697.0,35965,8696,8699,9196,8523,original,,,
2011-02-16,TX,201102,8718,8757,8695,8719,22,0.25%,58640,0.0,24714,8718,8719,9196,8523,original,,,
2011-02-17,TX,201103,8651,8675,8589,8629,6,0.07%,119834,8625.0,50564,8626,8629,9170,6620,original,,,
2011-02-18,TX,201103,8678,8845,8675,8808,183,2.12%,119179,8809.0,52657,8808,8810,9170,6620,original,,,
2011-02-21,TX,201103,8814,8815,8732,8809,0,0.00%,83876,8809.0,51892,8809,8810,9170,6620,original,,,
2011-02-22,TX,201103,8713,8722,8562,8616,-193,-2.19%,145288,8620.0,52075,8616,8619,9170,6620,original,,,
2011-02-23,TX,201103,8588,8637,8480,8522,-98,-1.14%,139848,8521.0,57011,8521,8523,9170,6620,original,,,
2011-02-24,TX,201103,8502,8610,8502,8531,10,0.12%,118991,8531.0,57988,8531,8535,9170,6620,original,,,
2011-02-25,TX,201103,8560,8630,8433,8615,84,0.98%,185991,8615.0,61000,8615,8619,9170,6620,original,,,
2011-03-01,TX,201103,8695,8710,8634,8691,76,0.88%,84843,8690.0,60186,8691,8692,9170,6620,original,,,
2011-03-02,TX,201103,8610,8674,8582,8602,-88,-1.01%,126612,8601.0,60512,8600,8602,9170,6620,original,,,
2011-03-03,TX,201103,8660,8755,8630,8748,147,1.71%,122404,8739.0,57170,8744,8749,9170,6620,original,,,
2011-03-04,TX,201103,8796,8800,8753,8758,19,0.22%,83715,8761.0,58111,8759,8760,9170,6620,original,,,
2011-03-07,TX,201103,8743,8762,8677,8723,-38,-0.43%,108312,8721.0,58007,8721,8723,9170,6620,original,,,
2011-03-08,TX,201103,8704,8758,8701,8740,19,0.22%,77993,8740.0,58504,8740,8742,9170,6620,original,,,
2011-03-09,TX,201103,8793,8798,8698,8757,17,0.19%,101352,8758.0,59389,8756,8757,9170,6620,original,,,
2011-03-10,TX,201103,8763,8763,8608,8622,-136,-1.55%,140984,8623.0,57431,8621,8622,9170,6620,original,,,
2011-03-11,TX,201103,8550,8574,8480,8562,-61,-0.71%,129690,8559.0,52590,8559,8562,9170,6620,original,,,
2011-03-14,TX,201103,8531,8568,8366,8500,-59,-0.69%,172522,8504.0,49392,8501,8503,9170,6620,original,,,
2011-03-15,TX,201103,8531,8532,8026,8257,-247,-2.90%,281996,8257.0,39867,8254,8257,9170,6620,original,,,
2011-03-16,TX,201103,8410,8411,8264,8306,49,0.59%,98122,0.0,26589,8305,8306,9170,6620,original,,,
2011-03-17,TX,201104,8151,8274,8129,8255,-36,-0.43%,148030,8257.0,52852,8257,8258,8805,7994,original,,,
2011-03-18,TX,201104,8292,8345,8270,8319,62,0.75%,104790,8321.0,55160,8318,8319,8805,7994,original,,,
2011-03-21,TX,201104,8359,8445,8328,8390,69,0.83%,110694,8391.0,53023,8390,8392,8805,7994,original,,,
2011-03-22,TX,201104,8431,8479,8414,8415,24,0.29%,91071,8417.0,52255,8414,8415,8805,7994,original,,,
2011-03-23,TX,201104,8400,8510,8393,8448,31,0.37%,116480,8451.0,54199,8449,8453,8805,7994,original,,,
2011-03-24,TX,201104,8502,8548,8480,8527,76,0.90%,97401,8527.0,54476,8526,8527,8805,7994,original,,,
2011-03-25,TX,201104,8588,8626,8548,8579,52,0.61%,98085,8577.0,55300,8577,8579,8805,7994,original,,,
2011-03-28,TX,201104,8585,8585,8495,8520,-57,-0.66%,95878,8520.0,56580,8516,8520,8805,7994,original,,,
2011-03-29,TX,201104,8507,8575,8474,8575,55,0.65%,99788,8573.0,56934,8573,8575,8805,7994,original,,,
2011-03-30,TX,201104,8607,8650,8582,8590,17,0.20%,94925,8592.0,57622,8590,8593,8805,7994,original,,,
2011-03-31,TX,201104,8604,8645,8557,8642,50,0.58%,110985,8640.0,59568,8640,8642,8805,7994,original,,,
2011-04-01,TX,201104,8640,8689,8630,8686,46,0.53%,77932,8684.0,58975,8686,8689,8805,7994,original,,,
2011-04-06,TX,201104,8743,8863,8727,8838,154,1.77%,117188,8839.0,64452,8838,8840,8863,7994,original,,,
2011-04-07,TX,201104,8864,8901,8823,8897,58,0.66%,87447,8896.0,65813,8896,8897,8901,7994,original,,,
2011-04-08,TX,201104,8939,8939,8850,8866,-30,-0.34%,112662,8868.0,63348,8868,8869,8939,7994,original,,,
2011-04-11,TX,201104,8868,8882,8820,8859,-9,-0.10%,86849,8859.0,62901,8858,8861,8939,7994,original,,,
2011-04-12,TX,201104,8820,8822,8703,8705,-154,-1.74%,144977,8706.0,60386,8705,8706,8939,7994,original,,,
2011-04-13,TX,201104,8728,8810,8696,8806,100,1.15%,102232,8807.0,62979,8805,8806,8939,7994,original,,,
2011-04-14,TX,201104,8780,8852,8750,8799,-8,-0.09%,124710,8796.0,61857,8794,8800,8939,7994,original,,,
2011-04-15,TX,201104,8786,8820,8680,8704,-92,-1.05%,113500,8705.0,57942,8700,8704,8939,7994,original,,,
2011-04-18,TX,201104,8692,8760,8674,8710,5,0.06%,101713,8708.0,51591,8708,8709,8939,7994,original,,,
2011-04-19,TX,201104,8657,8671,8585,8627,-81,-0.93%,125140,8627.0,38344,8627,8629,8939,7994,original,,,
2011-04-20,TX,201104,8701,8800,8695,8791,164,1.90%,67546,0.0,28134,8791,8793,8939,7994,original,,,
2011-04-21,TX,201105,8882,9004,8879,8993,186,2.11%,119477,8989.0,59108,8990,8993,9004,8100,original,,,
2011-04-22,TX,201105,8989,9008,8973,8992,3,0.03%,55335,8991.0,61898,8990,8992,9008,8100,original,,,
2011-04-25,TX,201105,9003,9050,8942,8975,-16,-0.18%,106758,8974.0,62963,8974,8976,9050,8100,original,,,
2011-04-26,TX,201105,8914,8982,8870,8970,-4,-0.04%,139109,8968.0,62542,8968,8970,9050,8100,original,,,
2011-04-27,TX,201105,9051,9078,9032,9060,92,1.03%,94874,9059.0,62212,9058,9060,9078,8100,original,,,
2011-04-28,TX,201105,9098,9099,9005,9010,-49,-0.54%,107208,9014.0,62874,9010,9012,9099,8100,original,,,
2011-04-29,TX,201105,9014,9049,8930,9027,13,0.14%,142920,9024.0,63713,9023,9027,9099,8100,original,,,
2011-05-03,TX,201105,9036,9069,8896,8926,-98,-1.09%,126976,8933.0,62726,8926,8930,9099,8100,original,,,
2011-05-04,TX,201105,8908,8959,8860,8937,4,0.04%,118011,8936.0,63151,8935,8938,9099,8100,original,,,
2011-05-05,TX,201105,8903,9058,8885,9050,114,1.28%,132287,9050.0,65703,9050,9054,9099,8100,original,,,
2011-05-06,TX,201105,8971,9022,8956,9018,-32,-0.35%,102895,9014.0,63972,9015,9018,9099,8100,original,,,
2011-05-09,TX,201105,9001,9111,9001,9063,49,0.54%,106384,9063.0,63332,9063,9065,9111,8100,original,,,
2011-05-10,TX,201105,9063,9071,9026,9046,-17,-0.19%,72713,9045.0,62984,9045,9046,9111,8100,original,,,
2011-05-11,TX,201105,9109,9116,9013,9020,-25,-0.28%,112317,9020.0,61519,9020,9022,9116,8100,original,,,
2011-05-12,TX,201105,8960,9068,8942,9030,10,0.11%,118600,9028.0,59183,9029,9030,9116,8100,original,,,
2011-05-13,TX,201105,9017,9063,9000,9034,6,0.07%,93101,9029.0,56932,9028,9034,9116,8100,original,,,
2011-05-16,TX,201105,8995,9026,8914,8922,-107,-1.19%,122700,8926.0,45987,8922,8928,9116,8100,original,,,
2011-05-17,TX,201105,8900,8936,8847,8914,-12,-0.13%,121128,8911.0,31240,8913,8914,9116,8100,original,,,
2011-05-18,TX,201105,8915,8948,8896,8933,22,0.25%,52086,0.0,20513,8933,8934,9116,8100,original,,,
2011-05-19,TX,201106,8960,9043,8838,8840,-120,-1.34%,166077,8841.0,61154,8838,8840,9100,7300,original,,,
2011-05-20,TX,201106,8900,8915,8806,8817,-24,-0.27%,121117,8817.0,61133,8816,8819,9100,7300,original,,,
2011-05-23,TX,201106,8747,8771,8668,8738,-79,-0.90%,114374,8734.0,62379,8735,8738,9100,7300,original,,,
2011-05-24,TX,201106,8723,8767,8660,8762,28,0.32%,118444,8763.0,62116,8761,8765,9100,7300,original,,,
2011-05-25,TX,201106,8745,8746,8650,8678,-85,-0.97%,127832,8679.0,61175,8678,8679,9100,7300,original,,,
2011-05-26,TX,201106,8764,8796,8719,8787,108,1.24%,93892,8785.0,60118,8785,8787,9100,7300,original,,,
2011-05-27,TX,201106,8773,8855,8768,8782,-3,-0.03%,112213,8780.0,59346,8781,8782,9100,7300,original,,,
2011-05-30,TX,201106,8760,8827,8708,8820,40,0.46%,109526,8816.0,59937,8817,8820,9100,7300,original,,,
2011-05-31,TX,201106,8857,9034,8856,9021,205,2.33%,125480,9018.0,65861,9016,9021,9100,7300,original,,,
2011-06-01,TX,201106,9023,9106,9008,9092,74,0.82%,107908,9086.0,69013,9092,9093,9106,7300,original,,,
2011-06-02,TX,201106,8980,9057,8976,9027,-59,-0.65%,94010,9028.0,71546,9027,9029,9106,7300,original,,,
2011-06-03,TX,201106,9048,9078,8998,9070,42,0.47%,101815,9070.0,72940,9070,9071,9106,7300,original,,,
2011-06-07,TX,201106,9032,9095,8973,9095,25,0.28%,115032,9089.0,73349,9090,9095,9106,7300,original,,,
2011-06-08,TX,201106,9076,9087,9002,9031,-58,-0.64%,117902,9030.0,69076,9029,9031,9106,7300,original,,,
2011-06-09,TX,201106,9011,9050,8994,9031,1,0.01%,93200,9029.0,69650,9028,9031,9106,7300,original,,,
2011-06-10,TX,201106,9068,9069,8811,8829,-200,-2.22%,181810,8829.0,60185,8828,8829,9106,7300,original,,,
2011-06-13,TX,201106,8780,8805,8683,8744,-85,-0.96%,130403,8743.0,52308,8741,8743,9106,7300,original,,,
2011-06-14,TX,201106,8743,8848,8734,8846,103,1.18%,115004,8845.0,35654,8846,8848,9106,7300,original,,,
2011-06-15,TX,201106,8846,8877,8730,8839,-6,-0.07%,94369,0.0,26535,8839,8840,9106,7300,original,,,
2011-06-16,TX,201107,8559,8559,8481,8493,-137,-1.59%,122413,8494.0,49136,8491,8492,8952,8481,original,,,
2011-06-17,TX,201107,8492,8543,8436,8461,-33,-0.39%,130186,8462.0,52677,8461,8462,8952,8436,original,,,
2011-06-20,TX,201107,8501,8525,8365,8401,-61,-0.72%,130515,8399.0,54459,8399,8401,8952,8365,original,,,
2011-06-21,TX,201107,8470,8485,8400,8465,66,0.79%,122002,8465.0,56003,8462,8465,8952,8365,original,,,
2011-06-22,TX,201107,8518,8524,8416,8441,-24,-0.28%,126014,8442.0,55203,8441,8444,8952,8365,original,,,
2011-06-23,TX,201107,8424,8475,8389,8395,-47,-0.56%,113345,8397.0,56463,8395,8398,8952,8365,original,,,
2011-06-24,TX,201107,8420,8432,8365,8411,14,0.17%,99044,8410.0,61445,8409,8413,8952,8365,original,,,
2011-06-27,TX,201107,8310,8373,8260,8337,-73,-0.87%,111310,8335.0,60721,8335,8337,8952,8260,original,,,
2011-06-28,TX,201107,8385,8396,8304,8308,-27,-0.32%,102017,8310.0,60896,8308,8311,8952,8260,original,,,
2011-06-29,TX,201107,8377,8486,8353,8471,161,1.94%,131303,8470.0,58053,8471,8472,8952,8260,original,,,
2011-06-30,TX,201107,8475,8528,8456,8503,33,0.39%,101928,8505.0,57621,8503,8506,8952,8260,original,,,
2011-07-01,TX,201107,8560,8615,8543,8566,61,0.72%,97691,8572.0,55279,8569,8570,8952,8260,original,,,
2011-07-04,TX,201107,8631,8657,8598,8603,31,0.36%,81889,8601.0,55162,8600,8602,8952,8260,original,,,
2011-07-05,TX,201107,8611,8631,8585,8628,27,0.31%,71709,8629.0,55368,8629,8630,8952,8260,original,,,
2011-07-06,TX,201107,8628,8713,8623,8692,63,0.73%,97278,8690.0,55570,8690,8692,8952,8260,original,,,
2011-07-07,TX,201107,8690,8712,8665,8690,0,0.00%,75472,8689.0,55642,8688,8690,8952,8260,original,,,
2011-07-08,TX,201107,8696,8768,8635,8638,-51,-0.59%,126547,8643.0,56506,8638,8640,8952,8260,original,,,
2011-07-11,TX,201107,8603,8630,8573,8599,-44,-0.51%,80847,8600.0,55694,8599,8602,8952,8260,original,,,
2011-07-12,TX,201107,8511,8538,8412,8419,-181,-2.10%,118304,8422.0,57594,8419,8422,8952,8260,original,,,
2011-07-13,TX,201107,8431,8483,8410,8463,41,0.49%,102488,8463.0,57655,8464,8465,8952,8260,original,,,
2011-07-14,TX,201107,8448,8506,8360,8482,19,0.22%,141329,8481.0,58923,8481,8482,8952,8260,original,,,
2011-07-15,TX,201107,8472,8570,8451,8562,81,0.96%,123355,8563.0,56384,8560,8562,8952,8260,original,,,
2011-07-18,TX,201107,8507,8590,8469,8487,-76,-0.89%,123707,8486.0,48627,8486,8488,8952,8260,original,,,
2011-07-19,TX,201107,8500,8546,8487,8535,49,0.58%,100795,8532.0,36948,8532,8533,8952,8260,original,,,
2011-07-20,TX,201107,8620,8708,8611,8698,166,1.95%,68793,0.0,26671,8697,8698,8952,8260,original,,,
2011-07-21,TX,201108,8637,8654,8615,8652,16,0.19%,63011,8651.0,57740,8651,8652,8654,8140,original,,,
2011-07-22,TX,201108,8703,8740,8682,8691,40,0.46%,87424,8694.0,59032,8691,8693,8740,8140,original,,,
2011-07-25,TX,201108,8650,8689,8586,8608,-86,-0.99%,106117,8605.0,58029,8607,8609,8740,8140,original,,,
2011-07-26,TX,201108,8636,8744,8628,8738,133,1.55%,111221,8734.0,62023,8735,8738,8744,8140,original,,,
2011-07-27,TX,201108,8714,8772,8707,8762,28,0.32%,84296,8761.0,62532,8760,8762,8772,8140,original,,,
2011-07-28,TX,201108,8695,8735,8660,8728,-33,-0.38%,107534,8726.0,62948,8727,8728,8772,8140,original,,,
2011-07-29,TX,201108,8698,8726,8592,8613,-113,-1.29%,143010,8610.0,60509,8610,8613,8772,8140,original,,,
2011-08-01,TX,201108,8713,8728,8655,8681,71,0.82%,80934,8682.0,64681,8681,8684,8772,8140,original,,,
2011-08-02,TX,201108,8600,8607,8535,8574,-108,-1.24%,103383,8573.0,65134,8574,8575,8772,8140,original,,,
2011-08-03,TX,201108,8420,8455,8367,8439,-134,-1.56%,114328,8436.0,66978,8436,8439,8772,8140,original,,,
2011-08-04,TX,201108,8430,8488,8278,8294,-142,-1.68%,144711,8289.0,73085,8292,8295,8772,8140,original,,,
2011-08-05,TX,201108,7820,7988,7736,7766,-523,-6.31%,206321,7765.0,60354,7766,7767,8772,7736,original,,,
2011-08-08,TX,201108,7742,7769,7260,7555,-210,-2.70%,267551,7556.0,60036,7553,7555,8772,7260,original,,,
2011-08-09,TX,201108,7230,7607,7091,7533,-23,-0.30%,279725,7535.0,62048,7533,7536,8772,7091,original,,,
2011-08-10,TX,201108,7597,7698,7581,7662,127,1.69%,172778,7667.0,60464,7662,7665,8772,7091,original,,,
2011-08-11,TX,201108,7554,7748,7461,7699,32,0.42%,221701,7699.0,59604,7700,7701,8772,7091,original,,,
2011-08-12,TX,201108,7740,7794,7564,7589,-110,-1.43%,176888,7592.0,58556,7589,7591,8772,7091,original,,,
2011-08-15,TX,201108,7723,7831,7712,7817,225,2.96%,105030,7822.0,49904,7818,7821,8772,7091,original,,,
2011-08-16,TX,201108,7858,7877,7735,7773,-49,-0.63%,140095,7772.0,43884,7773,7774,8772,7091,original,,,
2011-08-17,TX,201108,7758,7824,7718,7753,-19,-0.24%,76314,0.0,32765,7752,7754,8772,7091,original,,,
2011-08-18,TX,201109,7580,7584,7447,7500,-145,-1.90%,152050,7498.0,57535,7499,7501,8787,7048,original,,,
2011-08-19,TX,201109,7298,7355,7191,7195,-303,-4.04%,161405,7197.0,56037,7197,7198,8787,7048,original,,,
2011-08-22,TX,201109,7197,7433,7160,7252,55,0.76%,205725,7251.0,56118,7252,7257,8787,7048,original,,,
2011-08-23,TX,201109,7301,7543,7297,7509,258,3.56%,167759,7504.0,56807,7504,7508,8787,7048,original,,,
2011-08-24,TX,201109,7530,7550,7340,7423,-81,-1.08%,194977,7422.0,58651,7420,7427,8787,7048,original,,,
2011-08-25,TX,201109,7543,7559,7346,7366,-56,-0.75%,150577,7360.0,60882,7365,7367,8787,7048,original,,,
2011-08-26,TX,201109,7399,7491,7354,7447,87,1.18%,156129,7444.0,59136,7446,7447,8787,7048,original,,,
2011-08-29,TX,201109,7470,7610,7440,7525,81,1.09%,135929,7529.0,57808,7525,7530,8787,7048,original,,,
2011-08-30,TX,201109,7600,7632,7548,7603,74,0.98%,119955,7601.0,57722,7601,7603,8787,7048,original,,,
2011-08-31,TX,201109,7617,7714,7556,7707,106,1.39%,130197,7707.0,59566,7707,7708,8787,7048,original,,,
2011-09-01,TX,201109,7750,7849,7681,7700,-7,-0.09%,155568,7699.0,59258,7700,7702,8787,7048,original,,,
2011-09-02,TX,201109,7725,7745,7651,7710,11,0.14%,121605,7713.0,58866,7709,7710,8787,7048,original,,,
2011-09-05,TX,201109,7550,7560,7467,7480,-233,-3.02%,122204,7477.0,59775,7477,7480,8787,7048,original,,,
2011-09-06,TX,201109,7404,7488,7313,7340,-137,-1.83%,171382,7336.0,59561,7336,7343,8787,7048,original,,,
2011-09-07,TX,201109,7460,7538,7412,7536,200,2.73%,120616,7535.0,60358,7534,7538,8787,7048,original,,,
2011-09-08,TX,201109,7565,7598,7477,7550,15,0.20%,140152,7547.0,61424,7548,7550,8787,7048,original,,,
2011-09-09,TX,201109,7553,7654,7510,7602,55,0.73%,153577,7602.0,60245,7602,7605,8787,7048,original,,,
2011-09-13,TX,201109,7502,7538,7335,7370,-232,-3.05%,131651,7369.0,61842,7368,7370,8787,7048,original,,,
2011-09-14,TX,201109,7398,7462,7160,7193,-176,-2.39%,182468,7193.0,62697,7193,7195,8787,7048,original,,,
2011-09-15,TX,201109,7360,7450,7324,7407,214,2.98%,156249,7405.0,59581,7403,7409,8787,7048,original,,,
2011-09-16,TX,201109,7514,7628,7507,7617,212,2.86%,139098,7608.0,54628,7610,7617,8787,7048,original,,,
2011-09-19,TX,201109,7580,7583,7455,7478,-130,-1.71%,116020,7477.0,47713,7477,7478,8787,7048,original,,,
2011-09-20,TX,201109,7444,7566,7369,7484,7,0.09%,180541,7486.0,33139,7484,7487,8787,7048,original,,,
2011-09-21,TX,201109,7508,7591,7453,7537,51,0.68%,76416,0.0,19315,7535,7537,8787,7048,original,,,
2011-09-22,TX,201110,7362,7370,7250,7276,-258,-3.42%,125732,7275.0,55928,7274,7276,7820,7130,original,,,
2011-09-23,TX,201110,7037,7104,6972,7054,-221,-3.04%,153498,7048.0,61053,7050,7055,7820,6972,original,,,
2011-09-26,TX,201110,7036,7048,6855,6881,-167,-2.37%,156941,6882.0,64806,6879,6881,7820,6855,original,,,
2011-09-27,TX,201110,7038,7135,7030,7135,253,3.68%,122963,7129.0,60221,7132,7135,7820,6855,original,,,
2011-09-28,TX,201110,7187,7196,7067,7100,-29,-0.41%,126297,7102.0,62368,7100,7105,7820,6855,original,,,
2011-09-29,TX,201110,7041,7208,7023,7182,80,1.13%,134437,7181.0,61394,7181,7182,7820,6855,original,,,
2011-09-30,TX,201110,7182,7230,7131,7182,1,0.01%,124704,7181.0,60098,7178,7181,7820,6855,original,,,
2011-10-03,TX,201110,7029,7085,6959,7015,-166,-2.31%,115048,7017.0,62467,7013,7019,7820,6855,original,,,
2011-10-04,TX,201110,6871,7098,6871,7094,77,1.10%,147003,7090.0,61129,7092,7094,7820,6855,original,,,
2011-10-05,TX,201110,7058,7087,6973,6990,-100,-1.41%,110636,6988.0,64127,6987,6990,7820,6855,original,,,
2011-10-06,TX,201110,7115,7190,7100,7122,134,1.92%,120600,7122.0,57811,7120,7122,7820,6855,original,,,
2011-10-07,TX,201110,7250,7260,7183,7191,69,0.97%,112034,7192.0,54759,7188,7191,7820,6855,original,,,
2011-10-11,TX,201110,7353,7408,7336,7407,215,2.99%,83352,7406.0,53517,7405,7408,7820,6855,original,,,
2011-10-12,TX,201110,7370,7424,7340,7388,-18,-0.24%,96807,7389.0,52731,7388,7389,7820,6855,original,,,
2011-10-13,TX,201110,7454,7460,7375,7390,1,0.01%,100698,7393.0,52775,7390,7393,7820,6855,original,,,
2011-10-14,TX,201110,7400,7401,7353,7377,-16,-0.22%,80809,7374.0,49995,7374,7377,7820,6855,original,,,
2011-10-17,TX,201110,7470,7495,7408,7453,79,1.07%,105086,7454.0,46463,7453,7455,7820,6855,original,,,
2011-10-18,TX,201110,7361,7389,7313,7337,-117,-1.57%,103316,7340.0,30285,7337,7343,7820,6855,original,,,
2011-10-19,TX,201110,7342,7382,7320,7330,-10,-0.14%,48083,0.0,16511,7330,7331,7820,6855,original,,,
2011-10-20,TX,201111,7356,7358,7213,7213,-123,-1.68%,98691,7216.0,53679,7213,7216,7480,6840,original,,,
2011-10-21,TX,201111,7227,7272,7193,7258,42,0.58%,87535,7260.0,53713,7258,7260,7480,6840,original,,,
2011-10-24,TX,201111,7394,7503,7381,7494,234,3.22%,95663,7492.0,49741,7492,7494,7503,6840,original,,,
2011-10-25,TX,201111,7499,7519,7463,7470,-22,-0.29%,75563,7471.0,48244,7470,7473,7519,6840,original,,,
2011-10-26,TX,201111,7425,7573,7408,7547,76,1.02%,108104,7545.0,50195,7543,7547,7573,6840,original,,,
2011-10-27,TX,201111,7549,7603,7502,7590,45,0.60%,109266,7591.0,52219,7590,7591,7603,6840,original,,,
2011-10-28,TX,201111,7725,7777,7611,7628,37,0.49%,132787,7628.0,53688,7629,7630,7777,6840,original,,,
2011-10-31,TX,201111,7649,7682,7546,7561,-67,-0.88%,109659,7562.0,52861,7560,7561,7777,6840,original,,,
2011-11-01,TX,201111,7570,7685,7522,7637,75,0.99%,137794,7638.0,54328,7637,7642,7777,6840,original,,,
2011-11-02,TX,201111,7488,7634,7451,7609,-29,-0.38%,134837,7604.0,54341,7606,7610,7777,6840,original,,,
2011-11-03,TX,201111,7565,7580,7438,7445,-159,-2.09%,145531,7446.0,55762,7444,7447,7777,6840,original,,,
2011-11-04,TX,201111,7605,7665,7573,7630,184,2.47%,114452,7628.0,52104,7627,7630,7777,6840,original,,,
2011-11-07,TX,201111,7617,7655,7591,7635,7,0.09%,76533,7635.0,51193,7633,7636,7777,6840,original,,,
2011-11-08,TX,201111,7631,7709,7579,7590,-45,-0.59%,123361,7589.0,54152,7589,7590,7777,6840,original,,,
2011-11-09,TX,201111,7655,7672,7576,7614,25,0.33%,94938,7612.0,53172,7612,7614,7777,6840,original,,,
2011-11-10,TX,201111,7430,7454,7275,7318,-294,-3.86%,147157,7317.0,55339,7315,7318,7777,6840,original,,,
2011-11-11,TX,201111,7317,7384,7288,7356,39,0.53%,108018,7356.0,54287,7356,7357,7777,6840,original,,,
2011-11-14,TX,201111,7493,7563,7488,7541,185,2.51%,95577,7542.0,44916,7541,7542,7777,6840,original,,,
2011-11-15,TX,201111,7528,7549,7481,7501,-41,-0.54%,84264,7501.0,29509,7501,7503,7777,6840,original,,,
2011-11-16,TX,201111,7534,7562,7384,7397,-104,-1.39%,78514,0.0,16850,7397,7398,7777,6840,original,,,
2011-11-17,TX,201112,7333,7409,7283,7404,52,0.71%,119950,7401.0,63948,7403,7404,8695,6820,original,,,
2011-11-18,TX,201112,7278,7330,7234,7252,-149,-2.01%,127241,7246.0,71368,7249,7252,8695,6820,original,,,
2011-11-21,TX,201112,7186,7188,7016,7050,-196,-2.70%,127792,7051.0,77078,7050,7053,8695,6820,original,,,
2011-11-22,TX,201112,7050,7102,6970,7023,-28,-0.40%,135843,7021.0,77114,7021,7023,8695,6820,original,,,
2011-11-23,TX,201112,6970,6987,6798,6818,-203,-2.89%,147518,6823.0,80830,6816,6818,8695,6798,original,,,
2011-11-24,TX,201112,6828,6903,6765,6832,9,0.13%,130321,6831.0,80428,6830,6832,8695,6765,original,,,
2011-11-25,TX,201112,6870,6956,6725,6757,-74,-1.08%,172063,6754.0,79043,6757,6761,8695,6725,original,,,
2011-11-28,TX,201112,6909,6925,6850,6920,166,2.46%,115248,6916.0,75878,6917,6920,8695,6725,original,,,
2011-11-29,TX,201112,6965,6996,6912,6975,59,0.85%,108654,6973.0,74546,6975,6976,8695,6725,original,,,
2011-11-30,TX,201112,6943,6957,6826,6903,-70,-1.00%,133349,6902.0,76580,6900,6901,8695,6725,original,,,
2011-12-01,TX,201112,7194,7251,7140,7210,308,4.46%,117187,7210.0,70957,7209,7210,8695,6725,original,,,
2011-12-02,TX,201112,7202,7214,7116,7155,-55,-0.76%,98794,7156.0,72118,7155,7156,8695,6725,original,,,
2011-12-05,TX,201112,7165,7168,7052,7133,-23,-0.32%,112080,7131.0,73499,7127,7133,8695,6725,original,,,
2011-12-06,TX,201112,7086,7090,6953,6985,-146,-2.05%,106833,6982.0,73495,6982,6985,8695,6725,original,,,
2011-12-07,TX,201112,7012,7063,7005,7054,72,1.03%,101832,7050.0,70029,7049,7054,8695,6725,original,,,
2011-12-08,TX,201112,7015,7027,6907,6961,-89,-1.26%,120584,6963.0,71305,6961,6963,8695,6725,original,,,
2011-12-09,TX,201112,6801,6933,6790,6884,-79,-1.13%,144562,6887.0,71007,6884,6886,8695,6725,original,,,
2011-12-12,TX,201112,6975,7016,6932,6943,56,0.81%,93960,6941.0,69321,6941,6943,8695,6725,original,,,
2011-12-13,TX,201112,6855,6930,6837,6897,-44,-0.63%,94876,6894.0,69377,6894,6897,8695,6725,original,,,
2011-12-14,TX,201112,6883,6925,6857,6919,25,0.36%,77078,6921.0,69234,6919,6923,8695,6725,original,,,
2011-12-15,TX,201112,6845,6858,6751,6751,-170,-2.46%,100907,6753.0,70303,6751,6754,8695,6725,original,,,
2011-12-16,TX,201112,6772,6803,6746,6775,22,0.33%,77149,6772.0,63973,6771,6775,8695,6725,original,,,
2011-12-19,TX,201112,6670,6741,6613,6637,-135,-1.99%,122210,6634.0,53814,6637,6640,8695,6613,original,,,
2011-12-20,TX,201112,6674,6704,6665,6671,37,0.56%,76742,6669.0,40699,6668,6671,8695,6613,original,,,
2011-12-21,TX,201112,6831,6960,6830,6952,283,4.24%,57954,0.0,25764,6952,6953,8695,6613,original,,,
2011-12-22,TX,201201,6950,6979,6936,6954,-6,-0.09%,58656,6955.0,58443,6954,6957,7399,6606,original,,,
2011-12-23,TX,201201,7048,7124,7031,7107,152,2.19%,71134,7107.0,58106,7107,7110,7399,6606,original,,,
2011-12-26,TX,201201,7108,7116,7074,7103,-4,-0.06%,44558,7103.0,57590,7103,7106,7399,6606,original,,,
2011-12-27,TX,201201,7095,7112,7035,7088,-15,-0.21%,74041,7084,59008,7086,7088,7399,6606,original,,,
2011-12-28,TX,201201,7062,7088,7037,7052,-32,-0.45%,56327,7053,59662,7051,7054,7399,6606,original,,,
2011-12-29,TX,201201,7012,7077,7000,7073,20,0.28%,67828,7074,60191,7073,7077,7399,6606,original,,,
2011-12-30,TX,201201,7098,7148,7036,7040,-34,-0.48%,88497,7039,60923,7037,7040,7399,6606,original,,,
2012-01-02,TX,201201,7022,7051,6928,6949,-90,-1.28%,88560,6945.0,62592,6946,6950,7399,6606,original,,,
2012-01-03,TX,201201,7020,7087,7002,7049,104,1.50%,86632,7047.0,61296,7046,7049,7399,6606,original,,,
2012-01-04,TX,201201,7084,7109,7043,7073,26,0.37%,87283,7072.0,60955,7071,7073,7399,6606,original,,,
2012-01-05,TX,201201,7088,7124,7061,7119,47,0.66%,81932,7119.0,60418,7119,7120,7399,6606,original,,,
2012-01-06,TX,201201,7100,7117,7060,7085,-34,-0.48%,90256,7084.0,56302,7085,7087,7399,6606,original,,,
2012-01-09,TX,201201,7047,7082,7026,7055,-29,-0.41%,76575,7057.0,55478,7055,7060,7399,6606,original,,,
2012-01-10,TX,201201,7120,7180,7111,7172,115,1.63%,80808,7167.0,53933,7168,7172,7399,6606,original,,,
2012-01-11,TX,201201,7185,7196,7167,7179,12,0.17%,58991,7179.0,53525,7179,7180,7399,6606,original,,,
2012-01-12,TX,201201,7185,7194,7161,7185,6,0.08%,53064,7185.0,52392,7185,7188,7399,6606,original,,,
2012-01-13,TX,201201,7235,7263,7147,7165,-20,-0.28%,95431,7161.0,53001,7159,7163,7399,6606,original,,,
2012-01-16,TX,201201,7236,7280,7071,7093,-68,-0.95%,136731,7090.0,42398,7091,7092,7399,6606,original,,,
2012-01-17,TX,201201,7152,7228,7118,7227,137,1.93%,108548,7225.0,28320,7226,7227,7399,6606,original,,,
2012-01-18,TX,201201,7224,7248,7192,7207,-18,-0.25%,54107,0.0,18758,7207,7208,7399,6606,original,,,
2012-01-30,TX,201202,7352,7448,7351,7390,188,2.61%,88011,7392.0,44555,7390,7392,7448,6921,original,,,
2012-01-31,TX,201202,7444,7503,7422,7467,75,1.01%,107138,7468.0,48157,7467,7468,7503,6921,original,,,
2012-02-01,TX,201202,7492,7548,7476,7522,54,0.72%,98775,7522.0,52431,7521,7522,7548,6921,original,,,
2012-02-02,TX,201202,7620,7650,7566,7642,120,1.60%,96092,7641.0,54456,7640,7642,7650,6921,original,,,
2012-02-03,TX,201202,7620,7650,7602,7642,1,0.01%,79813,7640.0,54180,7640,7642,7650,6921,original,,,
2012-02-04,TX,201202,7720,7758,7693,7735,95,1.24%,75806,7733.0,54379,7736,7737,7758,6921,original,,,
2012-02-06,TX,201202,7706,7724,7668,7685,-48,-0.62%,87973,7683.0,53468,7682,7685,7758,6921,original,,,
2012-02-07,TX,201202,7706,7750,7675,7722,39,0.51%,107371,7720.0,53926,7718,7722,7758,6921,original,,,
2012-02-08,TX,201202,7766,7895,7760,7890,170,2.20%,113980,7888.0,55676,7890,7891,7895,6921,original,,,
2012-02-09,TX,201202,7860,7933,7829,7923,35,0.44%,109956,7920.0,54284,7921,7924,7933,6921,original,,,
2012-02-10,TX,201202,7876,7928,7850,7866,-54,-0.68%,102524,7865.0,55126,7864,7866,7933,6921,original,,,
2012-02-13,TX,201202,7875,7937,7841,7907,42,0.53%,105798,7905.0,52780,7906,7907,7937,6921,original,,,
2012-02-14,TX,201202,7905,7914,7807,7874,-31,-0.39%,118000,7874.0,39113,7874,7876,7937,6921,original,,,
2012-02-15,TX,201202,7924,8010,7890,8006,132,1.68%,66187,0.0,27201,8005,8006,8010,6921,original,,,
2012-02-16,TX,201203,7968,7994,7867,7906,-106,-1.32%,111267,7905.0,44649,7905,7907,8625,6600,original,,,
2012-02-17,TX,201203,7982,8021,7880,7932,27,0.34%,141830,7929.0,46863,7929,7932,8625,6600,original,,,
2012-02-20,TX,201203,7989,8004,7927,7956,27,0.34%,91101,7957.0,47489,7956,7958,8625,6600,original,,,
2012-02-21,TX,201203,7954,7975,7854,7947,-10,-0.13%,138398,7947.0,48101,7947,7948,8625,6600,original,,,
2012-02-22,TX,201203,7918,8036,7889,8004,57,0.72%,129636,8005.0,48682,8004,8009,8625,6600,original,,,
2012-02-23,TX,201203,7960,7991,7941,7963,-42,-0.52%,83248,7963.0,47413,7961,7963,8625,6600,original,,,
2012-02-24,TX,201203,7945,7975,7883,7941,-22,-0.28%,115253,7943.0,46820,7940,7941,8625,6600,original,,,
2012-02-29,TX,201203,8006,8126,8002,8114,171,2.15%,100542,8111.0,52065,8114,8115,8625,6600,original,,,
2012-03-01,TX,201203,8143,8177,8114,8138,27,0.33%,91701,8139.0,51547,8138,8142,8625,6600,original,,,
2012-03-02,TX,201203,8180,8187,8112,8152,13,0.16%,85994,8152.0,50635,8153,8154,8625,6600,original,,,
2012-03-03,TX,201203,8130,8130,8086,8120,-32,-0.39%,50421,8120.0,50301,8120,8121,8625,6600,original,,,
2012-03-05,TX,201203,8101,8107,8003,8040,-80,-0.99%,106909,8038.0,49386,8039,8040,8625,6600,original,,,
2012-03-06,TX,201203,8020,8034,7871,7946,-92,-1.14%,137557,7945.0,49909,7944,7945,8625,6600,original,,,
2012-03-07,TX,201203,7854,7929,7840,7895,-50,-0.63%,104775,7892.0,49675,7894,7895,8625,6600,original,,,
2012-03-08,TX,201203,7938,8000,7883,7976,84,1.06%,109999,7976.0,49718,7976,7977,8625,6600,original,,,
2012-03-09,TX,201203,7990,8030,7942,8005,29,0.36%,107445,8003.0,47940,8004,8005,8625,6600,original,,,
2012-03-12,TX,201203,7998,8008,7908,7921,-82,-1.02%,91819,7927.0,48657,7921,7925,8625,6600,original,,,
2012-03-13,TX,201203,7967,8065,7965,8033,106,1.34%,114304,8032.0,49082,8033,8035,8625,6600,original,,,
2012-03-14,TX,201203,8154,8188,8132,8142,110,1.37%,86162,8140.0,51417,8141,8142,8625,6600,original,,,
2012-03-15,TX,201203,8140,8158,8090,8134,-6,-0.07%,85516,8135.0,50782,8134,8137,8625,6600,original,,,
2012-03-16,TX,201203,8130,8143,8058,8064,-71,-0.87%,85853,8068.0,44641,8064,8068,8625,6600,original,,,
2012-03-19,TX,201203,8113,8116,7972,8053,-15,-0.19%,130033,8050.0,38667,8051,8052,8625,6600,original,,,
2012-03-20,TX,201203,8077,8078,7952,7984,-66,-0.82%,107278,7984.0,32380,7983,7984,8625,6600,original,,,
2012-03-21,TX,201203,7966,8016,7951,7980,-4,-0.05%,64741,0.0,19416,7978,7979,8625,6600,original,,,
2012-03-22,TX,201204,8009,8095,7986,8084,111,1.39%,105507,8081.0,54501,8083,8084,8180,7834,original,,,
2012-03-23,TX,201204,8101,8101,8051,8080,-1,-0.01%,69157,8080.0,55942,8081,8084,8180,7834,original,,,
2012-03-26,TX,201204,8081,8096,7938,7958,-122,-1.51%,120901,7959.0,53253,7958,7960,8180,7834,original,,,
2012-03-27,TX,201204,8000,8022,7973,8010,51,0.64%,82263,8012.0,51397,8010,8012,8180,7834,original,,,
2012-03-28,TX,201204,8015,8079,7996,8030,18,0.22%,92823,8028.0,52663,8029,8030,8180,7834,original,,,
2012-03-29,TX,201204,7998,8006,7820,7845,-183,-2.28%,137007,7849.0,54126,7845,7850,8180,7820,original,,,
2012-03-30,TX,201204,7810,7907,7786,7883,34,0.43%,107110,7886.0,53339,7883,7885,8180,7786,original,,,
2012-04-02,TX,201204,7888,7904,7835,7866,-20,-0.25%,83322,7865.0,53083,7864,7866,8180,7786,original,,,
2012-04-03,TX,201204,7889,7919,7736,7780,-85,-1.08%,138985,7778.0,56753,7777,7780,8180,7736,original,,,
2012-04-05,TX,201204,7651,7663,7523,7618,-160,-2.06%,138350,7619.0,55526,7618,7619,8180,7523,original,,,
2012-04-06,TX,201204,7640,7688,7613,7673,54,0.71%,92586,7672.0,53418,7670,7673,8180,7523,original,,,
2012-04-09,TX,201204,7572,7633,7503,7577,-95,-1.24%,107628,7577.0,52752,7577,7580,8180,7503,original,,,
2012-04-10,TX,201204,7633,7683,7579,7609,32,0.42%,111434,7610.0,53099,7608,7611,8180,7503,original,,,
2012-04-11,TX,201204,7511,7650,7507,7641,31,0.41%,114869,7638.0,54187,7639,7640,8180,7503,original,,,
2012-04-12,TX,201204,7610,7648,7568,7636,-2,-0.03%,111410,7634.0,49533,7636,7637,8180,7503,original,,,
2012-04-13,TX,201204,7701,7766,7685,7756,122,1.60%,114567,7755.0,50207,7755,7756,8180,7503,original,,,
2012-04-16,TX,201204,7700,7734,7681,7712,-43,-0.55%,71070,7712.0,47369,7712,7713,8180,7503,original,,,
2012-04-17,TX,201204,7708,7739,7585,7592,-120,-1.56%,128889,7597.0,31624,7591,7595,8180,7503,original,,,
2012-04-18,TX,201204,7690,7692,7599,7620,23,0.30%,62080,0.0,20822,7619,7621,8180,7503,original,,,
2012-04-19,TX,201205,7591,7626,7510,7614,17,0.22%,112215,7613.0,43759,7613,7614,8092,7501,original,,,
2012-04-20,TX,201205,7581,7599,7489,7515,-98,-1.29%,109626,7515.0,46155,7512,7516,8092,7489,original,,,
2012-04-23,TX,201205,7499,7510,7416,7479,-36,-0.48%,109398,7478.0,47217,7477,7478,8092,7416,original,,,
2012-04-24,TX,201205,7451,7534,7434,7488,10,0.13%,130651,7488.0,46089,7488,7490,8092,7416,original,,,
2012-04-25,TX,201205,7544,7573,7510,7539,51,0.68%,90160,7539.0,46444,7539,7540,8092,7416,original,,,
2012-04-26,TX,201205,7577,7585,7480,7493,-46,-0.61%,116655,7496.0,47265,7493,7497,8092,7416,original,,,
2012-04-27,TX,201205,7546,7561,7435,7446,-50,-0.67%,127455,7446.0,47351,7446,7447,8092,7416,original,,,
2012-04-30,TX,201205,7444,7469,7395,7464,18,0.24%,84782,7465.0,46718,7463,7465,8092,7395,original,,,
2012-05-02,TX,201205,7496,7683,7491,7678,213,2.85%,124081,7675.0,44697,7676,7678,8092,7395,original,,,
2012-05-03,TX,201205,7676,7676,7635,7657,-18,-0.23%,65044,7657.0,43471,7657,7659,8092,7395,original,,,
2012-05-04,TX,201205,7615,7685,7583,7662,5,0.07%,104609,7664.0,42627,7664,7665,8092,7395,original,,,
2012-05-07,TX,201205,7557,7578,7491,7500,-164,-2.14%,105959,7502.0,43271,7498,7500,8092,7395,original,,,
2012-05-08,TX,201205,7520,7545,7493,7523,21,0.28%,70997,7520.0,42850,7520,7523,8092,7395,original,,,
2012-05-09,TX,201205,7468,7490,7417,7460,-60,-0.80%,111427,7459.0,43924,7459,7460,8092,7395,original,,,
2012-05-10,TX,201205,7425,7516,7425,7482,23,0.31%,105113,7479.0,43910,7481,7482,8092,7395,original,,,
2012-05-11,TX,201205,7458,7464,7356,7367,-112,-1.50%,116762,7366.0,45755,7363,7365,8092,7356,original,,,
2012-05-14,TX,201205,7376,7398,7327,7369,3,0.04%,91396,7369.0,35232,7369,7371,8092,7327,original,,,
2012-05-15,TX,201205,7305,7406,7290,7385,16,0.22%,113623,7384.0,26513,7384,7385,8092,7290,original,,,
2012-05-16,TX,201205,7356,7386,7250,7255,-129,-1.75%,79053,0.0,16690,7254,7255,8092,7250,original,,,
2012-05-17,TX,201206,7266,7333,7251,7316,70,0.97%,107382,7314.0,47122,7316,7317,8570,6581,original,,,
2012-05-18,TX,201206,7164,7230,7128,7131,-183,-2.50%,137508,7135.0,49156,7131,7134,8570,6581,original,,,
2012-05-21,TX,201206,7179,7209,7156,7188,53,0.74%,90002,7184.0,46040,7186,7188,8570,6581,original,,,
2012-05-22,TX,201206,7250,7260,7202,7237,53,0.74%,84457,7236.0,48498,7236,7237,8570,6581,original,,,
2012-05-23,TX,201206,7151,7170,7090,7137,-99,-1.37%,104162,7135.0,48164,7135,7137,8570,6581,original,,,
2012-05-24,TX,201206,7156,7178,7082,7131,-4,-0.06%,110432,7129.0,50908,7130,7131,8570,6581,original,,,
2012-05-25,TX,201206,7155,7159,7048,7056,-73,-1.02%,112160,7058.0,54637,7056,7059,8570,6581,original,,,
2012-05-28,TX,201206,7072,7133,7025,7116,58,0.82%,88137,7114.0,52353,7113,7116,8570,6581,original,,,
2012-05-29,TX,201206,7124,7336,7105,7292,178,2.50%,133522,7294.0,49934,7292,7293,8570,6581,original,,,
2012-05-30,TX,201206,7270,7273,7196,7234,-60,-0.82%,106158,7234.0,52299,7233,7234,8570,6581,original,,,
2012-05-31,TX,201206,7142,7255,7085,7216,-18,-0.25%,133197,7217.0,55405,7216,7219,8570,6581,original,,,
2012-06-01,TX,201206,7200,7210,7075,7100,-117,-1.62%,148958,7096.0,57733,7099,7100,8570,6581,original,,,
2012-06-04,TX,201206,6927,6930,6832,6866,-230,-3.24%,136278,6869.0,56137,6866,6869,8570,6581,original,,,
2012-06-05,TX,201206,6949,7005,6925,6973,104,1.51%,119982,6970.0,53626,6969,6973,8570,6581,original,,,
2012-06-06,TX,201206,6989,7055,6958,7013,43,0.62%,119994,7015.0,53229,7013,7014,8570,6581,original,,,
2012-06-07,TX,201206,7135,7146,7020,7045,30,0.43%,109350,7047.0,55083,7045,7048,8570,6581,original,,,
2012-06-08,TX,201206,7007,7040,6946,6953,-94,-1.33%,113544,6955.0,57431,6953,6954,8570,6581,original,,,
2012-06-11,TX,201206,7090,7136,7059,7093,138,1.98%,104743,7092.0,54160,7093,7094,8570,6581,original,,,
2012-06-12,TX,201206,6976,7038,6962,7019,-73,-1.03%,91231,7019.0,54858,7020,7021,8570,6581,original,,,
2012-06-13,TX,201206,7049,7070,7002,7050,31,0.44%,92489,7048.0,56808,7048,7049,8570,6581,original,,,
2012-06-14,TX,201206,7042,7107,7033,7067,19,0.27%,92161,7063.0,54541,7065,7067,8570,6581,original,,,
2012-06-15,TX,201206,7050,7160,7042,7158,95,1.35%,105833,7154.0,54139,7155,7159,8570,6581,original,,,
2012-06-18,TX,201206,7300,7323,7244,7264,110,1.54%,92004,7265.0,49632,7264,7266,8570,6581,original,,,
2012-06-19,TX,201206,7266,7270,7234,7267,2,0.03%,80407,7265.0,31291,7265,7267,8570,6581,original,,,
2012-06-20,TX,201206,7293,7320,7281,7311,46,0.63%,50941,0.0,20976,7311,7312,8570,6581,original,,,
2012-06-21,TX,201207,7160,7163,7093,7116,-53,-0.74%,87665,7117.0,42452,7116,7117,7212,6714,original,,,
2012-06-22,TX,201207,7002,7047,6995,7038,-79,-1.11%,86796,7034.0,52914,7037,7038,7212,6714,original,,,
2012-06-25,TX,201207,6952,6978,6938,6948,-86,-1.22%,79925,6948.0,63801,6946,6948,7212,6714,original,,,
2012-06-26,TX,201207,6944,6960,6923,6939,-9,-0.13%,61535,6939.0,64435,6938,6939,7212,6714,original,,,
2012-06-27,TX,201207,6918,7005,6898,6986,47,0.68%,89541,6986.0,65921,6985,6989,7212,6714,original,,,
2012-06-28,TX,201207,7021,7037,6962,6999,13,0.19%,93508,7001.0,68047,6999,7001,7212,6714,original,,,
2012-06-29,TX,201207,6982,7128,6981,7114,113,1.61%,125080,7114.0,66572,7114,7117,7212,6714,original,,,
2012-07-02,TX,201207,7133,7152,7107,7135,21,0.30%,61181,7136.0,68067,7134,7135,7212,6714,original,,,
2012-07-03,TX,201207,7177,7280,7161,7228,92,1.29%,100095,7228.0,67252,7228,7232,7280,6714,original,,,
2012-07-04,TX,201207,7268,7327,7251,7290,62,0.86%,83106,7290.0,69100,7288,7290,7327,6714,original,,,
2012-07-05,TX,201207,7303,7321,7277,7298,8,0.11%,61592,7297.0,69639,7298,7299,7327,6714,original,,,
2012-07-06,TX,201207,7288,7319,7237,7273,-24,-0.33%,88904,7272.0,66331,7271,7273,7327,6714,original,,,
2012-07-09,TX,201207,7204,7272,7202,7236,-36,-0.50%,78681,7236.0,66122,7236,7237,7327,6714,original,,,
2012-07-10,TX,201207,7251,7270,7162,7179,-57,-0.79%,111304,7181.0,67227,7179,7181,7327,6714,original,,,
2012-07-11,TX,201207,7138,7204,7133,7186,5,0.07%,84861,7186.0,66011,7185,7186,7327,6714,original,,,
2012-07-12,TX,201207,7186,7188,7067,7076,-110,-1.53%,120546,7079.0,64421,7076,7079,7327,6714,original,,,
2012-07-13,TX,201207,7070,7108,7045,7071,-8,-0.11%,96058,7071.0,60022,7068,7072,7327,6714,original,,,
2012-07-16,TX,201207,7089,7110,7020,7056,-15,-0.21%,98746,7057.0,50034,7056,7057,7327,6714,original,,,
2012-07-17,TX,201207,7048,7136,7030,7110,53,0.75%,123931,7107.0,31681,7109,7110,7327,6714,original,,,
2012-07-18,TX,201207,7110,7117,7056,7059,-48,-0.68%,52519,0.0,17303,7059,7060,7327,6714,original,,,
2012-07-19,TX,201208,6974,7032,6945,7025,138,2.00%,105346,7022.0,56585,7022,7025,7232,6800,original,,,
2012-07-20,TX,201208,7022,7039,6996,7012,-10,-0.14%,72895,7013.0,58558,7012,7014,7232,6800,original,,,
2012-07-23,TX,201208,6915,6932,6845,6874,-139,-1.98%,89331,6873.0,63567,6871,6874,7232,6800,original,,,
2012-07-24,TX,201208,6862,6889,6850,6873,0,0.00%,70435,6874.0,63393,6873,6875,7232,6800,original,,,
2012-07-25,TX,201208,6782,6912,6775,6844,-30,-0.44%,109485,6846.0,65517,6843,6844,7232,6775,original,,,
2012-07-26,TX,201208,6856,6905,6832,6876,30,0.44%,89439,6875.0,67494,6875,6876,7232,6775,original,,,
2012-07-27,TX,201208,6969,7031,6946,7031,156,2.27%,101947,7028.0,65476,7030,7031,7232,6775,original,,,
2012-07-30,TX,201208,7082,7102,7055,7077,49,0.70%,73940,7078.0,67130,7077,7079,7232,6775,original,,,
2012-07-31,TX,201208,7102,7179,7061,7156,78,1.10%,111301,7157.0,67580,7155,7156,7232,6775,original,,,
2012-08-01,TX,201208,7139,7212,7135,7194,37,0.52%,91583,7194.0,68604,7193,7196,7232,6775,original,,,
2012-08-03,TX,201208,7140,7164,7116,7140,-54,-0.75%,77401,7140.0,67432,7139,7141,7232,6775,original,,,
2012-08-06,TX,201208,7278,7314,7236,7239,99,1.39%,87031,7237.0,64105,7237,7238,7314,6775,original,,,
2012-08-07,TX,201208,7233,7263,7223,7235,-2,-0.03%,62956,7236.0,63657,7235,7237,7314,6775,original,,,
2012-08-08,TX,201208,7306,7336,7277,7299,63,0.87%,103055,7300.0,63336,7298,7299,7336,6775,original,,,
2012-08-09,TX,201208,7371,7452,7346,7441,141,1.93%,125910,7438.0,59062,7440,7441,7452,6775,original,,,
2012-08-10,TX,201208,7453,7465,7425,7444,6,0.08%,68582,7444.0,56132,7444,7446,7465,6775,original,,,
2012-08-13,TX,201208,7444,7475,7430,7454,10,0.13%,67806,7453.0,52891,7453,7454,7475,6775,original,,,
2012-08-14,TX,201208,7484,7545,7451,7498,45,0.60%,113777,7495.0,38868,7495,7498,7545,6775,original,,,
2012-08-15,TX,201208,7489,7497,7433,7468,-27,-0.36%,43962,0.0,23374,7468,7469,7545,6775,original,,,
2012-08-16,TX,201209,7460,7520,7441,7493,63,0.85%,91628,7493.0,46731,7493,7494,7875,6277,original,,,
2012-08-17,TX,201209,7503,7511,7467,7472,-21,-0.28%,66804,7474.0,46958,7472,7473,7875,6277,original,,,
2012-08-20,TX,201209,7464,7475,7398,7441,-33,-0.44%,85890,7441.0,48604,7441,7442,7875,6277,original,,,
2012-08-21,TX,201209,7465,7553,7458,7516,75,1.01%,104595,7515.0,50076,7515,7516,7875,6277,original,,,
2012-08-22,TX,201209,7494,7508,7453,7491,-24,-0.32%,73832,7490.0,48717,7492,7493,7875,6277,original,,,
2012-08-23,TX,201209,7476,7534,7468,7514,24,0.32%,92576,7513.0,49010,7514,7515,7875,6277,original,,,
2012-08-24,TX,201209,7450,7490,7442,7488,-25,-0.33%,63615,7487.0,48679,7487,7488,7875,6277,original,,,
2012-08-27,TX,201209,7535,7551,7452,7454,-33,-0.44%,85683,7454.0,49944,7452,7455,7875,6277,original,,,
2012-08-28,TX,201209,7435,7443,7375,7400,-54,-0.72%,90608,7399.0,49556,7398,7400,7875,6277,original,,,
2012-08-29,TX,201209,7404,7413,7381,7403,4,0.05%,48276,7403.0,48495,7403,7404,7875,6277,original,,,
2012-08-30,TX,201209,7360,7395,7341,7367,-36,-0.49%,84738,7367.0,49318,7367,7369,7875,6277,original,,,
2012-08-31,TX,201209,7375,7420,7363,7383,16,0.22%,75810,7382.0,50663,7381,7383,7875,6277,original,,,
2012-09-03,TX,201209,7370,7465,7352,7443,61,0.83%,95691,7442.0,52722,7441,7443,7875,6277,original,,,
2012-09-04,TX,201209,7443,7470,7430,7449,7,0.09%,49798,7448.0,52342,7448,7449,7875,6277,original,,,
2012-09-05,TX,201209,7401,7411,7341,7341,-107,-1.44%,89655,7344.0,52304,7341,7343,7875,6277,original,,,
2012-09-06,TX,201209,7332,7368,7286,7332,-12,-0.16%,88818,7332.0,54068,7331,7333,7875,6277,original,,,
2012-09-07,TX,201209,7471,7479,7404,7420,88,1.20%,86302,7419.0,51409,7418,7420,7875,6277,original,,,
2012-09-10,TX,201209,7421,7469,7414,7455,36,0.49%,67675,7456.0,51271,7455,7457,7875,6277,original,,,
2012-09-11,TX,201209,7437,7490,7436,7466,10,0.13%,59702,7465.0,51723,7466,7467,7875,6277,original,,,
2012-09-12,TX,201209,7525,7586,7510,7586,121,1.62%,92821,7583.0,53509,7584,7586,7875,6277,original,,,
2012-09-13,TX,201209,7592,7609,7571,7576,-7,-0.09%,65782,7576.0,51670,7576,7579,7875,6277,original,,,
2012-09-14,TX,201209,7698,7758,7671,7739,163,2.15%,103221,7738.0,48343,7737,7739,7875,6277,original,,,
2012-09-17,TX,201209,7739,7767,7726,7753,15,0.19%,70895,7750.0,42141,7752,7753,7875,6277,original,,,
2012-09-18,TX,201209,7742,7768,7713,7750,0,0.00%,76925,7749.0,34177,7750,7751,7875,6277,original,,,
2012-09-19,TX,201209,7757,7795,7739,7767,18,0.23%,46387,0.0,21275,7767,7768,7875,6277,original,,,
2012-09-20,TX,201210,7782,7786,7716,7749,-39,-0.50%,81485,7749.0,51194,7748,7749,7797,7277,original,,,
2012-09-21,TX,201210,7765,7783,7748,7762,13,0.17%,61018,7761.0,52511,7761,7762,7797,7277,original,,,
2012-09-24,TX,201210,7747,7805,7685,7776,15,0.19%,98891,7775.0,54018,7775,7777,7805,7277,original,,,
2012-09-25,TX,201210,7792,7810,7744,7755,-20,-0.26%,68390,7756.0,56115,7755,7758,7810,7277,original,,,
2012-09-26,TX,201210,7691,7725,7670,7703,-53,-0.68%,74746,7700.0,56092,7702,7703,7810,7277,original,,,
2012-09-27,TX,201210,7683,7730,7679,7727,27,0.35%,67769,7728.0,57057,7729,7730,7810,7277,original,,,
2012-09-28,TX,201210,7726,7748,7666,7720,-8,-0.10%,88739,7719.0,55421,7719,7720,7810,7277,original,,,
2012-10-01,TX,201210,7690,7706,7666,7685,-34,-0.44%,50167,7684.0,58052,7684,7685,7810,7277,original,,,
2012-10-02,TX,201210,7716,7748,7693,7730,46,0.60%,67005,7729.0,57272,7730,7731,7810,7277,original,,,
2012-10-03,TX,201210,7740,7742,7687,7705,-24,-0.31%,58958,7704.0,57242,7704,7705,7810,7277,original,,,
2012-10-04,TX,201210,7707,7715,7633,7706,2,0.03%,103623,7706.0,57875,7706,7708,7810,7277,original,,,
2012-10-05,TX,201210,7711,7733,7680,7700,-6,-0.08%,74558,7701.0,55970,7700,7701,7810,7277,original,,,
2012-10-08,TX,201210,7677,7692,7612,7625,-76,-0.99%,84411,7625.0,57422,7625,7626,7810,7277,original,,,
2012-10-09,TX,201210,7629,7647,7596,7597,-28,-0.37%,86468,7596.0,56769,7596,7597,7810,7277,original,,,
2012-10-11,TX,201210,7483,7506,7442,7443,-153,-2.01%,95582,7444.0,54611,7443,7445,7810,7277,original,,,
2012-10-12,TX,201210,7434,7463,7385,7414,-30,-0.40%,92390,7413.0,51655,7413,7414,7810,7277,original,,,
2012-10-15,TX,201210,7396,7434,7385,7423,10,0.13%,74135,7425.0,44231,7424,7426,7810,7277,original,,,
2012-10-16,TX,201210,7460,7462,7435,7458,33,0.44%,62568,7458.0,30637,7458,7459,7810,7277,original,,,
2012-10-17,TX,201210,7510,7525,7451,7460,2,0.03%,50723,0.0,17945,7459,7460,7810,7277,original,,,
2012-10-18,TX,201211,7467,7479,7444,7452,18,0.24%,57034,7453.0,45391,7452,7453,7800,7376,original,,,
2012-10-19,TX,201211,7468,7469,7385,7385,-68,-0.91%,78020,7387.0,47209,7385,7387,7800,7376,original,,,
2012-10-22,TX,201211,7300,7360,7289,7346,-41,-0.56%,71985,7347.0,47190,7346,7349,7800,7289,original,,,
2012-10-23,TX,201211,7342,7350,7293,7297,-50,-0.68%,65177,7299.0,46504,7297,7300,7800,7289,original,,,
2012-10-24,TX,201211,7230,7347,7225,7302,3,0.04%,100109,7303.0,47562,7304,7305,7800,7225,original,,,
2012-10-25,TX,201211,7303,7319,7251,7258,-45,-0.62%,75504,7254.0,47491,7256,7258,7800,7225,original,,,
2012-10-26,TX,201211,7226,7287,7090,7092,-162,-2.23%,124395,7092.0,51965,7090,7092,7800,7090,original,,,
2012-10-29,TX,201211,7110,7153,7091,7122,30,0.42%,86593,7121.0,52913,7120,7122,7800,7090,original,,,
2012-10-30,TX,201211,7170,7220,7141,7161,40,0.56%,104953,7162.0,52567,7162,7164,7800,7090,original,,,
2012-10-31,TX,201211,7192,7212,7125,7140,-22,-0.31%,89170,7141.0,53503,7139,7140,7800,7090,original,,,
2012-11-01,TX,201211,7098,7192,7029,7172,31,0.43%,140249,7172.0,51853,7172,7173,7800,7029,original,,,
2012-11-02,TX,201211,7214,7225,7182,7201,29,0.40%,74949,7201.0,51525,7200,7201,7800,7029,original,,,
2012-11-05,TX,201211,7190,7222,7146,7180,-21,-0.29%,85380,7181.0,51931,7181,7182,7800,7029,original,,,
2012-11-06,TX,201211,7180,7259,7163,7259,78,1.09%,78730,7256.0,51361,7257,7259,7800,7029,original,,,
2012-11-07,TX,201211,7205,7293,7192,7257,1,0.01%,138988,7256.0,51473,7254,7257,7800,7029,original,,,
2012-11-08,TX,201211,7168,7220,7160,7200,-56,-0.77%,87322,7201.0,52780,7200,7203,7800,7029,original,,,
2012-11-09,TX,201211,7136,7301,7126,7285,84,1.17%,125251,7286.0,54290,7284,7285,7800,7029,original,,,
2012-11-12,TX,201211,7265,7304,7238,7241,-45,-0.62%,73703,7243.0,53396,7241,7245,7800,7029,original,,,
2012-11-13,TX,201211,7227,7239,7092,7096,-147,-2.03%,116093,7094.0,58737,7094,7095,7800,7029,original,,,
2012-11-14,TX,201211,7081,7150,7077,7128,34,0.48%,85707,7128.0,54558,7127,7128,7800,7029,original,,,
2012-11-15,TX,201211,7095,7156,7036,7121,-7,-0.10%,110846,7121.0,53540,7120,7122,7800,7029,original,,,
2012-11-16,TX,201211,7116,7179,7082,7107,-14,-0.20%,106108,7107.0,51102,7106,7109,7800,7029,original,,,
2012-11-19,TX,201211,7147,7168,7120,7123,16,0.23%,85220,7121.0,37922,7123,7124,7800,7029,original,,,
2012-11-20,TX,201211,7174,7181,7131,7160,39,0.55%,73796,7159.0,28527,7158,7160,7800,7029,original,,,
2012-11-21,TX,201211,7176,7178,7051,7084,-75,-1.05%,63354,0.0,16044,7083,7084,7800,7029,original,,,
2012-11-22,TX,201212,7096,7115,7081,7089,41,0.58%,64895,7089.0,45258,7088,7089,7847,6552,original,,,
2012-11-23,TX,201212,7123,7327,7120,7322,233,3.29%,120286,7319.0,50530,7321,7322,7847,6552,original,,,
2012-11-26,TX,201212,7362,7409,7357,7388,69,0.94%,66389,7388.0,50123,7387,7390,7847,6552,original,,,
2012-11-27,TX,201212,7410,7435,7380,7424,36,0.49%,76309,7421.0,51730,7424,7425,7847,6552,original,,,
2012-11-28,TX,201212,7407,7439,7390,7428,7,0.09%,62717,7429.0,53523,7428,7430,7847,6552,original,,,
2012-11-29,TX,201212,7470,7539,7465,7525,96,1.29%,98874,7525.0,58612,7524,7526,7847,6552,original,,,
2012-11-30,TX,201212,7535,7605,7524,7593,68,0.90%,97251,7594.0,60580,7593,7595,7847,6552,original,,,
2012-12-03,TX,201212,7596,7647,7560,7599,5,0.07%,94211,7599.0,62429,7598,7599,7847,6552,original,,,
2012-12-04,TX,201212,7560,7603,7548,7594,-5,-0.07%,76536,7593.0,59933,7594,7595,7847,6552,original,,,
2012-12-05,TX,201212,7593,7678,7576,7653,60,0.79%,96482,7651.0,62805,7652,7653,7847,6552,original,,,
2012-12-06,TX,201212,7654,7673,7623,7640,-11,-0.14%,68952,7639.0,64239,7637,7640,7847,6552,original,,,
2012-12-07,TX,201212,7658,7691,7642,7660,21,0.27%,73118,7659.0,62954,7659,7660,7847,6552,original,,,
2012-12-10,TX,201212,7680,7686,7600,7623,-36,-0.47%,76659,7623.0,63548,7623,7624,7847,6552,original,,,
2012-12-11,TX,201212,7639,7645,7579,7638,15,0.20%,78461,7638.0,63027,7637,7639,7847,6552,original,,,
2012-12-12,TX,201212,7657,7725,7652,7698,60,0.79%,89122,7695.0,63610,7696,7697,7847,6552,original,,,
2012-12-13,TX,201212,7718,7778,7708,7772,77,1.00%,82175,7773,62475,7771,7773,7847,6552,original,,,
2012-12-14,TX,201212,7738,7747,7701,7703,-70,-0.90%,84818,7704,59464,7703,7704,7847,6552,original,,,
2012-12-17,TX,201212,7690,7707,7615,7652,-52,-0.67%,100268,7649,50696,7650,7652,7847,6552,original,,,
2012-12-18,TX,201212,7660,7665,7621,7655,6,0.08%,70612,7653,37654,7652,7655,7847,6552,original,,,
2012-12-19,TX,201212,7698,7709,7655,7659,6,0.08%,46969,0,21184,7659,7660,7847,6552,original,,,
2012-12-20,TX,201301,7631,7633,7556,7560,-103,-1.34%,79058,7559,49476,7559,7560,7771,7066,original,,,
2012-12-21,TX,201301,7565,7578,7472,7491,-68,-0.90%,107770,7492,52830,7491,7493,7771,7066,original,,,
2012-12-22,TX,201301,7556,7558,7523,7525,33,0.44%,30095,7527,52190,7526,7527,7771,7066,original,,,
2012-12-24,TX,201301,7500,7564,7491,7518,-9,-0.12%,51155,7521,53096,7518,7523,7771,7066,original,,,
2012-12-25,TX,201301,7555,7688,7538,7674,153,2.03%,85986,7671,54014,7672,7674,7771,7066,original,,,
2012-12-26,TX,201301,7651,7685,7623,7634,-37,-0.48%,65775,7632,53174,7634,7636,7771,7066,original,,,
2012-12-27,TX,201301,7602,7666,7584,7629,-3,-0.04%,80035,7628,54242,7627,7629,7771,7066,original,,,
2012-12-28,TX,201301,7650,7708,7647,7675,47,0.62%,69670,7677,53645,7675,7677,7771,7066,original,,,
2013-01-02,TX,201301,7720,7804,7702,7772,95,1.24%,89092,7773.0,54303,7771,7772,7804,7066,original,,,
2013-01-03,TX,201301,7811,7836,7803,7823,50,0.64%,63225,7824.0,56979,7823,7824,7836,7066,original,,,
2013-01-04,TX,201301,7800,7809,7751,7774,-50,-0.64%,71943,7775.0,57267,7775,7776,7836,7066,original,,,
2013-01-07,TX,201301,7743,7774,7700,7742,-33,-0.42%,81337,7741.0,57605,7740,7742,7836,7066,original,,,
2013-01-08,TX,201301,7732,7747,7673,7705,-36,-0.47%,90290,7709.0,57930,7705,7707,7836,7066,original,,,
2013-01-09,TX,201301,7686,7774,7682,7740,31,0.40%,88574,7738.0,58371,7738,7740,7836,7066,original,,,
2013-01-10,TX,201301,7762,7846,7759,7836,98,1.27%,122619,7833.0,56330,7835,7836,7846,7066,original,,,
2013-01-11,TX,201301,7863,7867,7796,7799,-34,-0.43%,90984,7802.0,50628,7799,7800,7867,7066,original,,,
2013-01-14,TX,201301,7730,7828,7705,7827,25,0.32%,111839,7823.0,41952,7826,7827,7867,7066,original,,,
2013-01-15,TX,201301,7800,7812,7728,7741,-82,-1.05%,99174,7743.0,30347,7740,7742,7867,7066,original,,,
2013-01-16,TX,201301,7750,7769,7698,7717,-26,-0.34%,58511,0.0,19771,7717,7718,7867,7066,original,,,
2013-01-17,TX,201302,7702,7767,7582,7612,-65,-0.85%,146042,7614.0,55365,7613,7614,7859,7459,original,,,
2013-01-18,TX,201302,7692,7723,7666,7711,97,1.27%,86279,7712.0,53906,7711,7712,7859,7459,original,,,
2013-01-21,TX,201302,7683,7736,7645,7703,-9,-0.12%,94447,7704.0,53161,7703,7705,7859,7459,original,,,
2013-01-22,TX,201302,7722,7765,7672,7751,47,0.61%,106112,7748.0,53207,7750,7751,7859,7459,original,,,
2013-01-23,TX,201302,7777,7788,7714,7723,-25,-0.32%,77820,7722.0,54124,7722,7723,7859,7459,original,,,
2013-01-24,TX,201302,7688,7728,7625,7682,-40,-0.52%,121098,7683.0,52878,7681,7682,7859,7459,original,,,
2013-01-25,TX,201302,7662,7688,7612,7649,-34,-0.44%,98883,7650.0,52971,7648,7650,7859,7459,original,,,
2013-01-28,TX,201302,7620,7731,7620,7730,80,1.05%,92771,7727.0,52711,7729,7730,7859,7459,original,,,
2013-01-29,TX,201302,7759,7822,7736,7819,92,1.19%,99284,7812.0,58955,7815,7819,7859,7459,original,,,
2013-01-30,TX,201302,7846,7859,7791,7800,-12,-0.15%,100596,7796.0,57234,7798,7800,7859,7459,original,,,
2013-01-31,TX,201302,7815,7850,7778,7848,52,0.67%,84766,7846.0,58922,7848,7850,7859,7459,original,,,
2013-02-01,TX,201302,7859,7901,7825,7858,12,0.15%,87506,7859.0,57372,7858,7859,7901,7459,original,,,
2013-02-04,TX,201302,7878,7952,7872,7940,81,1.03%,87092,7939.0,59383,7940,7941,7952,7459,original,,,
2013-02-05,TX,201302,7885,7913,7868,7905,-34,-0.43%,74233,7901.0,57811,7904,7905,7952,7459,original,,,
2013-02-06,TX,201302,7916,7952,7891,7900,-1,-0.01%,72671,7901.0,55226,7900,7903,7952,7459,original,,,
2013-02-18,TX,201302,7967,7978,7913,7935,34,0.43%,77582,7936.0,48668,7935,7936,7978,7459,original,,,
2013-02-19,TX,201302,7950,7970,7941,7959,23,0.29%,60019,7958.0,34498,7958,7959,7978,7459,original,,,
2013-02-20,TX,201302,8008,8027,7983,8023,65,0.82%,52976,0.0,17371,8022,8023,8027,7459,original,,,
2013-02-21,TX,201303,7987,7998,7948,7949,-61,-0.76%,63895,7949.0,51687,7949,7950,8021,6532,original,,,
2013-02-22,TX,201303,7939,7976,7903,7951,2,0.03%,85371,7951.0,53228,7951,7952,8021,6532,original,,,
2013-02-23,TX,201303,7974,7994,7970,7993,42,0.53%,27144,7992.0,52802,7993,7994,8021,6532,original,,,
2013-02-25,TX,201303,7985,7992,7935,7941,-51,-0.64%,72527,7941.0,53349,7941,7942,8021,6532,original,,,
2013-02-26,TX,201303,7893,7920,7862,7885,-56,-0.71%,82377,7883.0,52770,7884,7886,8021,6532,original,,,
2013-02-27,TX,201303,7907,7909,7862,7879,-4,-0.05%,53936,7879.0,53282,7879,7880,8021,6532,original,,,
2013-03-01,TX,201303,7945,7950,7920,7936,57,0.72%,44461,7936.0,53687,7935,7936,8021,6532,original,,,
2013-03-04,TX,201303,7935,7937,7827,7845,-91,-1.15%,94448,7844.0,57501,7843,7845,8021,6532,original,,,
2013-03-05,TX,201303,7867,7931,7862,7913,69,0.88%,74896,7911.0,55822,7912,7913,8021,6532,original,,,
2013-03-06,TX,201303,7980,7998,7935,7947,36,0.46%,83576,7945.0,54147,7945,7947,8021,6532,original,,,
2013-03-07,TX,201303,7933,7982,7921,7938,-7,-0.09%,72539,7939.0,54014,7938,7939,8021,6532,original,,,
2013-03-08,TX,201303,7968,8032,7965,8008,69,0.87%,81964,8008.0,57483,8007,8008,8032,6532,original,,,
2013-03-11,TX,201303,8010,8068,7993,8043,35,0.44%,79351,8042.0,56515,8041,8043,8068,6532,original,,,
2013-03-12,TX,201303,8040,8058,7983,7999,-43,-0.53%,75116,7998.0,55518,7999,8000,8068,6532,original,,,
2013-03-13,TX,201303,8000,8035,7951,7990,-8,-0.10%,106264,7989.0,53439,7990,7991,8068,6532,original,,,
2013-03-14,TX,201303,7997,7997,7941,7953,-36,-0.45%,80451,7950.0,53628,7951,7953,8068,6532,original,,,
2013-03-15,TX,201303,7969,7986,7906,7910,-40,-0.50%,108975,7909.0,50810,7908,7910,8068,6532,original,,,
2013-03-18,TX,201303,7857,7868,7790,7792,-117,-1.48%,102089,7792.0,43007,7791,7792,8068,6532,original,,,
2013-03-19,TX,201303,7838,7852,7816,7833,41,0.53%,76505,7831.0,28651,7832,7833,8068,6532,original,,,
2013-03-20,TX,201303,7780,7842,7775,7796,-35,-0.45%,52532,0.0,15008,7795,7796,8068,6532,original,,,
2013-03-21,TX,201304,7803,7816,7781,7797,21,0.27%,68584,7796.0,47207,7797,7798,8058,7759,original,,,
2013-03-22,TX,201304,7780,7814,7764,7776,-20,-0.26%,63792,7774.0,48679,7774,7775,8058,7759,original,,,
2013-03-25,TX,201304,7842,7865,7826,7851,77,0.99%,60627,7850.0,47238,7850,7851,8058,7759,original,,,
2013-03-26,TX,201304,7845,7848,7822,7836,-14,-0.18%,52993,7835.0,47439,7835,7837,8058,7759,original,,,
2013-03-27,TX,201304,7841,7876,7827,7860,25,0.32%,74979,7862.0,48107,7859,7860,8058,7759,original,,,
2013-03-28,TX,201304,7859,7875,7820,7842,-20,-0.25%,64977,7843.0,48316,7842,7844,8058,7759,original,,,
2013-03-29,TX,201304,7884,7935,7871,7923,80,1.02%,73177,7923.0,49739,7923,7925,8058,7759,original,,,
2013-04-01,TX,201304,7938,7942,7907,7920,-3,-0.04%,45554,7918.0,51497,7920,7921,8058,7759,original,,,
2013-04-02,TX,201304,7907,7927,7875,7905,-13,-0.16%,80431,7903.0,52300,7903,7905,8058,7759,original,,,
2013-04-03,TX,201304,7944,7953,7910,7934,31,0.39%,67602,7936.0,51567,7934,7936,8058,7759,original,,,
2013-04-08,TX,201304,7859,7870,7733,7739,-197,-2.48%,128621,7737.0,51406,7737,7739,8058,7733,original,,,
2013-04-09,TX,201304,7717,7750,7697,7709,-28,-0.36%,84475,7708.0,51741,7708,7710,8058,7697,original,,,
2013-04-10,TX,201304,7737,7745,7713,7728,20,0.26%,59229,7726.0,52252,7727,7728,8058,7697,original,,,
2013-04-11,TX,201304,7776,7825,7759,7818,92,1.19%,84730,7816.0,52576,7816,7818,8058,7697,original,,,
2013-04-12,TX,201304,7822,7832,7783,7784,-32,-0.41%,64379,7784.0,49788,7784,7785,8058,7697,original,,,
2013-04-15,TX,201304,7763,7816,7729,7763,-21,-0.27%,109119,7761.0,40350,7762,7764,8058,7697,original,,,
2013-04-16,TX,201304,7710,7786,7693,7780,19,0.24%,118952,7775.0,24079,7778,7780,8058,7693,original,,,
2013-04-17,TX,201304,7783,7809,7772,7809,34,0.44%,57751,0.0,14675,7808,7809,8058,7693,original,,,
2013-04-18,TX,201305,7715,7775,7700,7751,-4,-0.05%,104794,7750.0,48117,7750,7752,7935,7666,original,,,
2013-04-19,TX,201305,7784,7945,7782,7944,194,2.50%,139916,7942.0,61570,7944,7945,7945,7666,original,,,
2013-04-22,TX,201305,7952,7976,7938,7953,11,0.14%,64238,7955.0,60182,7953,7955,7976,7666,original,,,
2013-04-23,TX,201305,7942,7951,7896,7928,-27,-0.34%,79418,7926.0,58835,7927,7928,7976,7666,original,,,
2013-04-24,TX,201305,7967,8015,7949,7991,65,0.82%,110367,7992.0,58446,7990,7991,8015,7666,original,,,
2013-04-25,TX,201305,7976,8009,7970,8004,12,0.15%,71490,8005.0,59145,8004,8006,8015,7666,original,,,
2013-04-26,TX,201305,8010,8066,7996,7998,-7,-0.09%,94160,7997.0,59458,7997,7998,8066,7666,original,,,
2013-04-29,TX,201305,8010,8042,8001,8023,26,0.33%,62673,8021.0,63048,8021,8023,8066,7666,original,,,
2013-04-30,TX,201305,8067,8122,8062,8098,77,0.96%,79288,8098.0,62914,8097,8098,8122,7666,original,,,
2013-05-02,TX,201305,8083,8127,8083,8120,22,0.27%,63345,8119.0,67261,8119,8121,8127,7666,original,,,
2013-05-03,TX,201305,8139,8174,8119,8140,21,0.26%,82194,8140.0,65754,8140,8142,8174,7666,original,,,
2013-05-06,TX,201305,8200,8209,8154,8169,29,0.36%,67723,8168.0,63801,8169,8170,8209,7666,original,,,
2013-05-07,TX,201305,8180,8187,8150,8173,5,0.06%,61199,8174.0,64451,8173,8174,8209,7666,original,,,
2013-05-08,TX,201305,8188,8302,8186,8268,94,1.15%,130480,8269.0,65234,8269,8270,8302,7666,original,,,
2013-05-09,TX,201305,8301,8330,8290,8313,44,0.53%,83971,8313.0,62651,8312,8314,8330,7666,original,,,
2013-05-10,TX,201305,8294,8312,8280,8312,-1,-0.01%,65770,8309.0,59464,8310,8312,8330,7666,original,,,
2013-05-13,TX,201305,8311,8314,8229,8260,-49,-0.59%,100298,8260.0,49074,8260,8261,8330,7666,original,,,
2013-05-14,TX,201305,8280,8307,8244,8274,14,0.17%,98400,8272.0,36767,8274,8275,8330,7666,original,,,
2013-05-15,TX,201305,8299,8311,8260,8304,32,0.39%,61581,0.0,21546,8303,8304,8330,7666,original,,,
2013-05-16,TX,201306,8325,8440,8320,8423,115,1.38%,122633,8423.0,56995,8423,8424,8440,6642,original,,,
2013-05-17,TX,201306,8405,8423,8386,8403,-20,-0.24%,60464,8401.0,55514,8402,8403,8440,6642,original,,,
2013-05-20,TX,201306,8398,8401,8341,8386,-15,-0.18%,74722,8386.0,54876,8385,8387,8440,6642,original,,,
2013-05-21,TX,201306,8380,8441,8357,8390,4,0.05%,102289,8390.0,56442,8389,8390,8441,6642,original,,,
2013-05-22,TX,201306,8435,8449,8392,8394,4,0.05%,82669,8396.0,55718,8394,8395,8449,6642,original,,,
2013-05-23,TX,201306,8337,8355,8210,8213,-183,-2.18%,140140,8213.0,55852,8212,8213,8449,6642,original,,,
2013-05-24,TX,201306,8238,8248,8146,8222,9,0.11%,102660,8220.0,54542,8220,8222,8449,6642,original,,,
2013-05-27,TX,201306,8184,8268,8184,8256,36,0.44%,86472,8257.0,54707,8256,8258,8449,6642,original,,,
2013-05-28,TX,201306,8268,8283,8245,8258,1,0.01%,69512,8257.0,54923,8257,8258,8449,6642,original,,,
2013-05-29,TX,201306,8257,8345,8246,8312,55,0.67%,106194,8315.0,55119,8312,8313,8449,6642,original,,,
2013-05-30,TX,201306,8304,8304,8204,8231,-84,-1.01%,121294,8230.0,56760,8231,8232,8449,6642,original,,,
2013-05-31,TX,201306,8277,8342,8226,8242,12,0.15%,125054,8242.0,55385,8242,8243,8449,6642,original,,,
2013-06-03,TX,201306,8100,8205,8092,8193,-49,-0.59%,107007,8191.0,56984,8192,8193,8449,6642,original,,,
2013-06-04,TX,201306,8223,8228,8150,8162,-29,-0.35%,92115,8162.0,54591,8162,8163,8449,6642,original,,,
2013-06-05,TX,201306,8130,8196,8124,8145,-17,-0.21%,90608,8146.0,56333,8144,8146,8449,6642,original,,,
2013-06-06,TX,201306,8098,8129,8061,8103,-43,-0.53%,116805,8102.0,55888,8103,8105,8449,6642,original,,,
2013-06-07,TX,201306,8081,8110,8049,8087,-15,-0.19%,99118,8087.0,53081,8086,8088,8449,6642,original,,,
2013-06-10,TX,201306,8142,8185,8128,8147,60,0.74%,88305,8147.0,52488,8146,8148,8449,6642,original,,,
2013-06-11,TX,201306,8135,8157,8107,8128,-19,-0.23%,78773,8126.0,53110,8127,8128,8449,6642,original,,,
2013-06-13,TX,201306,8050,8055,7931,7933,-193,-2.38%,127540,7932.0,55944,7932,7933,8449,6642,original,,,
2013-06-14,TX,201306,7983,7985,7905,7920,-12,-0.15%,91743,7921.0,53593,7920,7922,8449,6642,original,,,
2013-06-17,TX,201306,7923,7982,7920,7973,52,0.66%,80161,7972.0,44234,7973,7974,8449,6642,original,,,
2013-06-18,TX,201306,7971,8011,7937,7994,22,0.28%,108806,7996.0,31973,7994,7995,8449,6642,original,,,
2013-06-19,TX,201306,8005,8038,7987,8019,23,0.29%,60936,0.0,20488,8019,8020,8449,6642,original,,,
2013-06-20,TX,201307,7795,7819,7739,7748,-136,-1.73%,107714,7750.0,47375,7748,7749,8360,7739,original,,,
2013-06-21,TX,201307,7600,7680,7589,7658,-92,-1.19%,124153,7658.0,45752,7659,7660,8360,7589,original,,,
2013-06-24,TX,201307,7628,7663,7602,7630,-28,-0.37%,91483,7629.0,48771,7628,7630,8360,7589,original,,,
2013-06-25,TX,201307,7613,7683,7580,7606,-23,-0.30%,158891,7604.0,50566,7606,7608,8360,7580,original,,,
2013-06-26,TX,201307,7650,7689,7609,7637,33,0.43%,121002,7638.0,48821,7636,7638,8360,7580,original,,,
2013-06-27,TX,201307,7735,7746,7700,7713,75,0.98%,92515,7715.0,44939,7713,7714,8360,7580,original,,,
2013-06-28,TX,201307,7755,7860,7729,7828,113,1.46%,121780,7828.0,40785,7827,7828,8360,7580,original,,,
2013-07-01,TX,201307,7818,7916,7811,7903,75,0.96%,101184,7903.0,42951,7903,7904,8360,7580,original,,,
2013-07-02,TX,201307,7905,7920,7880,7906,3,0.04%,69586,7906.0,42601,7905,7906,8360,7580,original,,,
2013-07-03,TX,201307,7884,7894,7806,7811,-95,-1.20%,99164,7811.0,42890,7810,7811,8360,7580,original,,,
2013-07-04,TX,201307,7839,7864,7802,7844,33,0.42%,90570,7842.0,42091,7842,7844,8360,7580,original,,,
2013-07-05,TX,201307,7885,7979,7871,7965,123,1.57%,109225,7964.0,41791,7964,7965,8360,7580,original,,,
2013-07-08,TX,201307,7955,7964,7820,7830,-134,-1.68%,117123,7830.0,43036,7829,7831,8360,7580,original,,,
2013-07-09,TX,201307,7830,7931,7823,7924,94,1.20%,116183,7922.0,42017,7923,7924,8360,7580,original,,,
2013-07-10,TX,201307,7938,8017,7921,7961,39,0.49%,133445,7959.0,42867,7960,7961,8360,7580,original,,,
2013-07-11,TX,201307,8107,8166,8061,8163,204,2.56%,117871,8164.0,42857,8162,8163,8360,7580,original,,,
2013-07-12,TX,201307,8164,8188,8138,8176,12,0.15%,64591,8183.0,41848,8175,8176,8360,7580,original,,,
2013-07-15,TX,201307,8141,8238,8135,8216,33,0.40%,110657,8216.0,36824,8214,8216,8360,7580,original,,,
2013-07-16,TX,201307,8230,8233,8193,8230,14,0.17%,77162,8230.0,25763,8230,8232,8360,7580,original,,,
2013-07-17,TX,201307,8209,8257,8202,8242,12,0.15%,49919,0.0,15533,8241,8242,8360,7580,original,,,
2013-07-18,TX,201308,8158,8169,8088,8096,-46,-0.56%,99742,8100.0,42784,8096,8098,8169,7467,original,,,
2013-07-19,TX,201308,8059,8073,7953,7955,-145,-1.79%,130696,7957.0,46049,7955,7956,8169,7467,original,,,
2013-07-22,TX,201308,7974,8053,7970,8022,65,0.82%,85680,8019.0,48197,8021,8023,8169,7467,original,,,
2013-07-23,TX,201308,8068,8156,8060,8134,115,1.43%,115683,8134.0,48191,8134,8136,8169,7467,original,,,
2013-07-24,TX,201308,8142,8148,8100,8126,-8,-0.10%,77552,8124.0,48153,8125,8126,8169,7467,original,,,
2013-07-25,TX,201308,8100,8158,8056,8107,-17,-0.21%,101640,8108.0,47235,8107,8108,8169,7467,original,,,
2013-07-26,TX,201308,8109,8183,8088,8100,-8,-0.10%,107217,8099.0,47055,8098,8100,8183,7467,original,,,
2013-07-29,TX,201308,8082,8108,8017,8035,-64,-0.79%,99697,8033.0,48077,8034,8035,8183,7467,original,,,
2013-07-30,TX,201308,8060,8145,8057,8130,97,1.21%,97473,8128.0,50210,8129,8130,8183,7467,original,,,
2013-07-31,TX,201308,8120,8133,8046,8049,-79,-0.97%,89142,8049.0,48542,8049,8051,8183,7467,original,,,
2013-08-01,TX,201308,8049,8080,8000,8045,-4,-0.05%,96228,8044.0,50978,8044,8047,8183,7467,original,,,
2013-08-02,TX,201308,8098,8146,8048,8060,16,0.20%,115177,8061.0,48271,8060,8061,8183,7467,original,,,
2013-08-05,TX,201308,8072,8108,8022,8098,37,0.46%,88505,8099.0,49637,8098,8099,8183,7467,original,,,
2013-08-06,TX,201308,8059,8075,7972,7991,-108,-1.33%,106562,7991.0,52758,7991,7993,8183,7467,original,,,
2013-08-07,TX,201308,7912,7939,7845,7845,-146,-1.83%,98256,7847.0,53677,7845,7846,8183,7467,original,,,
2013-08-08,TX,201308,7875,7893,7844,7846,-1,-0.01%,77382,7845.0,50934,7846,7847,8183,7467,original,,,
2013-08-09,TX,201308,7848,7882,7802,7825,-20,-0.25%,118651,7824.0,51053,7825,7827,8183,7467,original,,,
2013-08-12,TX,201308,7848,7882,7820,7860,36,0.46%,75573,7858.0,50140,7859,7860,8183,7467,original,,,
2013-08-13,TX,201308,7894,7959,7887,7954,96,1.22%,88013,7951.0,49029,7952,7954,8183,7467,original,,,
2013-08-14,TX,201308,7959,7960,7888,7928,-23,-0.29%,86574,7927.0,48429,7927,7929,8183,7467,original,,,
2013-08-15,TX,201308,7843,7878,7805,7861,-66,-0.83%,90020,7859.0,47618,7860,7861,8183,7467,original,,,
2013-08-16,TX,201308,7809,7944,7800,7916,57,0.73%,135604,7914.0,45023,7913,7916,8183,7467,original,,,
2013-08-19,TX,201308,7878,7903,7855,7887,-27,-0.34%,76711,7886.0,38994,7887,7888,8183,7467,original,,,
2013-08-20,TX,201308,7850,7920,7800,7805,-81,-1.03%,122385,7806.0,30325,7804,7805,8183,7467,original,,,
2013-08-22,TX,201308,7700,7823,7695,7813,7,0.09%,60397,0.0,18333,7813,7814,8183,7467,original,,,
2013-08-23,TX,201309,7760,7816,7753,7786,83,1.08%,87872,7784.0,44245,7785,7787,8215,6723,original,,,
2013-08-26,TX,201309,7818,7844,7787,7824,40,0.51%,77414,7823.0,45766,7823,7825,8215,6723,original,,,
2013-08-27,TX,201309,7802,7818,7747,7757,-66,-0.84%,84175,7756.0,49955,7757,7758,8215,6723,original,,,
2013-08-28,TX,201309,7699,7781,7678,7780,24,0.31%,108500,7777.0,50485,7778,7780,8215,6723,original,,,
2013-08-29,TX,201309,7798,7900,7788,7896,119,1.53%,106632,7894.0,50497,7894,7896,8215,6723,original,,,
2013-08-30,TX,201309,7898,7983,7880,7969,75,0.95%,101116,7972.0,46458,7969,7970,8215,6723,original,,,
2013-09-02,TX,201309,7964,8025,7956,8018,46,0.58%,87835,8018.0,48197,8018,8020,8215,6723,original,,,
2013-09-03,TX,201309,8038,8079,8025,8052,34,0.42%,83489,8052.0,47121,8052,8054,8215,6723,original,,,
2013-09-04,TX,201309,8028,8074,8005,8071,19,0.24%,88373,8071.0,47784,8071,8074,8215,6723,original,,,
2013-09-05,TX,201309,8091,8141,8071,8130,59,0.73%,98558,8129.0,48477,8129,8130,8215,6723,original,,,
2013-09-06,TX,201309,8129,8153,8120,8139,10,0.12%,61960,8140.0,49600,8139,8140,8215,6723,original,,,
2013-09-09,TX,201309,8150,8184,8095,8159,19,0.23%,100993,8159.0,50337,8157,8159,8215,6723,original,,,
2013-09-10,TX,201309,8189,8220,8136,8171,12,0.15%,101742,8170.0,50030,8171,8172,8220,6723,original,,,
2013-09-11,TX,201309,8199,8200,8131,8191,21,0.26%,110597,8187.0,50341,8190,8191,8220,6723,original,,,
2013-09-12,TX,201309,8187,8217,8164,8194,7,0.09%,90528,8193.0,48987,8193,8194,8220,6723,original,,,
2013-09-13,TX,201309,8198,8215,8146,8146,-47,-0.57%,71727,8147.0,49372,8146,8148,8220,6723,original,,,
2013-09-14,TX,201309,8178,8179,8148,8162,15,0.18%,32151,8162.0,49146,8162,8163,8220,6723,original,,,
2013-09-16,TX,201309,8214,8259,8197,8249,87,1.07%,81309,8247.0,39322,8248,8249,8259,6723,original,,,
2013-09-17,TX,201309,8217,8242,8209,8240,-7,-0.08%,61438,8240.0,29894,8240,8241,8259,6723,original,,,
2013-09-18,TX,201309,8255,8268,8223,8238,-2,-0.02%,44188,0.0,15817,8238,8239,8268,6723,original,,,
2013-09-23,TX,201310,8185,8269,8180,8256,77,0.94%,72601,8257.0,44613,8256,8257,8269,7652,original,,,
2013-09-24,TX,201310,8251,8273,8221,8268,11,0.13%,72399,8267.0,46239,8267,8268,8273,7652,original,,,
2013-09-25,TX,201310,8250,8258,8222,8233,-34,-0.41%,69047,8233.0,46316,8232,8235,8273,7652,original,,,
2013-09-26,TX,201310,8220,8241,8156,8183,-50,-0.61%,89062,8181.0,49259,8181,8183,8273,7652,original,,,
2013-09-27,TX,201310,8190,8207,8176,8183,2,0.02%,53228,8182.0,49232,8181,8183,8273,7652,original,,,
2013-09-30,TX,201310,8114,8156,8083,8120,-62,-0.76%,96072,8121.0,49841,8120,8121,8273,7652,original,,,
2013-10-01,TX,201310,8153,8175,8138,8150,29,0.36%,72550,8149.0,52747,8149,8150,8273,7652,original,,,
2013-10-02,TX,201310,8185,8192,8157,8157,8,0.10%,66374,8159.0,52455,8157,8160,8273,7652,original,,,
2013-10-03,TX,201310,8172,8385,8171,8378,219,2.68%,121376,8377.0,55679,8377,8378,8385,7652,original,,,
2013-10-04,TX,201310,8357,8393,8345,8366,-11,-0.13%,76363,8366.0,54786,8365,8367,8393,7652,original,,,
2013-10-07,TX,201310,8367,8370,8296,8326,-40,-0.48%,68526,8325.0,51571,8325,8326,8393,7652,original,,,
2013-10-08,TX,201310,8302,8383,8291,8374,49,0.59%,86038,8373.0,49503,8374,8375,8393,7652,original,,,
2013-10-09,TX,201310,8324,8377,8319,8335,-38,-0.45%,72882,8338.0,47316,8335,8337,8393,7652,original,,,
2013-10-11,TX,201310,8439,8450,8355,8361,23,0.28%,95865,8361.0,41885,8361,8362,8450,7652,original,,,
2013-10-14,TX,201310,8345,8348,8273,8294,-67,-0.80%,94880,8294.0,31146,8294,8296,8450,7652,original,,,
2013-10-15,TX,201310,8359,8385,8338,8354,60,0.72%,86777,8355.0,20312,8354,8355,8450,7652,original,,,
2013-10-16,TX,201310,8372,8377,8340,8345,-10,-0.12%,36523,0.0,10294,8344,8345,8450,7652,original,,,
2013-10-17,TX,201311,8380,8422,8356,8363,31,0.37%,76826,8364.0,45470,8362,8364,8435,8056,original,,,
2013-10-18,TX,201311,8382,8429,8373,8416,52,0.62%,71072,8417.0,47051,8416,8418,8435,8056,original,,,
2013-10-21,TX,201311,8441,8445,8393,8401,-16,-0.19%,59834,8400.0,45875,8399,8401,8445,8056,original,,,
2013-10-22,TX,201311,8377,8423,8352,8414,14,0.17%,75663,8416.0,47463,8414,8415,8445,8056,original,,,
2013-10-23,TX,201311,8436,8440,8340,8361,-55,-0.65%,95797,8359.0,46032,8359,8361,8445,8056,original,,,
2013-10-24,TX,201311,8348,8400,8326,8391,32,0.38%,78189,8393.0,44086,8391,8392,8445,8056,original,,,
2013-10-25,TX,201311,8353,8366,8291,8322,-71,-0.85%,98615,8320.0,45216,8320,8322,8445,8056,original,,,
2013-10-28,TX,201311,8320,8410,8320,8388,68,0.82%,73935,8389.0,43644,8388,8390,8445,8056,original,,,
2013-10-29,TX,201311,8362,8435,8359,8410,21,0.25%,98283,8408.0,46194,8409,8411,8445,8056,original,,,
2013-10-30,TX,201311,8424,8460,8405,8441,33,0.39%,75193,8440.0,47610,8440,8441,8460,8056,original,,,
2013-10-31,TX,201311,8422,8465,8408,8427,-13,-0.15%,77387,8429.0,50411,8427,8428,8465,8056,original,,,
2013-11-01,TX,201311,8457,8476,8372,8393,-36,-0.43%,101517,8391.0,49133,8392,8393,8476,8056,original,,,
2013-11-04,TX,201311,8360,8369,8313,8339,-52,-0.62%,81711,8338.0,45992,8338,8339,8476,8056,original,,,
2013-11-05,TX,201311,8326,8353,8255,8268,-70,-0.84%,99344,8267.0,47924,8267,8268,8476,8056,original,,,
2013-11-06,TX,201311,8281,8288,8231,8269,2,0.02%,86347,8269.0,48249,8269,8271,8476,8056,original,,,
2013-11-07,TX,201311,8266,8279,8224,8257,-12,-0.15%,74161,8258.0,47499,8257,8258,8476,8056,original,,,
2013-11-08,TX,201311,8230,8269,8211,8224,-34,-0.41%,77595,8224.0,46603,8224,8225,8476,8056,original,,,
2013-11-11,TX,201311,8230,8236,8179,8195,-29,-0.35%,74493,8195.0,51055,8195,8196,8476,8056,original,,,
2013-11-12,TX,201311,8225,8247,8172,8216,21,0.26%,83476,8215.0,52213,8216,8217,8476,8056,original,,,
2013-11-13,TX,201311,8186,8193,8101,8107,-108,-1.31%,90870,8107.0,51778,8107,8109,8476,8056,original,,,
2013-11-14,TX,201311,8143,8157,8085,8124,17,0.21%,85513,8124.0,49205,8124,8125,8476,8056,original,,,
2013-11-15,TX,201311,8177,8214,8148,8159,35,0.43%,93361,8161.0,45266,8159,8160,8476,8056,original,,,
2013-11-18,TX,201311,8194,8223,8178,8189,28,0.34%,76515,8189.0,35869,8189,8190,8476,8056,original,,,
2013-11-19,TX,201311,8224,8256,8208,8249,60,0.73%,81106,8246.0,20689,8247,8249,8476,8056,original,,,
2013-11-20,TX,201311,8230,8258,8216,8219,-27,-0.33%,36809,0.0,10288,8219,8220,8476,8056,original,,,
2013-11-21,TX,201312,8166,8170,8062,8078,-129,-1.57%,96488,8078.0,48040,8078,8079,8455,7280,original,,,
2013-11-22,TX,201312,8078,8110,8076,8086,8,0.10%,55847,8087.0,46777,8086,8087,8455,7280,original,,,
2013-11-25,TX,201312,8145,8218,8142,8195,108,1.34%,77378,8192.0,44833,8193,8195,8455,7280,original,,,
2013-11-26,TX,201312,8166,8277,8154,8249,57,0.70%,100277,8245.0,47501,8248,8249,8455,7280,original,,,
2013-11-27,TX,201312,8236,8300,8232,8299,54,0.65%,73671,8297.0,47635,8298,8299,8455,7280,original,,,
2013-11-28,TX,201312,8350,8392,8338,8378,81,0.98%,73050,8377.0,51834,8378,8379,8455,7280,original,,,
2013-11-29,TX,201312,8375,8428,8372,8427,50,0.60%,65787,8425.0,54358,8425,8427,8455,7280,original,,,
2013-12-02,TX,201312,8431,8447,8391,8413,-12,-0.14%,73323,8411,55458,8411,8413,8455,7280,original,,,
2013-12-03,TX,201312,8392,8424,8378,8409,-2,-0.02%,65908,8408,55878,8409,8410,8455,7280,original,,,
2013-12-04,TX,201312,8375,8449,8372,8436,28,0.33%,93441,8434,56731,8434,8437,8455,7280,original,,,
2013-12-05,TX,201312,8423,8443,8352,8379,-55,-0.65%,100533,8378,53804,8378,8379,8455,7280,original,,,
2013-12-06,TX,201312,8377,8409,8354,8384,6,0.07%,77433,8384,53311,8383,8384,8455,7280,original,,,
2013-12-09,TX,201312,8455,8495,8445,8456,72,0.86%,76944,8456,54125,8456,8457,8495,7280,original,,,
2013-12-10,TX,201312,8431,8458,8427,8455,-1,-0.01%,55279,8454,53838,8454,8455,8495,7280,original,,,
2013-12-11,TX,201312,8458,8510,8422,8432,-22,-0.26%,110731,8432,55307,8430,8432,8510,7280,original,,,
2013-12-12,TX,201312,8390,8406,8358,8392,-40,-0.47%,85000,8392,54431,8392,8396,8510,7280,original,,,
2013-12-13,TX,201312,8359,8404,8352,8397,5,0.06%,78852,8396,54794,8396,8397,8510,7280,original,,,
2013-12-16,TX,201312,8375,8385,8325,8336,-60,-0.71%,95020,8334,50521,8334,8336,8510,7280,original,,,
2013-12-17,TX,201312,8383,8385,8358,8362,28,0.34%,57370,8361,40474,8362,8363,8510,7280,original,,,
2013-12-18,TX,201312,8380,8380,8338,8338,-23,-0.28%,31195,0,31221,8338,8339,8510,7280,original,,,
2013-12-19,TX,201401,8392,8431,8371,8392,60,0.72%,83798,8392,53840,8392,8393,8500,8048,original,,,
2013-12-20,TX,201401,8391,8428,8382,8415,23,0.27%,63180,8414,53683,8414,8415,8500,8048,original,,,
2013-12-23,TX,201401,8449,8495,8445,8475,61,0.72%,53452,8475,55339,8475,8476,8500,8048,original,,,
2013-12-24,TX,201401,8480,8487,8462,8483,8,0.09%,34318,8481,54022,8481,8483,8500,8048,original,,,
2013-12-25,TX,201401,8500,8504,8488,8500,19,0.22%,28150,8500,53541,8500,8501,8504,8048,original,,,
2013-12-26,TX,201401,8510,8514,8483,8501,1,0.01%,30200,8501,54340,8501,8502,8514,8048,original,,,
2013-12-27,TX,201401,8496,8550,8490,8543,42,0.49%,56418,8543,56949,8542,8543,8550,8048,original,,,
2013-12-30,TX,201401,8549,8637,8546,8625,82,0.96%,70122,8624,58465,8624,8625,8637,8048,original,,,
2013-12-31,TX,201401,8650,8664,8622,8633,9,0.10%,51329,8633,58759,8633,8634,8664,8048,original,,,
2014-01-02,TX,201401,8644,8649,8585,8618,-15,-0.17%,70152,8616.0,59890,8617,8618,8664,8048,original,,,
2014-01-03,TX,201401,8595,8597,8530,8541,-75,-0.87%,82686,8542.0,60584,8541,8543,8664,8048,original,,,
2014-01-06,TX,201401,8539,8561,8503,8528,-14,-0.16%,81494,8526.0,58614,8526,8528,8664,8048,original,,,
2014-01-07,TX,201401,8528,8575,8525,8551,25,0.29%,76176,8550.0,59686,8551,8552,8664,8048,original,,,
2014-01-08,TX,201401,8556,8599,8550,8586,36,0.42%,69802,8584.0,58207,8586,8587,8664,8048,original,,,
2014-01-09,TX,201401,8565,8573,8514,8528,-56,-0.65%,99558,8528.0,57361,8527,8529,8664,8048,original,,,
2014-01-10,TX,201401,8523,8548,8516,8539,11,0.13%,63745,8541.0,54347,8539,8541,8664,8048,original,,,
2014-01-13,TX,201401,8598,8629,8566,8572,31,0.36%,95870,8571.0,38736,8571,8572,8664,8048,original,,,
2014-01-14,TX,201401,8530,8559,8514,8547,-24,-0.28%,73027,8547.0,32667,8546,8547,8664,8048,original,,,
2014-01-15,TX,201401,8570,8613,8563,8610,63,0.74%,52535,0.0,18341,8610,8611,8664,8048,original,,,
2014-01-16,TX,201402,8650,8662,8610,8618,8,0.09%,65354,8618.0,56319,8616,8618,8662,8355,original,,,
2014-01-17,TX,201402,8610,8625,8577,8606,-12,-0.14%,76169,8604.0,57001,8604,8606,8662,8355,original,,,
2014-01-20,TX,201402,8585,8634,8571,8622,18,0.21%,69809,8623.0,59336,8622,8623,8662,8355,original,,,
2014-01-21,TX,201402,8642,8647,8611,8623,0,0.00%,65389,8621.0,60465,8622,8623,8662,8355,original,,,
2014-01-22,TX,201402,8595,8636,8585,8635,14,0.16%,61473,8634.0,60166,8635,8636,8662,8355,original,,,
2014-01-23,TX,201402,8646,8650,8587,8596,-38,-0.44%,77610,8597.0,59145,8595,8596,8662,8355,original,,,
2014-01-24,TX,201402,8570,8629,8551,8619,22,0.26%,76250,8617.0,61711,8618,8619,8662,8355,original,,,
2014-01-27,TX,201402,8510,8547,8445,8446,-171,-1.98%,124091,8449.0,61081,8446,8447,8662,8355,original,,,
2014-02-05,TX,201402,8302,8328,8196,8243,-206,-2.44%,123024,8242.0,56745,8242,8244,8662,8196,original,,,
2014-02-06,TX,201402,8278,8292,8247,8275,33,0.40%,81137,8276.0,52424,8275,8276,8662,8196,original,,,
2014-02-07,TX,201402,8327,8373,8315,8339,63,0.76%,84636,8339.0,50744,8338,8340,8662,8196,original,,,
2014-02-10,TX,201402,8375,8403,8353,8355,16,0.19%,75690,8354.0,51889,8354,8355,8662,8196,original,,,
2014-02-11,TX,201402,8354,8415,8346,8414,60,0.72%,69071,8413.0,50694,8413,8414,8662,8196,original,,,
2014-02-12,TX,201402,8447,8496,8437,8481,68,0.81%,84727,8483.0,51297,8481,8484,8662,8196,original,,,
2014-02-13,TX,201402,8495,8495,8443,8443,-40,-0.47%,60328,8445.0,51343,8443,8445,8662,8196,original,,,
2014-02-14,TX,201402,8496,8568,8488,8508,63,0.75%,108056,8506.0,45962,8506,8507,8662,8196,original,,,
2014-02-17,TX,201402,8547,8557,8514,8528,22,0.26%,68133,8526.0,36448,8527,8528,8662,8196,original,,,
2014-02-18,TX,201402,8530,8564,8506,8562,36,0.42%,74608,8562.0,28586,8560,8562,8662,8196,original,,,
2014-02-19,TX,201402,8535,8569,8535,8557,-5,-0.06%,33192,0.0,19396,8556,8557,8662,8196,original,,,
2014-02-20,TX,201403,8530,8548,8483,8483,-63,-0.74%,104153,8485.0,48673,8483,8485,8646,7365,original,,,
2014-02-21,TX,201403,8555,8598,8555,8587,102,1.20%,70932,8588.0,47721,8586,8588,8646,7365,original,,,
2014-02-24,TX,201403,8591,8605,8534,8549,-39,-0.45%,73629,8549.0,48780,8549,8550,8646,7365,original,,,
2014-02-25,TX,201403,8603,8608,8565,8573,24,0.28%,59959,8573.0,49242,8572,8574,8646,7365,original,,,
2014-02-26,TX,201403,8565,8627,8553,8608,35,0.41%,78863,8607.0,53905,8608,8609,8646,7365,original,,,
2014-02-27,TX,201403,8609,8631,8602,8624,17,0.20%,62426,8625.0,55246,8624,8626,8646,7365,original,,,
2014-03-03,TX,201403,8559,8580,8510,8566,-59,-0.68%,102233,8566.0,51656,8566,8567,8646,7365,original,,,
2014-03-04,TX,201403,8560,8582,8539,8553,-13,-0.15%,68908,8552.0,49747,8553,8554,8646,7365,original,,,
2014-03-05,TX,201403,8640,8647,8610,8619,67,0.78%,59854,8619.0,50464,8618,8619,8647,7365,original,,,
2014-03-06,TX,201403,8623,8709,8619,8695,76,0.88%,87968,8694.0,56023,8694,8695,8709,7365,original,,,
2014-03-07,TX,201403,8730,8772,8676,8705,11,0.13%,104339,8704.0,57682,8703,8705,8772,7365,original,,,
2014-03-10,TX,201403,8673,8694,8654,8677,-27,-0.31%,69919,8676.0,54125,8676,8678,8772,7365,original,,,
2014-03-11,TX,201403,8690,8723,8678,8715,39,0.45%,67391,8713.0,55591,8714,8715,8772,7365,original,,,
2014-03-12,TX,201403,8666,8673,8645,8662,-51,-0.59%,73277,8659.0,53433,8660,8662,8772,7365,original,,,
2014-03-13,TX,201403,8702,8756,8694,8740,81,0.94%,84582,8742.0,57452,8741,8743,8772,7365,original,,,
2014-03-14,TX,201403,8673,8701,8671,8693,-49,-0.56%,58515,8692.0,52927,8693,8695,8772,7365,original,,,
2014-03-17,TX,201403,8703,8715,8655,8701,9,0.10%,77365,8699.0,41467,8699,8700,8772,7365,original,,,
2014-03-18,TX,201403,8745,8751,8712,8727,28,0.32%,65644,8728.0,33041,8727,8728,8772,7365,original,,,
2014-03-19,TX,201403,8734,8742,8684,8696,-32,-0.37%,47587,0.0,22064,8696,8697,8772,7365,original,,,
2014-03-20,TX,201404,8638,8639,8561,8568,-104,-1.20%,95027,8568.0,47471,8567,8568,8756,8468,original,,,
2014-03-21,TX,201404,8586,8598,8558,8575,7,0.08%,66251,8573.0,47918,8575,8576,8756,8468,original,,,
2014-03-24,TX,201404,8550,8605,8523,8601,28,0.33%,99699,8601.0,47674,8600,8601,8756,8468,original,,,
2014-03-25,TX,201404,8589,8660,8576,8659,58,0.67%,91751,8658.0,49790,8658,8659,8756,8468,original,,,
2014-03-26,TX,201404,8708,8722,8682,8711,53,0.61%,77869,8712.0,52256,8711,8712,8756,8468,original,,,
2014-03-27,TX,201404,8705,8756,8695,8754,42,0.48%,86325,8754.0,57493,8754,8755,8756,8468,original,,,
2014-03-28,TX,201404,8754,8776,8729,8735,-19,-0.22%,78831,8736.0,58227,8735,8736,8776,8468,original,,,
2014-03-31,TX,201404,8779,8794,8734,8789,53,0.61%,76765,8790.0,58203,8790,8791,8794,8468,original,,,
2014-04-01,TX,201404,8780,8833,8773,8829,39,0.44%,77021,8828.0,58731,8828,8829,8833,8468,original,,,
2014-04-02,TX,201404,8850,8888,8841,8855,27,0.31%,73667,8855.0,57018,8854,8856,8888,8468,original,,,
2014-04-03,TX,201404,8858,8878,8845,8868,13,0.15%,58189,8867.0,58299,8867,8869,8888,8468,original,,,
2014-04-07,TX,201404,8811,8861,8803,8858,-9,-0.10%,63927,8858.0,58642,8858,8859,8888,8468,original,,,
2014-04-08,TX,201404,8853,8887,8837,8879,21,0.24%,79196,8877.0,55062,8878,8879,8888,8468,original,,,
2014-04-09,TX,201404,8886,8903,8878,8896,19,0.21%,52603,8896.0,56159,8895,8897,8903,8468,original,,,
2014-04-10,TX,201404,8929,8939,8866,8907,11,0.12%,86825,8907.0,55130,8907,8909,8939,8468,original,,,
2014-04-11,TX,201404,8850,8891,8840,8870,-37,-0.42%,95782,8869.0,50964,8870,8871,8939,8468,original,,,
2014-04-14,TX,201404,8870,8885,8853,8858,-11,-0.12%,65746,8856.0,47194,8857,8858,8939,8468,original,,,
2014-04-15,TX,201404,8861,8902,8859,8896,40,0.45%,72126,8896.0,39011,8896,8897,8939,8468,original,,,
2014-04-16,TX,201404,8910,8956,8887,8955,59,0.66%,49182,0.0,26310,8954,8955,8956,8468,original,,,
2014-04-17,TX,201405,8884,8910,8872,8897,24,0.27%,77255,8895.0,52581,8896,8897,8920,8509,original,,,
2014-04-18,TX,201405,8961,8972,8916,8918,23,0.26%,63285,8917.0,55609,8916,8918,8972,8509,original,,,
2014-04-21,TX,201405,8917,8926,8903,8923,6,0.07%,36842,8922.0,56331,8922,8923,8972,8509,original,,,
2014-04-22,TX,201405,8925,8962,8917,8950,28,0.31%,60169,8950.0,56788,8950,8951,8972,8509,original,,,
2014-04-23,TX,201405,8970,8980,8910,8922,-28,-0.31%,80288,8922.0,58676,8922,8923,8980,8509,original,,,
2014-04-24,TX,201405,8928,8942,8915,8937,15,0.17%,54152,8935.0,60200,8936,8937,8980,8509,original,,,
2014-04-25,TX,201405,8925,8928,8743,8750,-185,-2.07%,174633,8750.0,58958,8750,8751,8980,8509,original,,,
2014-04-28,TX,201405,8698,8835,8690,8819,69,0.79%,129874,8818.0,60681,8819,8820,8980,8509,original,,,
2014-04-29,TX,201405,8828,8855,8809,8840,22,0.25%,91179,8838.0,61095,8838,8840,8980,8509,original,,,
2014-04-30,TX,201405,8850,8857,8750,8758,-80,-0.91%,122688,8755.0,60833,8755,8758,8980,8509,original,,,
2014-05-02,TX,201405,8768,8843,8761,8841,86,0.98%,90635,8840.0,61896,8841,8842,8980,8509,original,,,
2014-05-05,TX,201405,8864,8888,8802,8827,-13,-0.15%,94208,8828.0,59640,8827,8829,8980,8509,original,,,
2014-05-06,TX,201405,8849,8889,8813,8885,57,0.65%,97864,8881.0,61444,8883,8885,8980,8509,original,,,
2014-05-07,TX,201405,8845,8861,8809,8840,-41,-0.46%,104464,8839.0,60249,8839,8840,8980,8509,original,,,
2014-05-08,TX,201405,8860,8887,8836,8881,42,0.48%,88751,8880.0,61193,8880,8882,8980,8509,original,,,
2014-05-09,TX,201405,8888,8889,8833,8842,-38,-0.43%,77008,8842.0,60115,8840,8842,8980,8509,original,,,
2014-05-12,TX,201405,8842,8850,8790,8821,-21,-0.24%,88270,8821.0,60296,8821,8822,8980,8509,original,,,
2014-05-13,TX,201405,8855,8875,8821,8830,9,0.10%,83445,8829.0,60750,8830,8831,8980,8509,original,,,
2014-05-14,TX,201405,8855,8885,8830,8882,53,0.60%,85759,8883.0,60883,8881,8883,8980,8509,original,,,
2014-05-15,TX,201405,8868,8887,8857,8877,-6,-0.07%,59657,8877.0,59255,8877,8878,8980,8509,original,,,
2014-05-16,TX,201405,8842,8883,8816,8876,-1,-0.01%,88877,8876.0,55318,8876,8878,8980,8509,original,,,
2014-05-19,TX,201405,8876,8901,8869,8888,12,0.14%,70962,8887.0,46849,8888,8889,8980,8509,original,,,
2014-05-20,TX,201405,8902,8926,8890,8897,10,0.11%,74046,8896.0,40178,8896,8897,8980,8509,original,,,
2014-05-21,TX,201405,8892,8909,8850,8860,-36,-0.40%,54036,0.0,22263,8859,8860,8980,8509,original,,,
2014-05-22,TX,201406,8873,8960,8866,8959,116,1.31%,100620,8957.0,59584,8959,8960,8960,7508,original,,,
2014-05-23,TX,201406,8971,9014,8966,9013,56,0.63%,75182,9011.0,62628,9012,9014,9014,7508,original,,,
2014-05-26,TX,201406,9020,9049,9009,9041,30,0.33%,51900,9040.0,63245,9039,9041,9049,7508,original,,,
2014-05-27,TX,201406,9047,9058,9025,9056,16,0.18%,52031,9056.0,63706,9055,9056,9058,7508,original,,,
2014-05-28,TX,201406,9062,9144,9055,9136,80,0.88%,94218,9135.0,65233,9135,9136,9144,7508,original,,,
2014-05-29,TX,201406,9132,9149,9111,9116,-19,-0.21%,69424,9114.0,64439,9115,9116,9149,7508,original,,,
2014-05-30,TX,201406,9121,9130,9086,9091,-23,-0.25%,76393,9089.0,64128,9090,9091,9149,7508,original,,,
2014-06-03,TX,201406,9112,9133,9061,9104,15,0.17%,83254,9106.0,60968,9104,9105,9149,7508,original,,,
2014-06-04,TX,201406,9118,9124,9097,9102,-4,-0.04%,53898,9102.0,61087,9102,9103,9149,7508,original,,,
2014-06-05,TX,201406,9117,9118,9074,9118,16,0.18%,67500,9116.0,58461,9117,9118,9149,7508,original,,,
2014-06-06,TX,201406,9138,9158,9120,9125,9,0.10%,59766,9125.0,58373,9125,9126,9158,7508,original,,,
2014-06-09,TX,201406,9140,9155,9129,9146,21,0.23%,45298,9144.0,58607,9144,9146,9158,7508,original,,,
2014-06-10,TX,201406,9159,9202,9155,9185,41,0.45%,72200,9185.0,60591,9185,9186,9202,7508,original,,,
2014-06-11,TX,201406,9194,9212,9183,9211,26,0.28%,43499,9210.0,59671,9210,9211,9212,7508,original,,,
2014-06-12,TX,201406,9195,9215,9181,9204,-6,-0.07%,46433,9202.0,59477,9203,9204,9215,7508,original,,,
2014-06-13,TX,201406,9170,9199,9156,9198,-4,-0.04%,69155,9195.0,56045,9198,9199,9215,7508,original,,,
2014-06-16,TX,201406,9180,9214,9175,9200,5,0.05%,54947,9200.0,51317,9200,9202,9215,7508,original,,,
2014-06-17,TX,201406,9207,9248,9203,9241,41,0.45%,66123,9242.0,45421,9241,9242,9248,7508,original,,,
2014-06-18,TX,201406,9241,9307,9208,9302,60,0.65%,64896,0.0,30732,9301,9302,9307,7508,original,,,
2014-06-19,TX,201407,9187,9237,9181,9225,48,0.52%,74612,9226.0,48667,9225,9226,9237,8750,original,,,
2014-06-20,TX,201407,9227,9230,9178,9180,-46,-0.50%,74727,9179.0,48777,9179,9180,9237,8750,original,,,
2014-06-23,TX,201407,9179,9206,9151,9166,-13,-0.14%,82798,9167.0,51660,9165,9166,9237,8750,original,,,
2014-06-24,TX,201407,9174,9198,9165,9172,5,0.05%,65966,9173.0,54314,9172,9174,9237,8750,original,,,
2014-06-25,TX,201407,9146,9170,9137,9157,-16,-0.17%,63400,9156.0,55548,9155,9157,9237,8750,original,,,
2014-06-26,TX,201407,9181,9237,9176,9233,77,0.84%,75765,9230.0,59119,9232,9233,9237,8750,original,,,
2014-06-27,TX,201407,9231,9244,9205,9207,-23,-0.25%,58349,9206.0,57180,9206,9207,9244,8750,original,,,
2014-06-30,TX,201407,9220,9307,9218,9290,84,0.91%,77543,9290.0,61219,9290,9292,9307,8750,original,,,
2014-07-01,TX,201407,9299,9401,9289,9384,94,1.01%,101041,9380.0,60638,9382,9384,9401,8750,original,,,
2014-07-02,TX,201407,9404,9488,9310,9402,22,0.23%,178185,9400.0,55712,9402,9403,9488,8750,original,,,
2014-07-03,TX,201407,9396,9463,9367,9455,55,0.59%,111701,9455.0,58332,9454,9456,9488,8750,original,,,
2014-07-04,TX,201407,9488,9494,9411,9453,-2,-0.02%,105559,9453.0,58194,9453,9454,9494,8750,original,,,
2014-07-07,TX,201407,9452,9453,9398,9451,-2,-0.02%,86345,9451.0,59618,9450,9452,9494,8750,original,,,
2014-07-08,TX,201407,9452,9492,9440,9477,26,0.28%,82334,9477.0,63825,9476,9478,9494,8750,original,,,
2014-07-09,TX,201407,9450,9477,9436,9465,-12,-0.13%,77026,9463.0,62273,9462,9464,9494,8750,original,,,
2014-07-10,TX,201407,9466,9556,9462,9553,90,0.95%,100623,9553.0,63129,9553,9554,9556,8750,original,,,
2014-07-11,TX,201407,9540,9566,9450,9487,-66,-0.69%,157882,9486.0,54195,9487,9488,9566,8750,original,,,
2014-07-14,TX,201407,9479,9529,9478,9525,39,0.41%,85979,9523.0,47746,9525,9527,9566,8750,original,,,
2014-07-15,TX,201407,9575,9581,9534,9561,38,0.40%,92920,9560.0,37598,9560,9562,9581,8750,original,,,
2014-07-16,TX,201407,9547,9564,9475,9483,-77,-0.81%,67424,0.0,22509,9483,9484,9581,8750,original,,,
2014-07-17,TX,201408,9392,9402,9326,9356,-58,-0.62%,123718,9357.0,56833,9355,9357,9488,9030,original,,,
2014-07-18,TX,201408,9285,9372,9281,9339,-18,-0.19%,107971,9339.0,60653,9339,9341,9488,9030,original,,,
2014-07-21,TX,201408,9380,9406,9356,9364,25,0.27%,78887,9365.0,60196,9364,9365,9488,9030,original,,,
2014-07-22,TX,201408,9384,9434,9352,9433,68,0.73%,100000,9431.0,64036,9432,9433,9488,9030,original,,,
2014-07-24,TX,201408,9456,9470,9432,9469,38,0.40%,86204,9468.0,64274,9469,9470,9488,9030,original,,,
2014-07-25,TX,201408,9460,9465,9357,9390,-78,-0.82%,118354,9390.0,62745,9389,9390,9488,9030,original,,,
2014-07-28,TX,201408,9370,9422,9342,9387,-3,-0.03%,113816,9386.0,65862,9385,9387,9488,9030,original,,,
2014-07-29,TX,201408,9425,9446,9343,9361,-25,-0.27%,128049,9360.0,69477,9360,9361,9488,9030,original,,,
2014-07-30,TX,201408,9367,9429,9366,9416,56,0.60%,99330,9414.0,70978,9415,9416,9488,9030,original,,,
2014-07-31,TX,201408,9433,9438,9265,9290,-124,-1.32%,134333,9290.0,70806,9290,9291,9488,9030,original,,,
2014-08-01,TX,201408,9236,9264,9209,9253,-37,-0.40%,104509,9251.0,73638,9253,9254,9488,9030,original,,,
2014-08-04,TX,201408,9260,9297,9233,9286,35,0.38%,81817,9285.0,72329,9285,9286,9488,9030,original,,,
2014-08-05,TX,201408,9249,9256,9083,9095,-190,-2.05%,149588,9097.0,72785,9093,9094,9488,9030,original,,,
2014-08-06,TX,201408,9079,9129,9059,9098,1,0.01%,121642,9097.0,71295,9097,9098,9488,9030,original,,,
2014-08-07,TX,201408,9111,9134,9065,9092,-5,-0.05%,84268,9093.0,72607,9094,9095,9488,9030,original,,,
2014-08-08,TX,201408,9052,9093,8991,9090,-3,-0.03%,123219,9090.0,71647,9089,9090,9488,8991,original,,,
2014-08-11,TX,201408,9132,9162,9110,9141,51,0.56%,80134,9139.0,70082,9141,9142,9488,8991,original,,,
2014-08-12,TX,201408,9152,9158,9103,9121,-18,-0.20%,87612,9122.0,69351,9120,9121,9488,8991,original,,,
2014-08-13,TX,201408,9132,9204,9120,9199,77,0.84%,94649,9199.0,66188,9199,9200,9488,8991,original,,,
2014-08-14,TX,201408,9228,9253,9203,9218,19,0.21%,85033,9219.0,62989,9218,9220,9488,8991,original,,,
2014-08-15,TX,201408,9210,9218,9154,9203,-16,-0.17%,90406,9202.0,57135,9202,9203,9488,8991,original,,,
2014-08-18,TX,201408,9212,9223,9126,9141,-61,-0.66%,111283,9140.0,45979,9139,9140,9488,8991,original,,,
2014-08-19,TX,201408,9161,9249,9161,9239,99,1.08%,91282,9237.0,36696,9238,9239,9488,8991,original,,,
2014-08-20,TX,201408,9253,9285,9244,9275,38,0.41%,61787,0.0,23783,9274,9275,9488,8991,original,,,
2014-08-21,TX,201409,9260,9266,9200,9231,-27,-0.29%,103529,9230.0,61728,9230,9231,9463,7720,original,,,
2014-08-22,TX,201409,9249,9388,9247,9378,148,1.60%,116443,9378.0,67426,9378,9379,9463,7720,original,,,
2014-08-25,TX,201409,9386,9399,9365,9391,13,0.14%,61977,9391.0,70644,9391,9392,9463,7720,original,,,
2014-08-26,TX,201409,9386,9408,9375,9390,-1,-0.01%,57561,9390.0,70962,9388,9390,9463,7720,original,,,
2014-08-27,TX,201409,9421,9498,9420,9477,87,0.93%,96315,9477.0,75732,9476,9477,9498,7720,original,,,
2014-08-28,TX,201409,9492,9500,9469,9479,2,0.02%,60649,9478.0,77188,9478,9479,9500,7720,original,,,
2014-08-29,TX,201409,9456,9485,9432,9473,-5,-0.05%,77443,9471.0,77522,9472,9474,9500,7720,original,,,
2014-09-01,TX,201409,9473,9550,9470,9528,57,0.60%,68798,9528.0,78963,9528,9529,9550,7720,original,,,
2014-09-02,TX,201409,9512,9514,9388,9410,-118,-1.24%,125697,9409.0,73812,9408,9410,9550,7720,original,,,
2014-09-03,TX,201409,9415,9482,9399,9451,42,0.45%,101507,9449.0,74146,9450,9451,9550,7720,original,,,
2014-09-04,TX,201409,9447,9448,9380,9425,-24,-0.25%,96821,9424.0,73250,9424,9425,9550,7720,original,,,
2014-09-05,TX,201409,9444,9463,9370,9407,-17,-0.18%,104786,9406.0,72187,9407,9408,9550,7720,original,,,
2014-09-09,TX,201409,9426,9530,9425,9428,22,0.23%,78139,9429.0,73375,9428,9429,9550,7720,original,,,
2014-09-10,TX,201409,9380,9402,9310,9347,-82,-0.87%,106510,9347.0,72031,9347,9348,9550,7720,original,,,
2014-09-11,TX,201409,9376,9385,9300,9302,-45,-0.48%,75048,9301.0,72269,9302,9304,9550,7720,original,,,
2014-09-12,TX,201409,9325,9328,9229,9245,-56,-0.60%,121575,9246.0,72785,9244,9246,9550,7720,original,,,
2014-09-15,TX,201409,9206,9244,9172,9218,-28,-0.30%,119266,9219.0,59014,9218,9219,9550,7720,original,,,
2014-09-16,TX,201409,9219,9233,9141,9154,-65,-0.71%,98071,9153.0,41685,9153,9154,9550,7720,original,,,
2014-09-17,TX,201409,9195,9248,9148,9172,19,0.21%,72499,0.0,30285,9171,9172,9550,7720,original,,,
2014-09-18,TX,201410,9234,9265,9213,9243,5,0.05%,90173,9241.0,59948,9243,9244,9542,9147,original,,,
2014-09-19,TX,201410,9281,9304,9240,9265,24,0.26%,101134,9263.0,62726,9263,9265,9542,9147,original,,,
2014-09-22,TX,201410,9202,9205,9100,9128,-135,-1.46%,120832,9128.0,65419,9127,9128,9542,9100,original,,,
2014-09-23,TX,201410,9106,9152,9102,9117,-11,-0.12%,87165,9114.0,63738,9116,9117,9542,9100,original,,,
2014-09-24,TX,201410,9095,9142,9081,9127,13,0.14%,87035,9126.0,64158,9126,9127,9542,9081,original,,,
2014-09-25,TX,201410,9158,9168,8995,9028,-98,-1.07%,138558,9026.0,66596,9028,9029,9542,8995,original,,,
2014-09-26,TX,201410,8958,9022,8937,8980,-46,-0.51%,115750,8982.0,66810,8980,8982,9542,8937,original,,,
2014-09-29,TX,201410,8991,9008,8943,8982,0,0.00%,101474,8981.0,67930,8982,8983,9542,8937,original,,,
2014-09-30,TX,201410,8961,9021,8871,8991,10,0.11%,150107,8991.0,71320,8990,8992,9542,8871,original,,,
2014-10-01,TX,201410,8943,9015,8911,8980,-11,-0.12%,114235,8980.0,69455,8979,8980,9542,8871,original,,,
2014-10-02,TX,201410,8920,9020,8905,8993,13,0.14%,126762,8992.0,69659,8992,8993,9542,8871,original,,,
2014-10-03,TX,201410,9004,9107,8994,9101,109,1.21%,124812,9098.0,67897,9100,9101,9542,8871,original,,,
2014-10-06,TX,201410,9098,9110,9056,9084,-14,-0.15%,95157,9085.0,69485,9084,9086,9542,8871,original,,,
2014-10-07,TX,201410,9034,9048,8976,9017,-68,-0.75%,127569,9018.0,66440,9017,9018,9542,8871,original,,,
2014-10-08,TX,201410,8986,9029,8928,8933,-85,-0.94%,103779,8932.0,65891,8933,8935,9542,8871,original,,,
2014-10-09,TX,201410,8997,9039,8948,8981,49,0.55%,139674,8980.0,56780,8980,8981,9542,8871,original,,,
2014-10-13,TX,201410,8798,8818,8712,8712,-268,-2.98%,157956,8712.0,51022,8712,8714,9542,8712,original,,,
2014-10-14,TX,201410,8730,8759,8702,8745,33,0.38%,104866,8743.0,39501,8744,8746,9542,8702,original,,,
2014-10-15,TX,201410,8743,8763,8641,8646,-97,-1.11%,82391,0.0,26989,8645,8646,9542,8641,original,,,
2014-10-16,TX,201411,8583,8683,8506,8632,-22,-0.25%,177584,8628.0,58445,8631,8632,9301,8506,original,,,
2014-10-17,TX,201411,8658,8673,8497,8500,-128,-1.48%,174947,8499.0,61962,8499,8501,9301,8497,original,,,
2014-10-20,TX,201411,8599,8681,8588,8661,162,1.91%,121860,8660.0,58508,8661,8663,9301,8497,original,,,
2014-10-21,TX,201411,8655,8663,8616,8636,-24,-0.28%,90638,8639.0,59569,8636,8638,9301,8497,original,,,
2014-10-22,TX,201411,8748,8764,8714,8744,105,1.22%,96753,8744.0,59078,8743,8744,9301,8497,original,,,
2014-10-23,TX,201411,8732,8740,8702,8721,-23,-0.26%,79233,8722.0,56681,8721,8723,9301,8497,original,,,
2014-10-24,TX,201411,8742,8746,8609,8642,-80,-0.92%,133051,8641.0,60833,8642,8643,9301,8497,original,,,
2014-10-27,TX,201411,8675,8686,8592,8642,1,0.01%,108102,8643.0,60471,8643,8644,9301,8497,original,,,
2014-10-28,TX,201411,8666,8805,8663,8793,150,1.74%,127091,8792.0,58262,8793,8794,9301,8497,original,,,
2014-10-29,TX,201411,8833,8905,8818,8879,87,0.99%,106490,8879.0,55818,8877,8879,9301,8497,original,,,
2014-10-30,TX,201411,8878,8889,8838,8881,2,0.02%,95556,8879.0,57741,8880,8881,9301,8497,original,,,
2014-10-31,TX,201411,8887,8978,8867,8978,99,1.11%,137623,8975.0,56186,8976,8978,9301,8497,original,,,
2014-11-03,TX,201411,8978,9027,8942,8982,7,0.08%,117415,8981.0,56902,8981,8982,9301,8497,original,,,
2014-11-04,TX,201411,8984,9055,8968,8992,11,0.12%,140218,8991.0,55658,8991,8992,9301,8497,original,,,
2014-11-05,TX,201411,9030,9039,8960,8984,-7,-0.08%,111110,8985.0,55427,8984,8987,9301,8497,original,,,
2014-11-06,TX,201411,8976,9005,8890,8902,-83,-0.92%,129127,8903.0,56537,8902,8903,9301,8497,original,,,
2014-11-07,TX,201411,8924,8943,8862,8939,36,0.40%,117608,8937.0,55132,8939,8940,9301,8497,original,,,
2014-11-10,TX,201411,8965,9092,8952,9074,137,1.53%,120952,9073.0,57313,9074,9076,9301,8497,original,,,
2014-11-11,TX,201411,9088,9105,9048,9063,-10,-0.11%,91460,9061.0,57710,9062,9063,9301,8497,original,,,
2014-11-12,TX,201411,9028,9034,8901,8905,-156,-1.72%,141490,8905.0,52382,8902,8905,9301,8497,original,,,
2014-11-13,TX,201411,8920,8978,8903,8959,54,0.61%,112842,8960.0,49125,8959,8960,9301,8497,original,,,
2014-11-14,TX,201411,8980,8996,8933,8962,2,0.02%,109824,8962.0,44477,8961,8962,9301,8497,original,,,
2014-11-17,TX,201411,8959,9043,8872,8900,-62,-0.69%,156670,8899.0,39832,8899,8900,9301,8497,original,,,
2014-11-18,TX,201411,8951,8958,8839,8872,-27,-0.30%,124772,8873.0,28388,8872,8873,9301,8497,original,,,
2014-11-19,TX,201411,8905,8985,8877,8953,80,0.90%,73761,0.0,18493,8953,8954,9301,8497,original,,,
2014-11-20,TX,201412,9031,9104,9012,9093,101,1.12%,113333,9091.0,59075,9092,9094,9527,7835,original,,,
2014-11-21,TX,201412,9119,9125,9081,9103,12,0.13%,83395,9103.0,58397,9103,9104,9527,7835,original,,,
2014-11-24,TX,201412,9135,9170,9109,9130,27,0.30%,77972,9130.0,56345,9128,9130,9527,7835,original,,,
2014-11-25,TX,201412,9116,9150,9069,9107,-23,-0.25%,101177,9108.0,57032,9106,9107,9527,7835,original,,,
2014-11-26,TX,201412,9126,9143,9102,9123,15,0.16%,73155,9120.0,56320,9122,9124,9527,7835,original,,,
2014-11-27,TX,201412,9136,9235,9136,9176,56,0.61%,109702,9175.0,58030,9176,9177,9527,7835,original,,,
2014-11-28,TX,201412,9202,9208,9174,9181,6,0.07%,57835,9179.0,58303,9181,9182,9527,7835,original,,,
2014-12-01,TX,201412,9036,9182,8991,9119,-60,-0.65%,158276,9119.0,59816,9119,9120,9527,7835,original,,,
2014-12-02,TX,201412,9092,9098,9001,9031,-88,-0.97%,145718,9030.0,58649,9031,9032,9527,7835,original,,,
2014-12-03,TX,201412,9051,9215,9035,9211,181,2.00%,149036,9209,62155,9211,9213,9527,7835,original,,,
2014-12-04,TX,201412,9213,9266,9201,9220,11,0.12%,97499,9220,61423,9220,9222,9527,7835,original,,,
2014-12-05,TX,201412,9203,9231,9182,9216,-4,-0.04%,87093,9214,61589,9215,9216,9527,7835,original,,,
2014-12-08,TX,201412,9264,9265,9168,9185,-29,-0.31%,105218,9186,62016,9184,9185,9527,7835,original,,,
2014-12-09,TX,201412,9142,9174,9121,9132,-54,-0.59%,92634,9131,59818,9131,9132,9527,7835,original,,,
2014-12-10,TX,201412,9092,9136,9003,9046,-85,-0.93%,165103,9046,59488,9046,9047,9527,7835,original,,,
2014-12-11,TX,201412,8976,9048,8958,9010,-36,-0.40%,116039,9009,56812,9009,9010,9527,7835,original,,,
2014-12-12,TX,201412,9023,9069,9003,9006,-3,-0.03%,98839,9005,52753,9005,9007,9527,7835,original,,,
2014-12-15,TX,201412,8958,9038,8925,9036,31,0.34%,125072,9033,44585,9035,9037,9527,7835,original,,,
2014-12-16,TX,201412,8971,9041,8963,8981,-52,-0.58%,122633,8979,34859,8980,8981,9527,7835,original,,,
2014-12-17,TX,201412,8970,8985,8834,8844,-135,-1.50%,81915,0,25078,8843,8844,9527,7835,original,,,
2014-12-18,TX,201501,8902,8927,8857,8857,-3,-0.03%,101962,8858,59456,8857,8858,9265,8853,original,,,
2014-12-19,TX,201501,8962,9040,8958,9019,161,1.82%,148633,9017,57614,9018,9019,9265,8853,original,,,
2014-12-22,TX,201501,9031,9100,9023,9096,79,0.88%,102111,9094,62762,9094,9096,9265,8853,original,,,
2014-12-23,TX,201501,9134,9140,9097,9115,21,0.23%,69691,9114,61247,9115,9116,9265,8853,original,,,
2014-12-24,TX,201501,9120,9183,9103,9176,62,0.68%,93125,9176,61886,9176,9177,9265,8853,original,,,
2014-12-25,TX,201501,9171,9195,9162,9183,7,0.08%,44950,9181,61634,9182,9183,9265,8853,original,,,
2014-12-26,TX,201501,9178,9230,9173,9226,45,0.49%,73031,9227,62601,9226,9227,9265,8853,original,,,
2014-12-27,TX,201501,9235,9257,9226,9256,29,0.31%,27720,9255,62275,9256,9257,9265,8853,original,,,
2014-12-29,TX,201501,9245,9336,9241,9314,59,0.64%,98576,9309,65073,9312,9314,9336,8853,original,,,
2014-12-30,TX,201501,9320,9343,9268,9286,-23,-0.25%,92786,9286,63036,9286,9287,9343,8853,original,,,
2014-12-31,TX,201501,9286,9303,9252,9283,-3,-0.03%,75117,9281,62222,9283,9284,9343,8853,original,,,
2015-01-05,TX,201501,9238,9276,9155,9252,-29,-0.31%,120487,9250.0,63140,9251,9253,9343,8853,original,,,
2015-01-06,TX,201501,9144,9153,9017,9058,-192,-2.08%,148125,9058.0,59897,9058,9059,9343,8853,original,,,
2015-01-07,TX,201501,9042,9092,9033,9045,-13,-0.14%,93314,9044.0,60983,9045,9046,9343,8853,original,,,
2015-01-08,TX,201501,9116,9259,9115,9257,213,2.36%,131883,9256.0,65311,9257,9258,9343,8853,original,,,
2015-01-09,TX,201501,9328,9335,9217,9230,-26,-0.28%,117874,9230.0,61302,9230,9231,9343,8853,original,,,
2015-01-12,TX,201501,9190,9238,9157,9185,-45,-0.49%,97827,9185.0,63277,9185,9187,9343,8853,original,,,
2015-01-13,TX,201501,9194,9275,9159,9249,64,0.70%,127705,9250.0,65512,9249,9251,9343,8853,original,,,
2015-01-14,TX,201501,9235,9247,9151,9171,-79,-0.85%,122662,9170.0,61421,9171,9172,9343,8853,original,,,
2015-01-15,TX,201501,9187,9230,9130,9195,25,0.27%,116348,9194.0,59782,9195,9197,9343,8853,original,,,
2015-01-16,TX,201501,9175,9229,9082,9115,-79,-0.86%,160290,9115.0,54646,9115,9117,9343,8853,original,,,
2015-01-19,TX,201501,9211,9260,9142,9181,66,0.72%,134142,9181.0,40858,9181,9183,9343,8853,original,,,
2015-01-20,TX,201501,9220,9269,9183,9268,87,0.95%,121592,9267.0,34707,9268,9269,9343,8853,original,,,
2015-01-21,TX,201501,9282,9316,9274,9308,41,0.44%,64253,0.0,21565,9308,9309,9343,8853,original,,,
2015-01-22,TX,201502,9360,9404,9342,9388,78,0.84%,108180,9388.0,56872,9387,9388,9404,8856,original,,,
2015-01-23,TX,201502,9455,9488,9443,9461,73,0.78%,92808,9461.0,58684,9461,9463,9488,8856,original,,,
2015-01-26,TX,201502,9448,9478,9433,9466,5,0.05%,68310,9465.0,61021,9466,9468,9488,8856,original,,,
2015-01-27,TX,201502,9522,9539,9480,9523,58,0.61%,90397,9523.0,63259,9522,9523,9539,8856,original,,,
2015-01-28,TX,201502,9478,9534,9474,9526,3,0.03%,75013,9527.0,63640,9526,9528,9539,8856,original,,,
2015-01-29,TX,201502,9497,9502,9426,9428,-99,-1.04%,116368,9428.0,63799,9428,9429,9539,8856,original,,,
2015-01-30,TX,201502,9460,9472,9385,9400,-28,-0.30%,97244,9398.0,62464,9400,9401,9539,8856,original,,,
2015-02-02,TX,201502,9389,9433,9370,9419,21,0.22%,85483,9420.0,67710,9419,9420,9539,8856,original,,,
2015-02-03,TX,201502,9434,9485,9407,9464,44,0.47%,95115,9464.0,67911,9464,9465,9539,8856,original,,,
2015-02-04,TX,201502,9526,9556,9512,9521,57,0.60%,86781,9522.0,64468,9521,9522,9556,8856,original,,,
2015-02-05,TX,201502,9521,9521,9470,9514,-8,-0.08%,79030,9513.0,63524,9513,9514,9556,8856,original,,,
2015-02-06,TX,201502,9536,9543,9459,9469,-44,-0.46%,96048,9470.0,61419,9469,9470,9556,8856,original,,,
2015-02-09,TX,201502,9439,9466,9416,9450,-20,-0.21%,78599,9451.0,62855,9450,9451,9556,8856,original,,,
2015-02-10,TX,201502,9468,9473,9419,9432,-19,-0.20%,86724,9432.0,62607,9432,9433,9556,8856,original,,,
2015-02-11,TX,201502,9462,9509,9457,9480,48,0.51%,88756,9476.0,55949,9479,9480,9556,8856,original,,,
2015-02-12,TX,201502,9499,9500,9461,9480,4,0.04%,80128,9482.0,44581,9481,9482,9556,8856,original,,,
2015-02-13,TX,201502,9510,9548,9505,9514,32,0.34%,85659,9514.0,30137,9514,9515,9556,8856,original,,,
2015-02-24,TX,201502,9582,9640,9582,9622,108,1.14%,46780,0.0,20488,9622,9623,9640,8856,original,,,
2015-02-25,TX,201503,9694,9696,9660,9684,36,0.37%,66977,9683.0,59601,9683,9684,9696,8296,original,,,
2015-02-26,TX,201503,9691,9692,9633,9649,-34,-0.35%,72451,9648.0,60518,9648,9649,9696,8296,original,,,
2015-03-02,TX,201503,9658,9683,9615,9631,-17,-0.18%,77036,9631.0,62267,9630,9631,9696,8296,original,,,
2015-03-03,TX,201503,9645,9658,9580,9614,-17,-0.18%,88385,9614.0,64091,9614,9616,9696,8296,original,,,
2015-03-04,TX,201503,9580,9638,9571,9622,8,0.08%,73997,9620.0,63675,9621,9622,9696,8296,original,,,
2015-03-05,TX,201503,9622,9632,9551,9589,-31,-0.32%,94585,9586.0,63596,9588,9589,9696,8296,original,,,
2015-03-06,TX,201503,9591,9644,9566,9638,52,0.54%,87662,9637.0,64717,9637,9639,9696,8296,original,,,
2015-03-09,TX,201503,9580,9595,9547,9576,-61,-0.63%,89409,9574.0,65426,9576,9577,9696,8296,original,,,
2015-03-10,TX,201503,9574,9585,9514,9528,-46,-0.48%,103983,9529.0,66104,9528,9529,9696,8296,original,,,
2015-03-11,TX,201503,9466,9544,9450,9519,-10,-0.10%,103946,9519.0,65168,9519,9520,9696,8296,original,,,
2015-03-12,TX,201503,9529,9609,9508,9607,88,0.92%,101568,9607.0,65737,9607,9609,9696,8296,original,,,
2015-03-13,TX,201503,9616,9634,9584,9598,-9,-0.09%,82971,9598.0,58741,9598,9599,9696,8296,original,,,
2015-03-16,TX,201503,9585,9594,9535,9546,-52,-0.54%,100282,9543.0,45975,9544,9546,9696,8296,original,,,
2015-03-17,TX,201503,9580,9644,9547,9554,11,0.12%,123433,9556.0,33756,9554,9555,9696,8296,original,,,
2015-03-18,TX,201503,9558,9649,9558,9633,77,0.81%,67737,0.0,23459,9632,9633,9696,8296,original,,,
2015-03-19,TX,201504,9734,9769,9708,9766,92,0.95%,100024,9765.0,67293,9765,9768,9769,9458,original,,,
2015-03-20,TX,201504,9742,9770,9733,9757,-8,-0.08%,66890,9757.0,68653,9757,9758,9770,9458,original,,,
2015-03-23,TX,201504,9761,9769,9726,9749,-8,-0.08%,75804,9749.0,67038,9748,9750,9770,9458,original,,,
2015-03-24,TX,201504,9728,9755,9696,9721,-28,-0.29%,89879,9720.0,66756,9720,9721,9770,9458,original,,,
2015-03-25,TX,201504,9721,9731,9673,9689,-31,-0.32%,95109,9688.0,65742,9688,9689,9770,9458,original,,,
2015-03-26,TX,201504,9580,9635,9567,9609,-79,-0.82%,110206,9611.0,65037,9609,9610,9770,9458,original,,,
2015-03-27,TX,201504,9609,9628,9525,9541,-70,-0.73%,126327,9542.0,69172,9541,9542,9770,9458,original,,,
2015-03-30,TX,201504,9511,9562,9511,9552,10,0.10%,83437,9553.0,69804,9552,9553,9770,9458,original,,,
2015-03-31,TX,201504,9600,9610,9545,9582,29,0.30%,98624,9582.0,67892,9582,9583,9770,9458,original,,,
2015-04-01,TX,201504,9540,9552,9487,9507,-75,-0.78%,111444,9508.0,70226,9507,9508,9770,9458,original,,,
2015-04-02,TX,201504,9538,9630,9535,9613,105,1.10%,114119,9614.0,66997,9613,9615,9770,9458,original,,,
2015-04-07,TX,201504,9653,9660,9612,9629,15,0.16%,72558,9629.0,66137,9629,9631,9770,9458,original,,,
2015-04-08,TX,201504,9633,9635,9558,9570,-59,-0.61%,93175,9570.0,66108,9569,9570,9770,9458,original,,,
2015-04-09,TX,201504,9579,9676,9564,9572,2,0.02%,149624,9570.0,63800,9570,9571,9770,9458,original,,,
2015-04-10,TX,201504,9628,9665,9592,9631,61,0.64%,120457,9632.0,61304,9631,9632,9770,9458,original,,,
2015-04-13,TX,201504,9673,9683,9633,9658,26,0.27%,93462,9657.0,46037,9658,9659,9770,9458,original,,,
2015-04-14,TX,201504,9641,9672,9626,9645,-12,-0.12%,84520,9644.0,34603,9644,9645,9770,9458,original,,,
2015-04-15,TX,201504,9626,9654,9507,9519,-125,-1.30%,83539,0.0,21668,9519,9520,9770,9458,original,,,
2015-04-16,TX,201505,9561,9649,9548,9647,110,1.15%,125788,9644.0,59584,9646,9647,9777,9495,original,,,
2015-04-17,TX,201505,9619,9629,9569,9584,-60,-0.62%,105924,9582.0,60329,9582,9584,9777,9495,original,,,
2015-04-20,TX,201505,9530,9583,9506,9561,-21,-0.22%,124844,9563.0,64415,9561,9563,9777,9495,original,,,
2015-04-21,TX,201505,9585,9613,9535,9556,-7,-0.07%,109112,9555.0,69114,9554,9556,9777,9495,original,,,
2015-04-22,TX,201505,9561,9636,9561,9613,58,0.61%,140112,9614.0,61994,9612,9613,9777,9495,original,,,
2015-04-23,TX,201505,9656,9854,9652,9838,224,2.33%,186347,9838.0,70807,9838,9839,9854,9495,original,,,
2015-04-24,TX,201505,9880,10000,9860,9920,82,0.83%,206172,9920.0,70625,9920,9921,10000,9495,original,,,
2015-04-27,TX,201505,9958,10031,9945,10019,99,1.00%,147811,10018.0,78010,10018,10019,10031,9495,original,,,
2015-04-28,TX,201505,10022,10033,9963,9990,-28,-0.28%,105272,9990.0,78005,9990,9991,10033,9495,original,,,
2015-04-29,TX,201505,9978,10022,9882,9909,-81,-0.81%,173931,9907.0,80383,9908,9909,10033,9495,original,,,
2015-04-30,TX,201505,9902,9930,9858,9874,-33,-0.33%,130960,9877.0,82366,9874,9875,10033,9495,original,,,
2015-05-04,TX,201505,9897,9911,9824,9886,9,0.09%,112699,9885.0,83389,9885,9886,10033,9495,original,,,
2015-05-05,TX,201505,9866,9878,9814,9849,-36,-0.36%,102568,9848.0,82245,9847,9849,10033,9495,original,,,
2015-05-06,TX,201505,9802,9865,9763,9847,-1,-0.01%,117999,9846.0,84210,9846,9847,10033,9495,original,,,
2015-05-07,TX,201505,9786,9808,9745,9753,-93,-0.94%,130534,9752.0,82567,9752,9753,10033,9495,original,,,
2015-05-08,TX,201505,9769,9783,9713,9721,-31,-0.32%,92550,9718.0,83315,9719,9721,10033,9495,original,,,
2015-05-11,TX,201505,9800,9814,9657,9723,5,0.05%,155184,9722.0,84693,9722,9724,10033,9495,original,,,
2015-05-12,TX,201505,9707,9748,9673,9706,-16,-0.16%,115207,9706.0,85899,9706,9707,10033,9495,original,,,
2015-05-13,TX,201505,9712,9776,9697,9739,33,0.34%,114681,9739.0,86598,9739,9740,10033,9495,original,,,
2015-05-14,TX,201505,9737,9741,9599,9604,-135,-1.39%,138661,9605.0,83769,9604,9605,10033,9495,original,,,
2015-05-15,TX,201505,9635,9642,9541,9575,-30,-0.31%,129471,9576.0,75431,9575,9577,10033,9495,original,,,
2015-05-18,TX,201505,9612,9614,9552,9598,22,0.23%,102650,9598.0,58654,9598,9599,10033,9495,original,,,
2015-05-19,TX,201505,9616,9723,9602,9702,104,1.08%,131463,9703.0,40242,9702,9703,10033,9495,original,,,
2015-05-20,TX,201505,9704,9725,9657,9668,-35,-0.36%,73133,0.0,28565,9668,9669,10033,9495,original,,,
2015-05-21,TX,201506,9645,9648,9512,9541,-135,-1.40%,128659,9541.0,75045,9541,9543,10042,8427,original,,,
2015-05-22,TX,201506,9562,9649,9546,9625,84,0.88%,110540,9627.0,71729,9625,9627,10042,8427,original,,,
2015-05-25,TX,201506,9603,9640,9550,9630,3,0.03%,94010,9631.0,72597,9629,9631,10042,8427,original,,,
2015-05-26,TX,201506,9613,9725,9606,9659,28,0.29%,113898,9659.0,70641,9659,9660,10042,8427,original,,,
2015-05-27,TX,201506,9607,9698,9601,9661,2,0.02%,109490,9662.0,71025,9660,9662,10042,8427,original,,,
2015-05-28,TX,201506,9711,9750,9683,9731,69,0.71%,113114,9729.0,71707,9730,9731,10042,8427,original,,,
2015-05-29,TX,201506,9741,9765,9688,9703,-26,-0.27%,105530,9703.0,71949,9702,9703,10042,8427,original,,,
2015-06-01,TX,201506,9668,9713,9601,9630,-73,-0.75%,117845,9630.0,74621,9630,9631,10042,8427,original,,,
2015-06-02,TX,201506,9586,9639,9565,9607,-23,-0.24%,103681,9606.0,74102,9606,9607,10042,8427,original,,,
2015-06-03,TX,201506,9640,9648,9535,9547,-59,-0.61%,124180,9548.0,73411,9547,9548,10042,8427,original,,,
2015-06-04,TX,201506,9531,9553,9301,9310,-238,-2.49%,202135,9312.0,74137,9310,9312,10042,8427,original,,,
2015-06-05,TX,201506,9324,9347,9269,9308,-4,-0.04%,125037,9309.0,72561,9308,9310,10042,8427,original,,,
2015-06-08,TX,201506,9312,9404,9235,9348,39,0.42%,134575,9348.0,71143,9347,9350,10042,8427,original,,,
2015-06-09,TX,201506,9303,9346,9201,9237,-111,-1.19%,142752,9235.0,73345,9235,9238,10042,8427,original,,,
2015-06-10,TX,201506,9256,9328,9252,9284,49,0.53%,122486,9284.0,71755,9284,9285,10042,8427,original,,,
2015-06-11,TX,201506,9328,9333,9224,9288,4,0.04%,119493,9285.0,70668,9286,9288,10042,8427,original,,,
2015-06-12,TX,201506,9272,9314,9230,9267,-18,-0.19%,106398,9268.0,69517,9267,9268,10042,8427,original,,,
2015-06-15,TX,201506,9272,9318,9220,9244,-24,-0.26%,119565,9245.0,54743,9244,9245,10042,8427,original,,,
2015-06-16,TX,201506,9244,9258,9164,9215,-30,-0.32%,119914,9214.0,41874,9213,9215,10042,8427,original,,,
2015-06-17,TX,201506,9215,9237,9177,9182,-32,-0.35%,61706,0.0,30920,9181,9182,10042,8427,original,,,
2015-06-18,TX,201507,9044,9078,9011,9049,-5,-0.06%,101634,9048.0,51511,9048,9049,9635,9002,original,,,
2015-06-22,TX,201507,9108,9203,9105,9182,134,1.48%,103562,9178.0,52986,9181,9182,9635,9002,original,,,
2015-06-23,TX,201507,9221,9268,9208,9231,53,0.58%,106239,9230.0,53638,9230,9232,9635,9002,original,,,
2015-06-24,TX,201507,9215,9248,9193,9247,17,0.18%,80540,9246.0,50706,9246,9248,9635,9002,original,,,
2015-06-25,TX,201507,9268,9370,9263,9340,94,1.02%,134204,9342.0,52599,9340,9341,9635,9002,original,,,
2015-06-26,TX,201507,9348,9348,9300,9321,-21,-0.22%,72218,9322.0,52267,9321,9322,9635,9002,original,,,
2015-06-29,TX,201507,9195,9222,9109,9138,-184,-1.97%,128844,9139.0,52204,9138,9140,9635,9002,original,,,
2015-06-30,TX,201507,9146,9217,9124,9212,73,0.80%,103641,9211.0,52632,9211,9212,9635,9002,original,,,
2015-07-01,TX,201507,9185,9319,9184,9294,83,0.90%,124416,9292.0,53776,9293,9294,9635,9002,original,,,
2015-07-02,TX,201507,9300,9325,9260,9277,-15,-0.16%,91473,9277.0,54459,9276,9278,9635,9002,original,,,
2015-07-03,TX,201507,9258,9305,9171,9304,27,0.29%,133033,9301.0,54045,9304,9305,9635,9002,original,,,
2015-07-06,TX,201507,9235,9297,9182,9197,-104,-1.12%,124973,9203.0,55037,9197,9199,9635,9002,original,,,
2015-07-07,TX,201507,9260,9303,9210,9242,39,0.42%,131787,9242.0,55500,9242,9244,9635,9002,original,,,
2015-07-08,TX,201507,9205,9210,8912,8943,-299,-3.24%,208496,8945.0,59901,8943,8946,9635,8912,original,,,
2015-07-09,TX,201507,8801,8939,8724,8873,-72,-0.80%,193187,8875.0,56383,8873,8875,9635,8724,original,,,
2015-07-13,TX,201507,8935,9005,8902,8994,119,1.34%,156806,8993.0,49625,8993,8994,9635,8724,original,,,
2015-07-14,TX,201507,9040,9084,8982,8984,-9,-0.10%,136144,8983.0,32060,8983,8984,9635,8724,original,,,
2015-07-15,TX,201507,9040,9078,8989,9030,47,0.52%,88463,0.0,18749,9029,9030,9635,8724,original,,,
2015-07-16,TX,201508,8935,8983,8900,8918,28,0.31%,132945,8916.0,49950,8916,8918,9228,8598,original,,,
2015-07-17,TX,201508,8906,8935,8871,8912,-4,-0.04%,112382,8913.0,49971,8912,8913,9228,8598,original,,,
2015-07-20,TX,201508,8970,9027,8804,8851,-62,-0.70%,155272,8851.0,52536,8850,8851,9228,8598,original,,,
2015-07-21,TX,201508,8887,8940,8815,8936,85,0.96%,130287,8937.0,49397,8936,8938,9228,8598,original,,,
2015-07-22,TX,201508,8882,8883,8795,8815,-122,-1.37%,141837,8811.0,53402,8813,8815,9228,8598,original,,,
2015-07-23,TX,201508,8778,8822,8670,8755,-56,-0.64%,172952,8753.0,56015,8755,8756,9228,8598,original,,,
2015-07-24,TX,201508,8720,8740,8653,8684,-69,-0.79%,119108,8686.0,56686,8684,8685,9228,8598,original,,,
2015-07-27,TX,201508,8637,8670,8493,8522,-164,-1.89%,166804,8525.0,57672,8522,8524,9228,8493,original,,,
2015-07-28,TX,201508,8500,8591,8480,8541,16,0.19%,144721,8539.0,57612,8541,8543,9228,8480,original,,,
2015-07-29,TX,201508,8533,8548,8440,8484,-55,-0.64%,163354,8485.0,59001,8484,8486,9228,8440,original,,,
2015-07-30,TX,201508,8520,8632,8509,8610,125,1.47%,145799,8607.0,55442,8607,8610,9228,8440,original,,,
2015-07-31,TX,201508,8593,8606,8508,8570,-37,-0.43%,134719,8575.0,56019,8570,8572,9228,8440,original,,,
2015-08-03,TX,201508,8546,8548,8400,8452,-123,-1.43%,136785,8454.0,58181,8452,8455,9228,8400,original,,,
2015-08-04,TX,201508,8487,8552,8416,8465,11,0.13%,167590,8464.0,57386,8463,8465,9228,8400,original,,,
2015-08-05,TX,201508,8504,8547,8448,8523,59,0.70%,145106,8521.0,55204,8522,8523,9228,8400,original,,,
2015-08-06,TX,201508,8541,8579,8366,8390,-131,-1.54%,179725,8390.0,61694,8389,8390,9228,8366,original,,,
2015-08-07,TX,201508,8360,8423,8312,8389,-1,-0.01%,148962,8389.0,60707,8389,8391,9228,8312,original,,,
2015-08-10,TX,201508,8405,8461,8345,8445,56,0.67%,143249,8442.0,60465,8442,8445,9228,8312,original,,,
2015-08-11,TX,201508,8505,8556,8358,8360,-82,-0.97%,185332,8362.0,62127,8360,8361,9228,8312,original,,,
2015-08-12,TX,201508,8365,8390,8243,8299,-63,-0.75%,184836,8301.0,58788,8299,8302,9228,8243,original,,,
2015-08-13,TX,201508,8348,8363,8275,8306,5,0.06%,151639,8305.0,55762,8305,8307,9228,8243,original,,,
2015-08-14,TX,201508,8262,8334,8262,8325,20,0.24%,112509,8326.0,49788,8325,8327,9228,8243,original,,,
2015-08-17,TX,201508,8321,8330,8223,8238,-88,-1.06%,125957,8239.0,41615,8238,8240,9228,8223,original,,,
2015-08-18,TX,201508,8241,8276,8161,8171,-68,-0.83%,130582,8172.0,29746,8170,8172,9228,8161,original,,,
2015-08-19,TX,201508,8178,8179,7993,8002,-170,-2.08%,101864,0.0,19671,8002,8003,9228,7993,original,,,
2015-08-20,TX,201509,7949,8040,7898,7976,6,0.08%,187942,7973.0,56205,7974,7977,9800,7898,original,,,
2015-08-21,TX,201509,7858,7887,7740,7746,-227,-2.85%,174438,7744.0,59089,7746,7747,9800,7740,original,,,
2015-08-24,TX,201509,7609,7676,7010,7340,-404,-5.22%,364785,7345.0,62046,7340,7343,9800,7010,original,,,
2015-08-25,TX,201509,7400,7606,7318,7577,232,3.16%,233175,7572.0,62877,7574,7578,9800,7010,original,,,
2015-08-26,TX,201509,7525,7678,7432,7607,35,0.46%,238178,7607.0,62797,7607,7609,9800,7010,original,,,
2015-08-27,TX,201509,7656,7729,7631,7680,73,0.96%,169791,7679.0,62786,7678,7680,9800,7010,original,,,
2015-08-28,TX,201509,7812,7902,7791,7876,197,2.57%,167248,7871.0,62694,7874,7876,9800,7010,original,,,
2015-08-31,TX,201509,7831,8034,7802,7969,98,1.25%,144165,7973.0,60455,7969,7971,9800,7010,original,,,
2015-09-01,TX,201509,7901,7964,7802,7834,-139,-1.74%,174196,7829.0,58484,7832,7834,9800,7010,original,,,
2015-09-02,TX,201509,7768,7997,7761,7945,116,1.48%,197665,7938.0,56438,7944,7946,9800,7010,original,,,
2015-09-03,TX,201509,7961,8003,7874,7977,39,0.49%,151197,7975.0,56461,7976,7978,9800,7010,original,,,
2015-09-04,TX,201509,7931,8039,7872,7890,-85,-1.07%,176043,7894.0,55877,7888,7891,9800,7010,original,,,
2015-09-07,TX,201509,7850,8008,7843,7932,38,0.48%,169579,7930.0,56030,7930,7932,9800,7010,original,,,
2015-09-08,TX,201509,7930,7979,7880,7976,46,0.58%,137093,7972.0,57008,7974,7976,9800,7010,original,,,
2015-09-09,TX,201509,8114,8340,8104,8332,360,4.52%,194442,8334.0,56963,8332,8335,9800,7010,original,,,
2015-09-10,TX,201509,8226,8292,8192,8262,-72,-0.86%,146244,8265.0,52456,8261,8263,9800,7010,original,,,
2015-09-11,TX,201509,8221,8295,8202,8263,-2,-0.02%,120481,8266.0,48363,8262,8264,9800,7010,original,,,
2015-09-14,TX,201509,8319,8340,8210,8273,7,0.08%,149956,8275.0,47883,8272,8274,9800,7010,original,,,
2015-09-15,TX,201509,8300,8333,8230,8237,-38,-0.46%,137170,8237.0,35916,8237,8238,9800,7010,original,,,
2015-09-16,TX,201509,8310,8358,8270,8318,81,0.98%,80906,0.0,26816,8318,8319,9800,7010,original,,,
2015-09-17,TX,201510,8368,8478,8364,8437,161,1.95%,141074,8441.0,46690,8437,8439,8478,7000,original,,,
2015-09-18,TX,201510,8418,8459,8383,8437,-4,-0.05%,122478,8438.0,47171,8437,8439,8478,7000,original,,,
2015-09-21,TX,201510,8328,8335,8233,8270,-168,-1.99%,126365,8270.0,48025,8268,8271,8478,7000,original,,,
2015-09-22,TX,201510,8295,8340,8276,8330,60,0.73%,99115,8331.0,48462,8328,8331,8478,7000,original,,,
2015-09-23,TX,201510,8234,8250,8135,8140,-191,-2.29%,138538,8142.0,51820,8140,8143,8478,7000,original,,,
2015-09-24,TX,201510,8188,8219,8047,8091,-51,-0.63%,163890,8090.0,52667,8091,8092,8478,7000,original,,,
2015-09-25,TX,201510,8142,8152,8033,8120,30,0.37%,161413,8119.0,51440,8120,8123,8478,7000,original,,,
2015-09-30,TX,201510,8015,8178,7983,8135,16,0.20%,165188,8135.0,54898,8135,8137,8478,7000,original,,,
2015-10-01,TX,201510,8174,8330,8116,8309,174,2.14%,178858,8307.0,55337,8307,8309,8478,7000,original,,,
2015-10-02,TX,201510,8283,8319,8254,8277,-30,-0.36%,104901,8278.0,52218,8276,8278,8478,7000,original,,,
2015-10-05,TX,201510,8358,8377,8275,8335,57,0.69%,131099,8331.0,52111,8332,8335,8478,7000,original,,,
2015-10-06,TX,201510,8431,8478,8365,8370,39,0.47%,147140,8369.0,51716,8368,8371,8478,7000,original,,,
2015-10-07,TX,201510,8377,8497,8357,8492,123,1.47%,140147,8491.0,55430,8490,8492,8497,7000,original,,,
2015-10-08,TX,201510,8534,8544,8422,8441,-50,-0.59%,142571,8443.0,52788,8441,8443,8544,7000,original,,,
2015-10-12,TX,201510,8494,8580,8464,8552,109,1.29%,125543,8552.0,54769,8552,8554,8580,7000,original,,,
2015-10-13,TX,201510,8554,8575,8511,8553,1,0.01%,99975,8557.0,51628,8553,8555,8580,7000,original,,,
2015-10-14,TX,201510,8521,8554,8492,8519,-38,-0.44%,108262,8520.0,50332,8519,8521,8580,7000,original,,,
2015-10-15,TX,201510,8565,8668,8565,8608,88,1.03%,138824,8609.0,50536,8608,8610,8668,7000,original,,,
2015-10-16,TX,201510,8588,8627,8571,8607,-2,-0.02%,98558,8607.0,46678,8607,8608,8668,7000,original,,,
2015-10-19,TX,201510,8627,8670,8588,8624,17,0.20%,117062,8623.0,39354,8622,8624,8670,7000,original,,,
2015-10-20,TX,201510,8644,8663,8629,8659,36,0.42%,83770,8659.0,28715,8658,8660,8670,7000,original,,,
2015-10-21,TX,201510,8690,8704,8593,8617,-42,-0.49%,71803,0.0,18125,8616,8617,8704,7000,original,,,
2015-10-22,TX,201511,8588,8633,8566,8595,-13,-0.15%,97736,8595.0,53403,8594,8596,8700,7966,original,,,
2015-10-23,TX,201511,8742,8752,8669,8692,97,1.13%,108905,8694.0,52739,8692,8694,8752,7966,original,,,
2015-10-26,TX,201511,8730,8765,8716,8736,42,0.48%,79592,8733.0,54998,8734,8736,8765,7966,original,,,
2015-10-27,TX,201511,8722,8728,8655,8691,-42,-0.48%,99136,8694.0,56394,8691,8693,8765,7966,original,,,
2015-10-28,TX,201511,8685,8710,8613,8638,-56,-0.64%,115433,8638.0,55753,8637,8639,8765,7966,original,,,
2015-10-29,TX,201511,8681,8685,8545,8550,-88,-1.02%,142670,8547.0,56284,8548,8550,8765,7966,original,,,
2015-10-30,TX,201511,8560,8600,8484,8568,21,0.25%,155466,8570.0,54560,8568,8570,8765,7966,original,,,
2015-11-02,TX,201511,8535,8598,8502,8583,13,0.15%,114793,8587.0,55278,8583,8585,8765,7966,original,,,
2015-11-03,TX,201511,8665,8740,8645,8721,134,1.56%,123033,8719.0,55739,8720,8721,8765,7966,original,,,
2015-11-04,TX,201511,8765,8900,8751,8882,163,1.87%,160402,8882.0,56697,8882,8884,8900,7966,original,,,
2015-11-05,TX,201511,8879,8899,8832,8870,-12,-0.14%,96100,8872.0,53112,8870,8871,8900,7966,original,,,
2015-11-06,TX,201511,8850,8858,8650,8689,-183,-2.06%,185282,8689.0,53650,8689,8691,8900,7966,original,,,
2015-11-09,TX,201511,8677,8748,8597,8631,-58,-0.67%,165493,8628.0,54573,8629,8631,8900,7966,original,,,
2015-11-10,TX,201511,8581,8592,8512,8532,-96,-1.11%,131070,8533.0,54646,8532,8534,8900,7966,original,,,
2015-11-11,TX,201511,8507,8549,8372,8380,-153,-1.79%,179202,8378.0,58252,8379,8381,8900,7966,original,,,
2015-11-12,TX,201511,8404,8461,8354,8461,83,0.99%,148495,8459.0,55241,8458,8461,8900,7966,original,,,
2015-11-13,TX,201511,8380,8472,8318,8356,-103,-1.22%,178126,8356.0,52459,8356,8357,8900,7966,original,,,
2015-11-16,TX,201511,8245,8307,8212,8290,-66,-0.79%,139331,8288.0,43622,8288,8290,8900,7966,original,,,
2015-11-17,TX,201511,8370,8490,8369,8440,152,1.83%,152201,8437.0,31131,8439,8440,8900,7966,original,,,
2015-11-18,TX,201511,8440,8450,8326,8336,-101,-1.20%,81613,0.0,18567,8335,8336,8900,7966,original,,,
2015-11-19,TX,201512,8371,8460,8323,8447,167,2.02%,155548,8447.0,53536,8446,8447,9800,6954,original,,,
2015-11-20,TX,201512,8430,8475,8396,8444,-3,-0.04%,114281,8443.0,53617,8443,8444,9800,6954,original,,,
2015-11-23,TX,201512,8488,8511,8407,8478,35,0.41%,124827,8481.0,56095,8478,8480,9800,6954,original,,,
2015-11-24,TX,201512,8461,8494,8362,8402,-79,-0.93%,159334,8401.0,55837,8400,8402,9800,6954,original,,,
2015-11-25,TX,201512,8412,8418,8320,8388,-13,-0.15%,137748,8384.0,54333,8386,8388,9800,6954,original,,,
2015-11-26,TX,201512,8412,8525,8410,8502,118,1.41%,134327,8499.0,52280,8500,8502,9800,6954,original,,,
2015-11-27,TX,201512,8520,8534,8377,8393,-106,-1.25%,137736,8390.0,53366,8392,8393,9800,6954,original,,,
2015-11-30,TX,201512,8311,8345,8202,8300,-90,-1.07%,167237,8297.0,56092,8298,8299,9800,6954,original,,,
2015-12-01,TX,201512,8360,8463,8317,8456,159,1.92%,158141,8456.0,52893,8456,8457,9800,6954,original,,,
2015-12-02,TX,201512,8433,8510,8415,8452,-4,-0.05%,146804,8452.0,51719,8452,8454,9800,6954,original,,,
2015-12-03,TX,201512,8388,8490,8363,8476,24,0.28%,147876,8470.0,53556,8475,8476,9800,6954,original,,,
2015-12-04,TX,201512,8361,8410,8326,8397,-73,-0.86%,142112,8393.0,51363,8396,8397,9800,6954,original,,,
2015-12-07,TX,201512,8495,8550,8455,8468,75,0.89%,140025,8470.0,51385,8465,8468,9800,6954,original,,,
2015-12-08,TX,201512,8438,8451,8318,8334,-136,-1.61%,148126,8331.0,54632,8332,8334,9800,6954,original,,,
2015-12-09,TX,201512,8311,8328,8212,8221,-110,-1.32%,155405,8220.0,55490,8220,8222,9800,6954,original,,,
2015-12-10,TX,201512,8182,8208,8101,8188,-32,-0.39%,173415,8188.0,56805,8187,8188,9800,6954,original,,,
2015-12-11,TX,201512,8200,8220,8068,8071,-117,-1.43%,164753,8070.0,56558,8069,8071,9800,6954,original,,,
2015-12-14,TX,201512,7976,8065,7949,8058,-12,-0.15%,144310,8060.0,41409,8058,8060,9800,6954,original,,,
2015-12-15,TX,201512,8077,8137,8048,8066,6,0.07%,139344,8065,29097,8066,8068,9800,6954,original,,,
2015-12-16,TX,201512,8180,8209,8112,8198,133,1.65%,87705,0,19128,8197,8198,9800,6954,original,,,
2015-12-17,TX,201601,8202,8303,8176,8281,111,1.36%,144410,8282,51966,8281,8282,8545,7940,original,,,
2015-12-18,TX,201601,8248,8319,8206,8231,-51,-0.62%,145205,8229,51716,8229,8231,8545,7940,original,,,
2015-12-21,TX,201601,8173,8283,8133,8280,51,0.62%,137963,8280,53519,8281,8282,8545,7940,original,,,
2015-12-22,TX,201601,8257,8297,8220,8277,-3,-0.04%,126517,8275,53102,8274,8277,8545,7940,original,,,
2015-12-23,TX,201601,8301,8347,8267,8290,15,0.18%,134900,8288,54301,8286,8290,8545,7940,original,,,
2015-12-24,TX,201601,8346,8388,8293,8317,29,0.35%,114489,8317,54540,8315,8319,8545,7940,original,,,
2015-12-25,TX,201601,8335,8378,8306,8376,59,0.71%,69641,8374,53283,8375,8377,8545,7940,original,,,
2015-12-28,TX,201601,8370,8394,8349,8356,-18,-0.21%,74401,8354,52370,8355,8356,8545,7940,original,,,
2015-12-29,TX,201601,8321,8347,8263,8287,-67,-0.80%,110566,8288,52059,8287,8288,8545,7940,original,,,
2015-12-30,TX,201601,8313,8329,8226,8260,-28,-0.34%,115891,8258,51856,8259,8261,8545,7940,original,,,
2015-12-31,TX,201601,8240,8300,8234,8272,14,0.17%,103781,8275,51299,8272,8274,8545,7940,original,,,
2016-01-04,TX,201601,8262,8294,8036,8075,-200,-2.42%,191331,8073.0,57274,8073,8075,8545,7940,original,,,
2016-01-05,TX,201601,8099,8130,8011,8025,-48,-0.59%,164756,8025.0,57249,8024,8025,8545,7940,original,,,
2016-01-06,TX,201601,8038,8048,7901,7971,-54,-0.67%,200598,7971.0,56716,7971,7972,8545,7901,original,,,
2016-01-07,TX,201601,7956,7971,7731,7799,-172,-2.16%,246399,7805.0,56044,7799,7801,8545,7731,original,,,
2016-01-08,TX,201601,7755,7884,7734,7868,63,0.81%,182333,7865.0,56273,7866,7868,8545,7731,original,,,
2016-01-11,TX,201601,7730,7793,7672,7740,-125,-1.59%,184748,7739.0,57286,7740,7741,8545,7672,original,,,
2016-01-12,TX,201601,7800,7808,7680,7709,-30,-0.39%,176648,7707.0,58150,7708,7710,8545,7672,original,,,
2016-01-13,TX,201601,7784,7849,7736,7806,99,1.28%,188268,7806.0,57143,7806,7808,8545,7672,original,,,
2016-01-14,TX,201601,7647,7724,7607,7716,-90,-1.15%,171850,7715.0,56930,7715,7717,8545,7607,original,,,
2016-01-15,TX,201601,7801,7809,7636,7665,-50,-0.65%,183418,7668.0,52072,7665,7668,8545,7607,original,,,
2016-01-18,TX,201601,7513,7828,7503,7814,146,1.90%,241486,7810.0,44066,7813,7815,8545,7503,original,,,
2016-01-19,TX,201601,7786,7868,7750,7867,57,0.73%,165954,7866.0,33718,7867,7868,8545,7503,original,,,
2016-01-20,TX,201601,7797,7804,7673,7705,-161,-2.05%,116624,0.0,21948,7704,7705,8545,7503,original,,,
2016-01-21,TX,201602,7659,7706,7601,7613,19,0.25%,202230,7613.0,57844,7613,7615,8382,7470,original,,,
2016-01-22,TX,201602,7730,7752,7641,7748,135,1.77%,183045,7748.0,59046,7745,7748,8382,7470,original,,,
2016-01-25,TX,201602,7768,7881,7766,7833,85,1.10%,145944,7835.0,57528,7833,7834,8382,7470,original,,,
2016-01-26,TX,201602,7784,7810,7745,7779,-56,-0.71%,145032,7778.0,55515,7779,7781,8382,7470,original,,,
2016-01-27,TX,201602,7850,7859,7778,7839,61,0.78%,145619,7838.0,58807,7838,7839,8382,7470,original,,,
2016-01-28,TX,201602,7800,7903,7793,7855,17,0.22%,153244,7858.0,59826,7855,7858,8382,7470,original,,,
2016-01-29,TX,201602,7841,8073,7820,8053,195,2.48%,236477,8053.0,59806,8053,8054,8382,7470,original,,,
2016-01-30,TX,201602,8103,8167,8091,8163,110,1.37%,68665,8164.0,58379,8163,8165,8382,7470,original,,,
2016-02-01,TX,201602,8131,8150,8067,8124,-40,-0.49%,152839,8126.0,54508,8124,8126,8382,7470,original,,,
2016-02-02,TX,201602,8079,8149,8061,8105,-21,-0.26%,133729,8104.0,52320,8103,8105,8382,7470,original,,,
2016-02-03,TX,201602,8026,8085,7993,8034,-70,-0.86%,158007,8036.0,46033,8033,8034,8382,7470,original,,,
2016-02-15,TX,201602,7920,8068,7907,8049,13,0.16%,132682,8043.0,39457,8042,8049,8382,7470,original,,,
2016-02-16,TX,201602,8080,8232,8077,8205,162,2.01%,153558,8206.0,26488,8205,8207,8382,7470,original,,,
2016-02-17,TX,201602,8232,8251,8193,8212,6,0.07%,73251,0.0,14664,8211,8212,8382,7470,original,,,
2016-02-18,TX,201603,8290,8332,8233,8284,94,1.15%,123075,8285.0,56151,8284,8286,9799,6944,original,,,
2016-02-19,TX,201603,8278,8318,8253,8304,19,0.23%,93479,8307.0,58239,8305,8306,9799,6944,original,,,
2016-02-22,TX,201603,8289,8404,8261,8302,-5,-0.06%,140771,8300.0,56813,8299,8302,9799,6944,original,,,
2016-02-23,TX,201603,8321,8331,8271,8318,18,0.22%,109053,8319.0,59072,8318,8319,9799,6944,original,,,
2016-02-24,TX,201603,8300,8382,8216,8248,-71,-0.85%,163799,8247.0,58673,8248,8249,9799,6944,original,,,
2016-02-25,TX,201603,8287,8375,8271,8337,90,1.09%,146795,8338.0,62081,8337,8339,9799,6944,original,,,
2016-02-26,TX,201603,8390,8416,8311,8391,53,0.64%,139525,8389.0,59003,8390,8391,9799,6944,original,,,
2016-03-01,TX,201603,8372,8484,8360,8448,59,0.70%,136259,8448.0,62372,8446,8448,9799,6944,original,,,
2016-03-02,TX,201603,8540,8575,8500,8517,69,0.82%,130846,8518.0,61143,8517,8518,9799,6944,original,,,
2016-03-03,TX,201603,8530,8606,8517,8566,48,0.56%,133529,8564.0,63263,8566,8567,9799,6944,original,,,
2016-03-04,TX,201603,8570,8618,8548,8602,38,0.44%,124749,8601.0,63669,8601,8602,9799,6944,original,,,
2016-03-07,TX,201603,8605,8685,8573,8605,4,0.05%,128900,8604.0,64401,8602,8605,9799,6944,original,,,
2016-03-08,TX,201603,8611,8620,8525,8614,10,0.12%,136044,8614.0,65764,8613,8615,9799,6944,original,,,
2016-03-09,TX,201603,8613,8632,8555,8620,6,0.07%,117377,8618.0,63859,8620,8622,9799,6944,original,,,
2016-03-10,TX,201603,8629,8676,8601,8641,23,0.27%,120396,8641.0,61301,8640,8642,9799,6944,original,,,
2016-03-11,TX,201603,8618,8707,8608,8707,66,0.76%,132707,8705.0,56038,8705,8707,9799,6944,original,,,
2016-03-14,TX,201603,8727,8778,8725,8741,36,0.41%,112139,8741.0,45265,8739,8741,9799,6944,original,,,
2016-03-15,TX,201603,8739,8750,8578,8603,-138,-1.58%,167109,8603.0,31267,8603,8605,9799,6944,original,,,
2016-03-16,TX,201603,8636,8705,8633,8691,88,1.02%,64232,0.0,20850,8691,8692,9799,6944,original,,,
2016-03-17,TX,201604,8754,8819,8681,8698,41,0.47%,165522,8698.0,65844,8698,8699,8819,8199,original,,,
2016-03-18,TX,201604,8725,8779,8703,8763,65,0.75%,124958,8765.0,65999,8763,8770,8819,8199,original,,,
2016-03-21,TX,201604,8798,8810,8690,8745,-20,-0.23%,118631,8746.0,67522,8744,8750,8819,8199,original,,,
2016-03-22,TX,201604,8775,8776,8660,8752,6,0.07%,145545,8750.0,70086,8752,8754,8819,8199,original,,,
2016-03-23,TX,201604,8761,8787,8698,8721,-29,-0.33%,137212,8713.0,69283,8715,8721,8819,8199,original,,,
2016-03-24,TX,201604,8685,8751,8627,8714,1,0.01%,151791,8713.0,70136,8712,8714,8819,8199,original,,,
2016-03-25,TX,201604,8727,8759,8671,8702,-11,-0.13%,106496,8700.0,68777,8702,8704,8819,8199,original,,,
2016-03-28,TX,201604,8720,8733,8653,8683,-17,-0.20%,108424,8685.0,69176,8683,8685,8819,8199,original,,,
2016-03-29,TX,201604,8682,8697,8564,8600,-85,-0.98%,158070,8601.0,71383,8600,8601,8819,8199,original,,,
2016-03-30,TX,201604,8645,8747,8626,8740,139,1.62%,148145,8740.0,76104,8740,8741,8819,8199,original,,,
2016-03-31,TX,201604,8784,8815,8691,8715,-25,-0.29%,166161,8716.0,72437,8714,8717,8819,8199,original,,,
2016-04-01,TX,201604,8670,8694,8598,8629,-87,-1.00%,156482,8628.0,70769,8629,8630,8819,8199,original,,,
2016-04-06,TX,201604,8591,8599,8453,8460,-168,-1.95%,156407,8458.0,73228,8459,8461,8819,8199,original,,,
2016-04-07,TX,201604,8470,8493,8381,8438,-20,-0.24%,152741,8438.0,71621,8437,8438,8819,8199,original,,,
2016-04-08,TX,201604,8388,8500,8375,8484,46,0.55%,141629,8485.0,71692,8483,8485,8819,8199,original,,,
2016-04-11,TX,201604,8456,8530,8415,8514,29,0.34%,130911,8515.0,72696,8514,8517,8819,8199,original,,,
2016-04-12,TX,201604,8541,8584,8468,8495,-20,-0.23%,148275,8496.0,71923,8495,8496,8819,8199,original,,,
2016-04-13,TX,201604,8542,8644,8529,8638,142,1.67%,147192,8636.0,71105,8638,8639,8819,8199,original,,,
2016-04-14,TX,201604,8705,8724,8645,8661,25,0.29%,119974,8660.0,69583,8659,8661,8819,8199,original,,,
2016-04-15,TX,201604,8620,8719,8591,8716,56,0.65%,136854,8717.0,67202,8716,8717,8819,8199,original,,,
2016-04-18,TX,201604,8651,8684,8630,8645,-72,-0.83%,111226,8644.0,48233,8644,8645,8819,8199,original,,,
2016-04-19,TX,201604,8700,8748,8598,8636,-8,-0.09%,158491,8636.0,32791,8636,8638,8819,8199,original,,,
2016-04-20,TX,201604,8657,8684,8498,8519,-117,-1.35%,105896,0.0,19454,8519,8520,8819,8199,original,,,
2016-04-21,TX,201605,8513,8535,8455,8530,88,1.04%,121720,8530.0,76057,8530,8533,8796,8350,original,,,
2016-04-22,TX,201605,8513,8560,8461,8498,-32,-0.38%,150062,8500.0,77166,8497,8500,8796,8350,original,,,
2016-04-25,TX,201605,8519,8540,8477,8527,27,0.32%,98787,8527.0,77748,8527,8529,8796,8350,original,,,
2016-04-26,TX,201605,8533,8619,8523,8573,46,0.54%,135704,8570.0,78803,8572,8573,8796,8350,original,,,
2016-04-27,TX,201605,8560,8590,8506,8557,-13,-0.15%,116757,8560.0,75799,8557,8558,8796,8350,original,,,
2016-04-28,TX,201605,8586,8599,8408,8417,-143,-1.67%,190019,8415.0,81539,8415,8416,8796,8350,original,,,
2016-04-29,TX,201605,8375,8400,8303,8309,-106,-1.26%,132260,8311.0,83966,8309,8311,8796,8303,original,,,
2016-05-03,TX,201605,8319,8330,8220,8259,-52,-0.63%,123157,8261.0,80840,8259,8260,8796,8220,original,,,
2016-05-04,TX,201605,8238,8257,8105,8177,-84,-1.02%,176592,8181.0,78851,8176,8177,8796,8105,original,,,
2016-05-05,TX,201605,8160,8181,8095,8142,-39,-0.48%,137990,8146.0,79822,8142,8144,8796,8095,original,,,
2016-05-06,TX,201605,8118,8140,8061,8102,-44,-0.54%,132563,8105.0,77398,8101,8102,8796,8061,original,,,
2016-05-09,TX,201605,8141,8160,8065,8114,9,0.11%,122435,8116.0,76299,8114,8115,8796,8061,original,,,
2016-05-10,TX,201605,8116,8180,8057,8153,37,0.46%,151146,8152.0,71617,8152,8153,8796,8057,original,,,
2016-05-11,TX,201605,8177,8192,8081,8125,-27,-0.33%,152178,8124.0,70156,8124,8126,8796,8057,original,,,
2016-05-12,TX,201605,8096,8155,8066,8084,-40,-0.49%,138711,8082.0,64756,8083,8084,8796,8057,original,,,
2016-05-13,TX,201605,8067,8075,7953,8019,-63,-0.78%,170540,8022.0,60403,8019,8020,8796,7953,original,,,
2016-05-16,TX,201605,8021,8085,7988,8062,40,0.50%,132897,8063.0,46690,8062,8064,8796,7953,original,,,
2016-05-17,TX,201605,8076,8152,8020,8150,87,1.08%,164654,8146.0,31921,8149,8150,8796,7953,original,,,
2016-05-18,TX,201605,8093,8153,8056,8148,2,0.02%,77042,0.0,18265,8148,8149,8796,7953,original,,,
2016-05-19,TX,201606,8118,8130,8006,8034,-74,-0.91%,142629,8033.0,71585,8034,8036,8973,6936,original,,,
2016-05-20,TX,201606,8035,8125,8023,8104,71,0.88%,161767,8103.0,73504,8103,8104,8973,6936,original,,,
2016-05-23,TX,201606,8121,8355,8051,8346,243,3.00%,210720,8343.0,75469,8345,8346,8973,6936,original,,,
2016-05-24,TX,201606,8329,8345,8276,8283,-60,-0.72%,101231,8284.0,69587,8283,8284,8973,6936,original,,,
2016-05-25,TX,201606,8341,8412,8332,8385,101,1.22%,130270,8384.0,69644,8384,8385,8973,6936,original,,,
2016-05-26,TX,201606,8401,8408,8352,8385,1,0.01%,89102,8383.0,69256,8382,8385,8973,6936,original,,,
2016-05-27,TX,201606,8416,8468,8390,8462,79,0.94%,107120,8462.0,72145,8461,8463,8973,6936,original,,,
2016-05-30,TX,201606,8481,8533,8433,8508,46,0.54%,118598,8509.0,74857,8508,8509,8973,6936,original,,,
2016-05-31,TX,201606,8499,8545,8455,8515,6,0.07%,126395,8510.0,75659,8513,8515,8973,6936,original,,,
2016-06-01,TX,201606,8490,8590,8486,8563,53,0.62%,127418,8564.0,81097,8562,8563,8973,6936,original,,,
2016-06-02,TX,201606,8568,8610,8518,8552,-12,-0.14%,131250,8550.0,80177,8549,8552,8973,6936,original,,,
2016-06-03,TX,201606,8561,8585,8537,8566,16,0.19%,89927,8565.0,79211,8565,8568,8973,6936,original,,,
2016-06-04,TX,201606,8566,8590,8560,8576,11,0.13%,29951,8577.0,79736,8576,8577,8973,6936,original,,,
2016-06-06,TX,201606,8575,8655,8507,8575,-2,-0.02%,135249,8573.0,79411,8573,8575,8973,6936,original,,,
2016-06-07,TX,201606,8614,8684,8606,8666,93,1.08%,127819,8667.0,79337,8666,8669,8973,6936,original,,,
2016-06-08,TX,201606,8673,8742,8671,8718,51,0.59%,135065,8713.0,73106,8715,8718,8973,6936,original,,,
2016-06-13,TX,201606,8635,8636,8502,8525,-188,-2.16%,156484,8525.0,56018,8524,8526,8973,6936,original,,,
2016-06-14,TX,201606,8495,8578,8483,8575,50,0.59%,113683,8574.0,42712,8574,8575,8973,6936,original,,,
2016-06-15,TX,201606,8552,8607,8508,8601,27,0.31%,86838,0.0,30386,8601,8602,8973,6936,original,,,
2016-06-16,TX,201607,8410,8410,8247,8283,-130,-1.55%,161494,8281.0,81706,8281,8283,8546,7817,original,,,
2016-06-17,TX,201607,8348,8431,8345,8395,114,1.38%,135050,8395.0,83559,8395,8397,8546,7817,original,,,
2016-06-20,TX,201607,8503,8520,8428,8469,74,0.88%,116528,8469.0,83666,8469,8470,8546,7817,original,,,
2016-06-21,TX,201607,8459,8525,8435,8510,41,0.48%,106832,8510.0,83643,8510,8511,8546,7817,original,,,
2016-06-22,TX,201607,8510,8530,8460,8509,-1,-0.01%,113230,8510.0,81315,8507,8509,8546,7817,original,,,
2016-06-23,TX,201607,8515,8526,8467,8510,0,0.00%,80671,8510.0,81522,8510,8511,8546,7817,original,,,
2016-06-24,TX,201607,8500,8553,8140,8237,-273,-3.21%,350484,8238.0,86502,8235,8238,8553,7817,original,,,
2016-06-27,TX,201607,8250,8339,8239,8325,87,1.06%,123131,8326.0,89286,8325,8326,8553,7817,original,,,
2016-06-28,TX,201607,8274,8387,8260,8376,50,0.60%,128666,8376.0,88333,8376,8378,8553,7817,original,,,
2016-06-29,TX,201607,8392,8493,8391,8436,60,0.72%,136847,8436.0,87098,8436,8437,8553,7817,original,,,
2016-06-30,TX,201607,8492,8542,8440,8518,82,0.97%,149910,8519.0,91320,8518,8520,8553,7817,original,,,
2016-07-01,TX,201607,8568,8638,8551,8626,107,1.26%,125937,8623.0,94187,8625,8626,8638,7817,original,,,
2016-07-04,TX,201607,8636,8679,8598,8630,7,0.08%,117023,8632.0,91178,8630,8632,8679,7817,original,,,
2016-07-05,TX,201607,8600,8635,8567,8609,-23,-0.27%,99016,8610.0,90650,8608,8609,8679,7817,original,,,
2016-07-06,TX,201607,8552,8559,8443,8468,-142,-1.65%,166638,8469.0,84221,8467,8470,8679,7817,original,,,
2016-07-07,TX,201607,8508,8571,8505,8562,93,1.10%,99013,8561.0,84828,8562,8563,8679,7817,original,,,
2016-07-11,TX,201607,8683,8748,8677,8736,175,2.04%,120241,8734.0,85975,8735,8736,8748,7817,original,,,
2016-07-12,TX,201607,8751,8795,8736,8777,43,0.49%,108508,8776.0,85589,8775,8777,8795,7817,original,,,
2016-07-13,TX,201607,8825,8837,8726,8793,17,0.19%,149460,8793.0,86597,8791,8793,8837,7817,original,,,
2016-07-14,TX,201607,8800,8841,8769,8813,20,0.23%,115361,8813.0,84103,8813,8814,8841,7817,original,,,
2016-07-15,TX,201607,8846,8925,8823,8911,98,1.11%,135980,8912.0,78809,8912,8913,8925,7817,original,,,
2016-07-18,TX,201607,8918,9001,8912,8998,86,0.96%,121872,8999.0,59621,8998,8999,9001,7817,original,,,
2016-07-19,TX,201607,9020,9035,8962,9033,34,0.38%,135725,9032.0,37355,9032,9033,9035,7817,original,,,
2016-07-20,TX,201607,9010,9042,8972,9003,-29,-0.32%,94642,0.0,22206,9003,9004,9042,7817,original,,,
2016-07-21,TX,201608,8922,9009,8916,8984,100,1.13%,120520,8984.0,92916,8984,8985,9009,8031,original,,,
2016-07-22,TX,201608,8965,8984,8925,8925,-59,-0.66%,108745,8927.0,90643,8925,8926,9009,8031,original,,,
2016-07-25,TX,201608,8967,9027,8803,8891,-36,-0.40%,175723,8891.0,90567,8891,8893,9027,8031,original,,,
2016-07-26,TX,201608,8871,8970,8862,8965,74,0.83%,121917,8965.0,95793,8965,8966,9027,8031,original,,,
2016-07-27,TX,201608,9016,9049,8952,8976,11,0.12%,150067,8979.0,94604,8974,8976,9049,8031,original,,,
2016-07-28,TX,201608,8982,9027,8926,8981,2,0.02%,124950,8979.0,97763,8977,8981,9049,8031,original,,,
2016-07-29,TX,201608,9003,9014,8889,8893,-86,-0.96%,153817,8894.0,95803,8893,8894,9049,8031,original,,,
2016-08-01,TX,201608,8940,9043,8936,9041,147,1.65%,121841,9040.0,101518,9040,9043,9049,8031,original,,,
2016-08-02,TX,201608,9014,9035,8993,9015,-25,-0.28%,84612,9012.0,98041,9012,9013,9049,8031,original,,,
2016-08-03,TX,201608,8914,8972,8861,8933,-79,-0.88%,141402,8935.0,95998,8933,8937,9049,8031,original,,,
2016-08-04,TX,201608,8990,8992,8891,8971,36,0.40%,125262,8970.0,93648,8971,8972,9049,8031,original,,,
2016-08-05,TX,201608,8996,9074,8973,9063,93,1.04%,127647,9062.0,97574,9063,9064,9074,8031,original,,,
2016-08-08,TX,201608,9133,9148,9063,9116,54,0.60%,111631,9116.0,96767,9116,9117,9148,8031,original,,,
2016-08-09,TX,201608,9122,9145,9096,9118,2,0.02%,94114,9117.0,97260,9116,9118,9148,8031,original,,,
2016-08-10,TX,201608,9136,9167,9090,9145,28,0.31%,123597,9149.0,98386,9145,9148,9167,8031,original,,,
2016-08-11,TX,201608,9125,9159,8998,9085,-64,-0.70%,165714,9087.0,95899,9085,9088,9167,8031,original,,,
2016-08-12,TX,201608,9129,9149,9102,9130,43,0.47%,109885,9130.0,90160,9130,9132,9167,8031,original,,,
2016-08-15,TX,201608,9147,9161,9087,9125,-5,-0.05%,130933,9124.0,67248,9124,9125,9167,8031,original,,,
2016-08-16,TX,201608,9155,9156,9052,9088,-36,-0.39%,162847,9085.0,42115,9086,9088,9167,8031,original,,,
2016-08-17,TX,201608,9073,9123,9067,9121,36,0.40%,68207,0.0,31910,9120,9121,9167,8031,original,,,
2016-08-18,TX,201609,9010,9059,8980,9042,36,0.40%,102776,9041.0,98619,9040,9042,9111,7135,original,,,
2016-08-19,TX,201609,9050,9109,8942,8946,-95,-1.05%,180514,8948.0,104313,8946,8948,9111,7135,original,,,
2016-08-22,TX,201609,8941,8949,8853,8892,-56,-0.63%,140625,8895.0,108096,8891,8894,9111,7135,original,,,
2016-08-23,TX,201609,8921,8988,8912,8984,89,1.00%,110642,8983.0,111048,8984,8985,9111,7135,original,,,
2016-08-24,TX,201609,9002,9023,8948,8956,-27,-0.30%,100206,8954.0,107851,8954,8956,9111,7135,original,,,
2016-08-25,TX,201609,8942,9073,8939,9072,118,1.32%,131838,9070.0,116272,9070,9072,9111,7135,original,,,
2016-08-26,TX,201609,9055,9090,9036,9080,10,0.11%,86770,9080.0,111718,9080,9082,9111,7135,original,,,
2016-08-29,TX,201609,9045,9075,8948,9042,-38,-0.42%,148143,9042.0,108408,9042,9044,9111,7135,original,,,
2016-08-30,TX,201609,9075,9085,9021,9036,-6,-0.07%,106337,9035.0,107991,9035,9036,9111,7135,original,,,
2016-08-31,TX,201609,9018,9060,8959,8976,-59,-0.65%,144241,8976.0,107153,8976,8979,9111,7135,original,,,
2016-09-01,TX,201609,8971,8980,8883,8941,-35,-0.39%,151424,8942.0,108600,8941,8943,9111,7135,original,,,
2016-09-02,TX,201609,8948,8973,8904,8931,-11,-0.12%,110392,8932.0,109570,8931,8933,9111,7135,original,,,
2016-09-05,TX,201609,9000,9067,8997,9062,130,1.46%,105105,9063.0,114415,9062,9064,9111,7135,original,,,
2016-09-06,TX,201609,9073,9160,9062,9150,87,0.96%,103692,9151.0,117855,9150,9151,9160,7135,original,,,
2016-09-07,TX,201609,9156,9262,9150,9253,102,1.11%,121479,9253.0,121011,9253,9256,9262,7135,original,,,
2016-09-08,TX,201609,9251,9253,9215,9239,-14,-0.15%,74430,9239.0,116700,9239,9240,9262,7135,original,,,
2016-09-09,TX,201609,9182,9184,9113,9127,-112,-1.21%,128752,9126.0,108873,9126,9127,9262,7135,original,,,
2016-09-10,TX,201609,8930,9001,8923,8953,-173,-1.90%,75595,8953.0,106868,8953,8954,9262,7135,original,,,
2016-09-12,TX,201609,8990,8994,8898,8899,-54,-0.60%,137444,8900.0,101412,8899,8902,9262,7135,original,,,
2016-09-13,TX,201609,8974,8979,8816,8906,6,0.07%,173830,8905.0,95761,8906,8907,9262,7135,original,,,
2016-09-14,TX,201609,8866,8942,8854,8874,-31,-0.35%,129885,8875.0,85924,8874,8876,9262,7135,original,,,
2016-09-19,TX,201609,8949,9158,8947,9151,276,3.11%,162262,9149.0,61480,9149,9151,9262,7135,original,,,
2016-09-20,TX,201609,9142,9164,9113,9141,-8,-0.09%,107397,9142.0,43576,9141,9144,9262,7135,original,,,
2016-09-21,TX,201609,9129,9224,9115,9221,79,0.86%,76502,0.0,32782,9221,9222,9262,7135,original,,,
2016-09-22,TX,201610,9221,9262,9154,9188,23,0.25%,123322,9187.0,102415,9186,9188,9262,8789,original,,,
2016-09-23,TX,201610,9234,9248,9189,9236,49,0.53%,95279,9236.0,105625,9235,9237,9262,8789,original,,,
2016-09-26,TX,201610,9222,9226,9148,9154,-82,-0.89%,95532,9152.0,104856,9152,9154,9262,8789,original,,,
2016-09-29,TX,201610,9226,9297,9206,9253,101,1.10%,134752,9251.0,108886,9251,9253,9297,8789,original,,,
2016-09-30,TX,201610,9183,9206,9127,9128,-123,-1.33%,131337,9130.0,106191,9128,9129,9297,8789,original,,,
2016-10-03,TX,201610,9205,9230,9161,9194,64,0.70%,100555,9193.0,106903,9193,9194,9297,8789,original,,,
2016-10-04,TX,201610,9202,9259,9187,9247,54,0.59%,95262,9251.0,112430,9247,9250,9297,8789,original,,,
2016-10-05,TX,201610,9210,9266,9201,9240,-11,-0.12%,81576,9238.0,111817,9239,9240,9297,8789,original,,,
2016-10-06,TX,201610,9281,9283,9207,9256,18,0.19%,100967,9257.0,111177,9255,9256,9297,8789,original,,,
2016-10-07,TX,201610,9250,9269,9236,9253,-4,-0.04%,66389,9251.0,112952,9252,9253,9297,8789,original,,,
2016-10-11,TX,201610,9300,9343,9143,9191,-60,-0.65%,178389,9189.0,114388,9189,9191,9343,8789,original,,,
2016-10-12,TX,201610,9180,9274,9164,9260,71,0.77%,113440,9259.0,110930,9260,9261,9343,8789,original,,,
2016-10-13,TX,201610,9268,9282,9179,9203,-56,-0.60%,138511,9201.0,102739,9201,9203,9343,8789,original,,,
2016-10-14,TX,201610,9207,9224,9147,9169,-32,-0.35%,130516,9167.0,93118,9168,9169,9343,8789,original,,,
2016-10-17,TX,201610,9178,9193,9060,9166,-1,-0.01%,202913,9167.0,65469,9166,9168,9343,8789,original,,,
2016-10-18,TX,201610,9183,9218,9154,9212,45,0.49%,133283,9210.0,46748,9210,9212,9343,8789,original,,,
2016-10-19,TX,201610,9223,9300,9219,9280,70,0.76%,87933,0.0,33890,9279,9280,9343,8789,original,,,
2016-10-20,TX,201611,9269,9295,9235,9278,29,0.31%,101510,9277.0,109752,9278,9279,9309,9040,original,,,
2016-10-21,TX,201611,9259,9322,9241,9264,-13,-0.14%,118712,9264.0,111783,9264,9265,9322,9040,original,,,
2016-10-24,TX,201611,9294,9325,9269,9309,45,0.49%,97060,9309.0,114092,9308,9309,9325,9040,original,,,
2016-10-25,TX,201611,9328,9394,9308,9374,65,0.70%,112280,9375.0,120702,9374,9376,9394,9040,original,,,
2016-10-26,TX,201611,9340,9363,9323,9336,-39,-0.42%,89110,9334.0,113651,9333,9336,9394,9040,original,,,
2016-10-27,TX,201611,9324,9348,9260,9287,-47,-0.50%,127682,9288.0,110252,9287,9288,9394,9040,original,,,
2016-10-28,TX,201611,9286,9313,9261,9280,-8,-0.09%,95640,9279.0,109649,9279,9280,9394,9040,original,,,
2016-10-31,TX,201611,9263,9300,9174,9283,4,0.04%,146504,9284.0,107953,9283,9284,9394,9040,original,,,
2016-11-01,TX,201611,9259,9292,9226,9280,-4,-0.04%,101255,9278.0,106426,9278,9280,9394,9040,original,,,
2016-11-02,TX,201611,9199,9225,9144,9160,-118,-1.27%,150857,9158.0,104024,9157,9160,9394,9040,original,,,
2016-11-03,TX,201611,9131,9160,9078,9088,-70,-0.76%,134541,9088.0,102587,9088,9090,9394,9040,original,,,
2016-11-04,TX,201611,9058,9094,9047,9064,-24,-0.26%,97483,9063.0,101940,9063,9066,9394,9040,original,,,
2016-11-07,TX,201611,9131,9200,9115,9196,133,1.47%,105071,9196.0,98954,9196,9199,9394,9040,original,,,
2016-11-08,TX,201611,9216,9230,9162,9225,29,0.32%,115585,9223.0,96232,9223,9226,9394,9040,original,,,
2016-11-09,TX,201611,9223,9307,8891,8929,-294,-3.19%,385514,8926.0,96486,8929,8930,9394,8891,original,,,
2016-11-10,TX,201611,9140,9192,9134,9177,251,2.81%,134067,9176.0,84197,9177,9178,9394,8891,original,,,
2016-11-11,TX,201611,9048,9057,8949,8967,-209,-2.28%,179369,8967.0,75996,8967,8969,9394,8891,original,,,
2016-11-14,TX,201611,8957,8988,8877,8945,-22,-0.25%,184246,8945.0,44121,8945,8946,9394,8877,original,,,
2016-11-15,TX,201611,8900,8975,8896,8938,-7,-0.08%,142410,8938.0,32588,8935,8938,9394,8877,original,,,
2016-11-16,TX,201611,8990,9034,8979,8983,45,0.50%,83943,0.0,20779,8983,8984,9394,8877,original,,,
2016-11-17,TX,201612,8942,8965,8906,8962,6,0.07%,126400,8960.0,99550,8961,8962,9368,7180,original,,,
2016-11-18,TX,201612,8979,9006,8926,8987,27,0.30%,131675,8987.0,102762,8987,8988,9368,7180,original,,,
2016-11-21,TX,201612,8980,9026,8971,9017,30,0.33%,85149,9017.0,102708,9017,9018,9368,7180,original,,,
2016-11-22,TX,201612,9050,9164,9041,9140,123,1.36%,132590,9139.0,107386,9140,9141,9368,7180,original,,,
2016-11-23,TX,201612,9150,9192,9142,9175,36,0.39%,97048,9177.0,107552,9175,9177,9368,7180,original,,,
2016-11-24,TX,201612,9156,9165,9117,9142,-35,-0.38%,100734,9142.0,105993,9142,9143,9368,7180,original,,,
2016-11-25,TX,201612,9142,9192,9133,9162,20,0.22%,98602,9161.0,107517,9161,9162,9368,7180,original,,,
2016-11-28,TX,201612,9157,9248,9150,9223,62,0.68%,116679,9223.0,112812,9223,9224,9368,7180,original,,,
2016-11-29,TX,201612,9222,9238,9196,9203,-20,-0.22%,102746,9202.0,110775,9201,9203,9368,7180,original,,,
2016-11-30,TX,201612,9211,9245,9177,9226,24,0.26%,121118,9227.0,110726,9226,9228,9368,7180,original,,,
2016-12-01,TX,201612,9229,9279,9218,9261,34,0.37%,107733,9260.0,113498,9260,9261,9368,7180,original,,,
2016-12-02,TX,201612,9199,9200,9148,9165,-95,-1.03%,118876,9163.0,106636,9164,9165,9368,7180,original,,,
2016-12-05,TX,201612,9159,9183,9117,9157,-6,-0.07%,107414,9157.0,108679,9156,9157,9368,7180,original,,,
2016-12-06,TX,201612,9232,9285,9230,9262,105,1.15%,100307,9262.0,115768,9261,9262,9368,7180,original,,,
2016-12-07,TX,201612,9300,9305,9248,9263,1,0.01%,92062,9262.0,111813,9261,9263,9368,7180,original,,,
2016-12-08,TX,201612,9360,9370,9315,9367,105,1.13%,107870,9368.0,112835,9367,9369,9370,7180,original,,,
2016-12-09,TX,201612,9377,9399,9365,9390,22,0.23%,73814,9389.0,113379,9389,9390,9399,7180,original,,,
2016-12-12,TX,201612,9420,9440,9350,9355,-34,-0.36%,123782,9356.0,112167,9355,9357,9440,7180,original,,,
2016-12-13,TX,201612,9340,9381,9338,9378,22,0.24%,69542,9379.0,107617,9378,9380,9440,7180,original,,,
2016-12-14,TX,201612,9409,9413,9353,9370,-9,-0.10%,85638,9369.0,104180,9368,9370,9440,7180,original,,,
2016-12-15,TX,201612,9330,9374,9305,9368,-1,-0.01%,126853,9368.0,99200,9368,9369,9440,7180,original,,,
2016-12-16,TX,201612,9367,9370,9309,9312,-56,-0.60%,104771,9311.0,84931,9310,9312,9440,7180,original,,,
2016-12-19,TX,201612,9290,9317,9242,9246,-65,-0.70%,127172,9244,51957,9243,9245,9440,7180,original,,,
2016-12-20,TX,201612,9261,9266,9209,9260,16,0.17%,116914,9260,32524,9260,9261,9440,7180,original,,,
2016-12-21,TX,201612,9261,9269,9225,9232,-28,-0.30%,61153,0,21310,9231,9232,9440,7180,original,,,
2016-12-22,TX,201701,9211,9222,9123,9130,-95,-1.03%,116265,9128,96027,9129,9130,9422,8887,original,,,
2016-12-23,TX,201701,9115,9147,9088,9090,-38,-0.42%,108536,9092,95607,9090,9092,9422,8887,original,,,
2016-12-26,TX,201701,9107,9131,9089,9123,31,0.34%,69849,9124,96956,9123,9124,9422,8887,original,,,
2016-12-27,TX,201701,9123,9130,9106,9113,-11,-0.12%,47698,9113,96270,9112,9114,9422,8887,original,,,
2016-12-28,TX,201701,9110,9213,9105,9211,98,1.08%,97287,9211,93949,9211,9212,9422,8887,original,,,
2016-12-29,TX,201701,9188,9211,9168,9184,-27,-0.29%,92408,9181,93569,9183,9184,9422,8887,original,,,
2016-12-30,TX,201701,9215,9282,9215,9262,81,0.88%,116957,9262,94232,9261,9262,9422,8887,original,,,
2017-01-03,TX,201701,9266,9282,9231,9281,19,0.21%,89282,9280.0,94384,9281,9282,9422,8887,original,,一般,
2017-01-04,TX,201701,9281,9295,9261,9273,-7,-0.08%,87462,9271.0,92155,9272,9273,9422,8887,original,,一般,
2017-01-05,TX,201701,9270,9354,9266,9340,69,0.74%,119149,9342.0,96942,9340,9341,9422,8887,original,,一般,
2017-01-06,TX,201701,9353,9375,9338,9367,25,0.27%,67027,9365.0,97472,9366,9367,9422,8887,original,,一般,
2017-01-09,TX,201701,9379,9409,9325,9344,-21,-0.22%,113565,9342.0,94477,9342,9344,9422,8887,original,,一般,
2017-01-10,TX,201701,9332,9350,9320,9342,0,0.00%,76021,9341.0,93659,9340,9342,9422,8887,original,,一般,
2017-01-11,TX,201701,9395,9396,9333,9338,-3,-0.03%,91651,9337.0,93061,9336,9338,9422,8887,original,,一般,
2017-01-12,TX,201701,9353,9433,9350,9410,73,0.78%,117651,9411.0,91547,9410,9412,9433,8887,original,,一般,
2017-01-13,TX,201701,9388,9397,9361,9374,-37,-0.39%,88034,9375.0,77608,9374,9375,9433,8887,original,,一般,
2017-01-16,TX,201701,9360,9362,9274,9286,-89,-0.95%,135414,9285.0,52854,9284,9286,9433,8887,original,,一般,
2017-01-17,TX,201701,9282,9344,9280,9341,56,0.60%,94530,9340.0,37874,9339,9341,9433,8887,original,,一般,
2017-01-18,TX,201701,9336,9349,9314,9340,0,0.00%,55499,0.0,27345,9340,9341,9433,8887,original,,一般,
2017-01-19,TX,201702,9337,9342,9254,9306,-10,-0.11%,123137,9304.0,101511,9304,9306,9423,9076,original,,一般,
2017-01-20,TX,201702,9283,9338,9278,9330,26,0.28%,77047,9330.0,104205,9330,9331,9423,9076,original,,一般,
2017-01-23,TX,201702,9319,9423,9318,9407,77,0.83%,99777,9407.0,104658,9406,9407,9423,9076,original,,一般,
2017-01-24,TX,201702,9423,9464,9405,9446,39,0.41%,78935,9442.0,99761,9446,9447,9464,9076,original,,一般,
2017-02-02,TX,201702,9500,9510,9373,9375,-67,-0.71%,138242,9375.0,96580,9375,9376,9510,9076,original,,一般,
2017-02-03,TX,201702,9418,9458,9408,9439,64,0.68%,95766,9437.0,96928,9438,9439,9510,9076,original,,一般,
2017-02-06,TX,201702,9477,9533,9441,9505,68,0.72%,116954,9505.0,100092,9503,9505,9533,9076,original,,一般,
2017-02-07,TX,201702,9499,9525,9482,9520,15,0.16%,71159,9520.0,101092,9520,9522,9533,9076,original,,一般,
2017-02-08,TX,201702,9513,9535,9463,9515,-5,-0.05%,114482,9515.0,96756,9515,9516,9535,9076,original,,一般,
2017-02-09,TX,201702,9518,9579,9505,9576,61,0.64%,110690,9574.0,92362,9575,9576,9579,9076,original,,一般,
2017-02-10,TX,201702,9600,9681,9586,9658,84,0.88%,136883,9657.0,84819,9657,9658,9681,9076,original,,一般,
2017-02-13,TX,201702,9670,9705,9661,9705,48,0.50%,118488,9704.0,62748,9704,9705,9705,9076,original,,一般,
2017-02-14,TX,201702,9729,9758,9695,9710,6,0.06%,148146,9708.0,44255,9709,9710,9758,9076,original,,一般,
2017-02-15,TX,201702,9726,9801,9722,9800,92,0.95%,68161,0.0,30766,9799,9800,9801,9076,original,,一般,
2017-02-16,TX,201703,9819,9852,9758,9772,-29,-0.30%,136500,9770.0,98359,9771,9772,9852,7515,original,,一般,
2017-02-17,TX,201703,9760,9786,9747,9762,-8,-0.08%,77496,9763.0,98358,9762,9764,9852,7515,original,,一般,
2017-02-18,TX,201703,9778,9789,9772,9788,25,0.26%,23312,9786.0,98090,9788,9789,9852,7515,original,,一般,
2017-02-20,TX,201703,9786,9814,9737,9766,-20,-0.20%,101368,9766.0,101184,9766,9767,9852,7515,original,,一般,
2017-02-21,TX,201703,9777,9785,9728,9766,0,0.00%,99916,9767.0,100641,9765,9766,9852,7515,original,,一般,
2017-02-22,TX,201703,9783,9827,9767,9783,16,0.16%,121485,9783.0,98449,9782,9783,9852,7515,original,,一般,
2017-02-23,TX,201703,9780,9820,9755,9772,-11,-0.11%,115454,9773.0,99588,9771,9772,9852,7515,original,,一般,
2017-02-24,TX,201703,9770,9786,9730,9761,-12,-0.12%,100020,9760.0,100039,9760,9761,9852,7515,original,,一般,
2017-03-01,TX,201703,9766,9770,9678,9682,-78,-0.80%,137961,9683.0,102003,9682,9684,9852,7515,original,,一般,
2017-03-02,TX,201703,9761,9784,9643,9691,8,0.08%,158914,9691.0,99827,9691,9692,9852,7515,original,,一般,
2017-03-03,TX,201703,9648,9672,9623,9629,-62,-0.64%,122036,9630.0,100743,9629,9630,9852,7515,original,,一般,
2017-03-06,TX,201703,9639,9684,9619,9683,53,0.55%,98832,9682.0,100568,9683,9684,9852,7515,original,,一般,
2017-03-07,TX,201703,9693,9734,9682,9727,45,0.46%,95033,9728.0,98996,9727,9729,9852,7515,original,,一般,
2017-03-08,TX,201703,9736,9765,9701,9748,20,0.21%,115988,9746.0,94631,9747,9748,9852,7515,original,,一般,
2017-03-09,TX,201703,9739,9742,9642,9652,-94,-0.96%,142245,9649.0,88305,9650,9652,9852,7515,original,,一般,
2017-03-10,TX,201703,9647,9652,9555,9625,-24,-0.25%,170995,9624.0,71736,9623,9625,9852,7515,original,,一般,
2017-03-13,TX,201703,9644,9698,9643,9692,68,0.71%,132818,9693.0,47902,9692,9693,9852,7515,original,,一般,
2017-03-14,TX,201703,9713,9767,9711,9749,56,0.58%,116325,9748.0,31614,9748,9749,9852,7515,original,,一般,
2017-03-15,TX,201703,9742,9752,9715,9732,-16,-0.16%,67761,0.0,19056,9732,9733,9852,7515,original,,一般,
2017-03-16,TX,201704,9805,9852,9782,9840,113,1.16%,124172,9840.0,90965,9840,9842,9852,9547,original,,一般,
2017-03-17,TX,201704,9850,9896,9837,9890,50,0.51%,95443,9889.0,92898,9888,9890,9896,9547,original,,一般,
2017-03-20,TX,201704,9870,9908,9855,9895,6,0.06%,87814,9896.0,93243,9895,9896,9908,9547,original,,一般,
2017-03-21,TX,201704,9926,9980,9916,9962,66,0.67%,117665,9963.0,98883,9962,9963,9980,9547,original,,一般,
2017-03-22,TX,201704,9890,9907,9851,9898,-65,-0.65%,131137,9896.0,93885,9896,9898,9980,9547,original,,一般,
2017-03-23,TX,201704,9941,9952,9879,9909,13,0.13%,124574,9909.0,94965,9908,9909,9980,9547,original,,一般,
2017-03-24,TX,201704,9927,9928,9883,9901,-8,-0.08%,100432,9900.0,94205,9900,9901,9980,9547,original,,一般,
2017-03-27,TX,201704,9878,9917,9844,9865,-35,-0.35%,121135,9866.0,98410,9865,9867,9980,9547,original,,一般,
2017-03-28,TX,201704,9920,9927,9805,9883,17,0.17%,180278,9884.0,96978,9883,9885,9980,9547,original,,一般,
2017-03-29,TX,201704,9902,9904,9851,9862,-22,-0.22%,112257,9860.0,95232,9860,9862,9980,9547,original,,一般,
2017-03-30,TX,201704,9864,9888,9834,9850,-10,-0.10%,101697,9848.0,94613,9849,9850,9980,9547,original,,一般,
2017-03-31,TX,201704,9858,9872,9812,9821,-27,-0.27%,97954,9821.0,95150,9821,9822,9980,9547,original,,一般,
2017-04-05,TX,201704,9849,9968,9843,9961,140,1.43%,138318,9962.0,101119,9961,9963,9980,9547,original,,一般,
2017-04-06,TX,201704,9930,9941,9880,9897,-65,-0.65%,111709,9895.0,96228,9895,9897,9980,9547,original,,一般,
2017-04-07,TX,201704,9903,9905,9772,9863,-32,-0.32%,202548,9861.0,89649,9860,9863,9980,9547,original,,一般,
2017-04-10,TX,201704,9868,9892,9843,9876,15,0.15%,94012,9875.0,88941,9875,9876,9980,9547,original,,一般,
2017-04-11,TX,201704,9866,9895,9807,9816,-59,-0.60%,156736,9817.0,89324,9816,9818,9980,9547,original,,一般,
2017-04-12,TX,201704,9818,9830,9776,9814,-3,-0.03%,119614,9814.0,87650,9814,9815,9980,9547,original,,一般,
2017-04-13,TX,201704,9802,9869,9792,9846,32,0.33%,147700,9845.0,83057,9846,9847,9980,9547,original,,一般,
2017-04-14,TX,201704,9806,9808,9711,9716,-129,-1.31%,168301,9716,73559,9716,9718,9980,9547,original,,一般,
2017-04-17,TX,201704,9740,9754,9680,9722,6,0.06%,166226,9721,49835,9721,9722,9980,9547,original,,一般,
2017-04-18,TX,201704,9757,9772,9721,9737,16,0.16%,123870,9736,33036,9735,9737,9980,9547,original,,一般,
2017-04-19,TX,201704,9700,9707,9632,9638,-98,-1.01%,104812,0,21929,9638,9639,9980,9547,original,,一般,
2017-04-20,TX,201705,9598,9640,9584,9615,-8,-0.08%,114520,9615,85328,9615,9616,9967,9584,original,,一般,
2017-04-21,TX,201705,9665,9706,9655,9697,82,0.85%,110196,9698,84624,9697,9698,9967,9584,original,,一般,
2017-04-24,TX,201705,9747,9766,9684,9705,7,0.07%,124863,9706,86630,9705,9706,9967,9584,original,,一般,
2017-04-25,TX,201705,9746,9827,9728,9813,107,1.10%,140137,9814,88368,9813,9815,9967,9584,original,,一般,
2017-04-26,TX,201705,9855,9871,9826,9841,27,0.28%,120562,9842,88047,9841,9842,9967,9584,original,,一般,
2017-04-27,TX,201705,9829,9850,9808,9839,-3,-0.03%,94948,9838,88742,9839,9840,9967,9584,original,,一般,
2017-04-28,TX,201705,9847,9884,9834,9857,19,0.19%,107661,9856,88286,9857,9858,9967,9584,original,,一般,
2017-05-02,TX,201705,9899,9950,9897,9932,76,0.77%,104635,9930,92910,9930,9932,9967,9584,original,,一般,
2017-05-03,TX,201705,9946,9966,9934,9936,6,0.06%,77543,9937,94130,9936,9937,9967,9584,original,,一般,
2017-05-04,TX,201705,9951,9965,9918,9959,22,0.22%,87102,9959,94747,9959,9960,9967,9584,original,,一般,
2017-05-05,TX,201705,9946,9951,9879,9889,-70,-0.70%,110276,9886,90977,9887,9889,9967,9584,original,,一般,
2017-05-08,TX,201705,9929,9959,9895,9921,35,0.35%,103607,9921,90175,9920,9921,9967,9584,original,,一般,
2017-05-09,TX,201705,9916,9994,9898,9904,-17,-0.17%,165930,9902,90192,9903,9904,9994,9584,original,,一般,
2017-05-10,TX,201705,9938,9959,9918,9947,45,0.45%,92446,9948,91097,9947,9949,9994,9584,original,,一般,
2017-05-11,TX,201705,9962,9997,9946,9987,39,0.39%,123805,9988,87640,9987,9989,9997,9584,original,,一般,
2017-05-12,TX,201705,9982,9996,9966,9981,-7,-0.07%,86535,9981,78965,9981,9982,9997,9584,original,,一般,
2017-05-15,TX,201705,9990,10031,9975,10028,47,0.47%,118391,10025,56129,10026,10028,10031,9584,original,,一般,
2017-05-16,TX,201705,10040,10054,10000,10022,-3,-0.03%,112096,10021,35623,10021,10022,10054,9584,original,,一般,
2017-05-17,TX,201705,9993,10022,9975,10000,-21,-0.21%,72780,0,20699,9999,10000,10054,9584,original,,一般,
2017-05-18,TX,201706,9903,9958,9878,9951,-28,-0.28%,130546,9951,92959,9950,9952,10043,8659,original,,一般,
2017-05-19,TX,201706,9968,9973,9931,9932,-19,-0.19%,75363,9932,92228,9932,9934,10043,8659,original,,一般,
2017-05-22,TX,201706,9965,9980,9942,9975,43,0.43%,84227,9974,93244,9974,9975,10043,8659,original,,一般,
2017-05-23,TX,201706,9984,10017,9968,9994,20,0.20%,97438,9994,94444,9994,9996,10043,8659,original,,一般,
2017-05-24,TX,201706,10007,10030,9998,10020,26,0.26%,79667,10020,96916,10020,10021,10043,8659,original,,一般,
2017-05-25,TX,201706,10042,10110,10040,10107,87,0.87%,99562,10107,101794,10107,10108,10110,8659,original,,一般,
2017-05-26,TX,201706,10130,10131,10080,10093,-14,-0.14%,103748,10093,97109,10093,10094,10137,8659,original,,一般,
2017-05-31,TX,201706,10085,10105,10023,10031,-62,-0.61%,111055,10029,94919,10029,10031,10137,8659,original,,一般,
2017-06-01,TX,201706,10030,10075,10023,10069,40,0.40%,86130,10070,93799,10068,10069,10137,8659,original,,一般,
2017-06-02,TX,201706,10113,10137,10105,10135,65,0.65%,93461,10134,92627,10134,10135,10137,8659,original,,一般,
2017-06-03,TX,201706,10147,10160,10137,10157,23,0.23%,23927,10156,92343,10156,10157,10160,8659,original,,一般,
2017-06-05,TX,201706,10148,10207,10115,10200,44,0.43%,109207,10202,93579,10200,10202,10207,8659,original,,一般,
2017-06-06,TX,201706,10196,10206,10184,10185,-17,-0.17%,63197,10185,92296,10185,10187,10210,8659,original,,一般,
2017-06-07,TX,201706,10180,10229,10165,10192,7,0.07%,113720,10191,92628,10191,10193,10229,8659,original,,一般,
2017-06-08,TX,201706,10204,10218,10184,10211,20,0.20%,72661,10212,93937,10211,10212,10229,8659,original,,一般,
2017-06-09,TX,201706,10230,10252,10186,10192,-20,-0.20%,101940,10191,91900,10191,10192,10252,8659,original,,一般,
2017-06-12,TX,201706,10129,10159,10110,10120,-71,-0.70%,110070,10118,93059,10118,10120,10252,8659,original,,一般,
2017-06-13,TX,201706,10123,10143,10106,10137,19,0.19%,91633,10136,91154,10136,10137,10252,8659,original,,一般,
2017-06-14,TX,201706,10161,10165,10021,10065,-71,-0.70%,169231,10062,85236,10063,10065,10252,8659,original,,一般,
2017-06-15,TX,201706,10051,10075,10018,10073,11,0.11%,114510,10072,81748,10071,10073,10252,8659,original,,一般,
2017-06-16,TX,201706,10078,10159,10061,10146,74,0.73%,133595,10146,73970,10146,10148,10252,8659,original,,一般,
2017-06-19,TX,201706,10164,10251,10160,10239,93,0.92%,126148,10240,54626,10239,10240,10252,8659,original,,一般,
2017-06-20,TX,201706,10276,10353,10268,10322,82,0.80%,134420,10322,38489,10323,10324,10353,8659,original,,一般,
2017-06-21,TX,201706,10273,10371,10267,10369,47,0.46%,97063,0,23685,10368,10370,10371,8659,original,,一般,
2017-06-22,TX,201707,10198,10234,10174,10231,55,0.54%,117671,10231,85841,10231,10234,10234,9684,original,,一般,
2017-06-23,TX,201707,10221,10245,10193,10215,-16,-0.16%,101667,10215,86643,10214,10215,10245,9684,original,,一般,
2017-06-26,TX,201707,10207,10395,10202,10381,166,1.63%,188289,10381,91011,10381,10383,10395,9684,original,,一般,
2017-06-27,TX,201707,10390,10412,10353,10368,-13,-0.13%,115847,10368,91255,10367,10369,10423,9684,original,,一般,
2017-06-28,TX,201707,10303,10342,10247,10261,-107,-1.03%,160947,10261,89423,10261,10262,10423,9684,original,,一般,
2017-06-29,TX,201707,10325,10356,10260,10297,36,0.35%,130102,10295,90363,10296,10297,10423,9684,original,,一般,
2017-06-30,TX,201707,10220,10263,10196,10252,-43,-0.42%,124850,10252,90419,10252,10253,10423,9684,original,,一般,
2017-07-03,TX,201707,10260,10289,10231,10289,37,0.36%,106319,10288,90073,10288,10289,10423,9684,original,,一般,
2017-07-04,TX,201707,10303,10306,10210,10217,-71,-0.69%,140257,10215,92170,10215,10216,10423,9684,original,,一般,
2017-07-05,TX,201707,10215,10304,10171,10301,86,0.84%,166870,10299,91211,10299,10301,10423,9684,original,,一般,
2017-07-06,TX,201707,10323,10329,10237,10267,-32,-0.31%,130726,10267,88684,10266,10268,10423,9684,original,,一般,
2017-07-07,TX,201707,10225,10246,10195,10203,-64,-0.62%,120431,10202,89129,10202,10203,10423,9684,original,,一般,
2017-07-10,TX,201707,10226,10242,10180,10210,8,0.08%,111481,10209,88866,10210,10212,10423,9684,original,,一般,
2017-07-11,TX,201707,10232,10356,10228,10342,133,1.30%,141931,10342,92716,10342,10343,10423,9684,original,,一般,
2017-07-12,TX,201707,10346,10383,10330,10339,-3,-0.03%,114330,10339,89367,10339,10341,10423,9684,original,,一般,
2017-07-13,TX,201707,10393,10442,10371,10420,81,0.78%,143543,10419,83013,10419,10420,10442,9684,original,,一般,
2017-07-14,TX,201707,10420,10424,10391,10403,-16,-0.15%,79383,10403,76297,10402,10403,10442,9684,original,,一般,
2017-07-17,TX,201707,10458,10480,10414,10436,33,0.32%,137588,10435,58023,10436,10437,10480,9684,original,,一般,
2017-07-18,TX,201707,10427,10466,10407,10462,27,0.26%,98247,10462,40992,10462,10464,10480,9684,original,,一般,
2017-07-19,TX,201707,10479,10541,10471,10500,38,0.36%,91415,0,23819,10500,10501,10541,9684,original,,一般,
2017-07-20,TX,201708,10411,10420,10370,10390,6,0.06%,93671,10391,72606,10390,10393,10425,10066,original,,一般,
2017-07-21,TX,201708,10378,10383,10324,10329,-62,-0.60%,97427,10328,74206,10327,10328,10425,10066,original,,一般,
2017-07-24,TX,201708,10300,10364,10285,10362,34,0.33%,97402,10360,75685,10360,10362,10425,10066,original,,一般,
2017-07-25,TX,201708,10373,10387,10338,10363,3,0.03%,90979,10362,75398,10362,10363,10425,10066,original,,一般,
2017-07-26,TX,201708,10386,10421,10320,10329,-33,-0.32%,140086,10330,76527,10329,10331,10425,10066,original,,一般,
2017-07-27,TX,201708,10365,10462,10362,10448,118,1.14%,131417,10447,79805,10448,10449,10462,10066,original,,一般,
2017-07-28,TX,201708,10395,10403,10324,10340,-107,-1.02%,128958,10339,78747,10338,10340,10466,10066,original,,一般,
2017-07-31,TX,201708,10333,10363,10289,10355,16,0.15%,108339,10355,77036,10355,10356,10466,10066,original,,一般,
2017-08-01,TX,201708,10368,10424,10361,10367,12,0.12%,124991,10367,75334,10367,10369,10466,10066,original,,一般,
2017-08-02,TX,201708,10420,10471,10415,10453,86,0.83%,119144,10453,77698,10453,10454,10471,10066,original,,一般,
2017-08-03,TX,201708,10420,10430,9408,10406,-47,-0.45%,135087,10407,77443,10406,10407,10471,9408,original,,一般,
2017-08-04,TX,201708,10401,10456,10401,10439,32,0.31%,82751,10439,79406,10439,10441,10471,9408,original,,一般,
2017-08-07,TX,201708,10476,10539,10475,10529,90,0.86%,91398,10530,81503,10529,10533,10539,9408,original,,一般,
2017-08-08,TX,201708,10558,10567,10485,10526,-4,-0.04%,116754,10525,80801,10525,10526,10567,9408,original,,一般,
2017-08-09,TX,201708,10466,10497,10436,10453,-72,-0.68%,139249,10455,79580,10453,10455,10567,9408,original,,一般,
2017-08-10,TX,201708,10477,10484,10308,10328,-127,-1.21%,189091,10330,77802,10328,10330,10567,9408,original,,一般,
2017-08-11,TX,201708,10228,10326,10225,10300,-30,-0.29%,145659,10301,72306,10300,10303,10567,9408,original,,一般,
2017-08-14,TX,201708,10344,10357,10223,10231,-70,-0.68%,171611,10229,47006,10230,10231,10567,9408,original,,一般,
2017-08-15,TX,201708,10310,10331,10261,10309,80,0.78%,142199,10308,26705,10309,10310,10567,9408,original,,一般,
2017-08-16,TX,201708,10277,10319,10235,10254,-54,-0.52%,108128,0,18234,10254,10255,10567,9408,original,,一般,
2017-08-17,TX,201709,10258,10324,10245,10298,75,0.73%,124653,10296,85254,10297,10299,10528,8430,original,,一般,
2017-08-18,TX,201709,10230,10265,10200,10259,-37,-0.36%,142737,10257,84778,10258,10260,10528,8430,original,,一般,
2017-08-21,TX,201709,10259,10280,10217,10269,12,0.12%,108968,10269,85109,10269,10271,10528,8430,original,,一般,
2017-08-22,TX,201709,10316,10369,10305,10350,81,0.79%,111527,10349,88493,10350,10351,10528,8430,original,,一般,
2017-08-23,TX,201709,10401,10414,10341,10361,12,0.12%,133332,10359,85789,10360,10361,10528,8430,original,,一般,
2017-08-24,TX,201709,10372,10460,10365,10449,90,0.87%,117763,10447,92460,10448,10449,10528,8430,original,,一般,
2017-08-25,TX,201709,10471,10490,10431,10487,40,0.38%,106737,10487,91345,10487,10488,10528,8430,original,,一般,
2017-08-28,TX,201709,10466,10515,10457,10490,3,0.03%,104313,10489,93566,10489,10491,10528,8430,original,,一般,
2017-08-29,TX,201709,10451,10478,10421,10463,-26,-0.25%,124977,10464,90780,10463,10464,10528,8430,original,,一般,
2017-08-30,TX,201709,10508,10552,10493,10531,67,0.64%,133868,10530,95600,10531,10532,10552,8430,original,,一般,
2017-08-31,TX,201709,10560,10581,10532,10551,21,0.20%,118821,10550,96715,10550,10551,10581,8430,original,,一般,
2017-09-01,TX,201709,10571,10598,10540,10576,26,0.25%,100581,10574,98877,10575,10576,10598,8430,original,,一般,
2017-09-04,TX,201709,10550,10579,10533,10552,-22,-0.21%,93022,10552,98606,10552,10554,10598,8430,original,,一般,
2017-09-05,TX,201709,10575,10590,10528,10582,30,0.28%,111648,10582,98415,10582,10583,10598,8430,original,,一般,
2017-09-06,TX,201709,10540,10570,10483,10519,-63,-0.60%,151864,10520,97778,10519,10520,10598,8430,original,,一般,
2017-09-07,TX,201709,10551,10568,10477,10490,-30,-0.29%,135940,10491,100621,10488,10491,10598,8430,original,,一般,
2017-09-08,TX,201709,10501,10571,10495,10556,65,0.62%,135862,10551,104284,10556,10558,10598,8430,original,,一般,
2017-09-11,TX,201709,10628,10635,10535,10565,14,0.13%,149476,10563,101142,10564,10565,10635,8430,original,,一般,
2017-09-12,TX,201709,10604,10614,10564,10590,27,0.26%,108726,10589,99586,10589,10590,10635,8430,original,,一般,
2017-09-13,TX,201709,10595,10603,10510,10521,-68,-0.64%,137962,10521,100955,10520,10521,10635,8430,original,,一般,
2017-09-14,TX,201709,10520,10545,10486,10529,8,0.08%,112018,10529,95859,10529,10530,10635,8430,original,,一般,
2017-09-15,TX,201709,10528,10570,10491,10566,37,0.35%,139760,10566,84574,10566,10567,10635,8430,original,,一般,
2017-09-18,TX,201709,10605,10649,10582,10636,70,0.66%,136401,10635,63313,10635,10638,10649,8430,original,,一般,
2017-09-19,TX,201709,10647,10658,10568,10580,-55,-0.52%,146041,10579,43437,10579,10580,10658,8430,original,,一般,
2017-09-20,TX,201709,10572,10585,10490,10510,-69,-0.65%,112339,0,30059,10509,10510,10658,8430,original,,一般,
2017-09-21,TX,201710,10505,10583,10473,10575,63,0.60%,135327,10573,98124,10574,10575,10635,10186,original,,一般,
2017-09-22,TX,201710,10554,10568,10427,10433,-140,-1.32%,168874,10432,99875,10432,10433,10635,10186,original,,一般,
2017-09-25,TX,201710,10426,10453,10315,10333,-99,-0.95%,167936,10332,100972,10332,10333,10635,10186,original,,一般,
2017-09-26,TX,201710,10299,10369,10261,10264,-68,-0.66%,167202,10263,101264,10261,10264,10635,10186,original,,一般,
2017-09-27,TX,201710,10300,10340,10290,10319,56,0.55%,130608,10323,96850,10319,10320,10635,10186,original,,一般,
2017-09-28,TX,201710,10349,10350,10266,10299,-24,-0.23%,161794,10305,97073,10298,10299,10635,10186,original,,一般,
2017-09-29,TX,201710,10299,10328,10263,10321,16,0.16%,128676,10318,96395,10319,10321,10635,10186,original,,一般,
2017-09-30,TX,201710,10360,10394,10354,10380,62,0.60%,45435,10379,94480,10379,10380,10635,10186,original,,一般,
2017-10-02,TX,201710,10392,10458,10386,10449,70,0.67%,110414,10450,94256,10449,10451,10635,10186,original,,一般,
2017-10-03,TX,201710,10470,10475,10427,10462,12,0.11%,110520,10463,91938,10462,10463,10635,10186,original,,一般,
2017-10-05,TX,201710,10460,10519,10438,10505,42,0.40%,110479,10505,94747,10505,10506,10635,10186,original,,一般,
2017-10-06,TX,201710,10537,10542,10496,10524,19,0.18%,92459,10523,91086,10524,10525,10635,10186,original,,一般,
2017-10-11,TX,201710,10556,10648,10555,10633,110,1.05%,167230,10632,93319,10632,10634,10648,10186,original,,一般,
2017-10-12,TX,201710,10657,10705,10640,10697,65,0.61%,103406,10697,89931,10697,10698,10705,10186,original,,一般,
2017-10-13,TX,201710,10688,10713,10670,10711,14,0.13%,80576,10710,84135,10711,10712,10713,10186,original,,一般,
2017-10-16,TX,201710,10745,10763,10710,10757,47,0.44%,125324,10756,65770,10756,10757,10763,10186,original,,一般,
2017-10-17,TX,201710,10776,10781,10720,10724,-32,-0.30%,119600,10722,42480,10722,10724,10781,10186,original,,一般,
2017-10-18,TX,201710,10745,10783,10686,10727,5,0.05%,95719,0,30106,10727,10728,10783,10186,original,,一般,
2017-10-19,TX,201711,10748,10800,10733,10761,37,0.35%,119912,10761,93481,10761,10762,10800,10241,original,,一般,
2017-10-20,TX,201711,10736,10764,10700,10732,-29,-0.27%,115444,10729,93792,10730,10732,10800,10241,original,,一般,
2017-10-23,TX,201711,10764,10786,10720,10736,7,0.07%,115411,10736,93114,10736,10737,10800,10241,original,,一般,
2017-10-24,TX,201711,10725,10758,10709,10744,8,0.07%,90267,10744,94747,10744,10745,10800,10241,original,,一般,
2017-10-25,TX,201711,10769,10782,10728,10739,-5,-0.05%,118851,10738,93412,10739,10740,10800,10241,original,,一般,
2017-10-26,TX,201711,10715,10750,10693,10728,-10,-0.09%,100701,10726,94827,10726,10728,10800,10241,original,,一般,
2017-10-27,TX,201711,10748,10792,10684,10710,-16,-0.15%,146685,10710,94745,10710,10711,10800,10241,original,,一般,
2017-10-30,TX,201711,10763,10820,10724,10748,38,0.35%,157841,10745,94727,10746,10748,10820,10241,original,,一般,
2017-10-31,TX,201711,10754,10800,10730,10783,38,0.35%,119823,10782,98022,10783,10785,10820,10241,original,,一般,
2017-11-01,TX,201711,10820,10826,10775,10809,27,0.25%,119466,10808,96093,10809,10810,10826,10241,original,,一般,
2017-11-02,TX,201711,10770,10806,10758,10781,-27,-0.25%,104964,10781,97235,10780,10782,10832,10241,original,,一般,
2017-11-03,TX,201711,10806,10810,10747,10788,7,0.06%,108240,10787,96025,10787,10788,10832,10241,original,,一般,
2017-11-06,TX,201711,10793,10828,10745,10771,-16,-0.15%,132222,10771,97958,10770,10771,10832,10241,original,,一般,
2017-11-07,TX,201711,10789,10825,10778,10825,54,0.50%,101729,10823,97587,10824,10825,10832,10241,original,,一般,
2017-11-08,TX,201711,10810,10824,10796,10804,-19,-0.18%,78467,10805,95304,10804,10805,10832,10241,original,,一般,
2017-11-09,TX,201711,10812,10823,10706,10723,-82,-0.76%,160617,10722,93157,10721,10723,10832,10241,original,,一般,
2017-11-10,TX,201711,10687,10737,10662,10728,6,0.06%,117845,10728,85564,10728,10729,10832,10241,original,,一般,
2017-11-13,TX,201711,10710,10726,10688,10693,-35,-0.33%,122834,10691,63138,10692,10694,10832,10241,original,,一般,
2017-11-14,TX,201711,10695,10715,10638,10684,-7,-0.07%,147006,10684,39802,10683,10685,10832,10241,original,,一般,
2017-11-15,TX,201711,10645,10658,10602,10638,-46,-0.43%,103668,0,19631,10637,10638,10832,10241,original,,一般,
2017-11-16,TX,201712,10587,10634,10579,10617,15,0.14%,94296,10617,96086,10617,10618,10818,8856,original,,一般,
2017-11-17,TX,201712,10690,10710,10672,10707,90,0.85%,121593,10703,95110,10705,10707,10818,8856,original,,一般,
2017-11-20,TX,201712,10714,10719,10654,10667,-36,-0.34%,99690,10666,95960,10665,10667,10818,8856,original,,一般,
2017-11-21,TX,201712,10695,10788,10682,10788,122,1.14%,132592,10785,100169,10786,10788,10818,8856,original,,一般,
2017-11-22,TX,201712,10825,10877,10807,10827,42,0.39%,146144,10826,101696,10827,10828,10877,8856,original,,一般,
2017-11-23,TX,201712,10826,10857,10810,10856,30,0.28%,79595,10854,102354,10854,10856,10877,8856,original,,一般,
2017-11-24,TX,201712,10841,10856,10829,10856,2,0.02%,62301,10854,102527,10855,10856,10877,8856,original,,一般,
2017-11-27,TX,201712,10841,10848,10737,10750,-104,-0.96%,133131,10749,98939,10749,10751,10877,8856,original,,一般,
2017-11-28,TX,201712,10735,10753,10695,10708,-41,-0.38%,126732,10708,99065,10708,10709,10877,8856,original,,一般,
2017-11-29,TX,201712,10747,10763,10708,10729,21,0.20%,109461,10728,98783,10728,10729,10877,8856,original,,一般,
2017-11-30,TX,201712,10650,10658,10569,10574,-154,-1.44%,165880,10576,102861,10574,10576,10877,8856,original,,一般,
2017-12-01,TX,201712,10607,10664,10495,10604,28,0.26%,199655,10603,98857,10603,10604,10877,8856,original,,一般,
2017-12-04,TX,201712,10604,10651,10564,10649,46,0.43%,140764,10649,97818,10649,10651,10877,8856,original,,一般,
2017-12-05,TX,201712,10595,10627,10546,10573,-76,-0.71%,158257,10571,99367,10572,10573,10877,8856,original,,一般,
2017-12-06,TX,201712,10540,10557,10375,10386,-185,-1.75%,202074,10384,103079,10385,10386,10877,8856,original,,一般,
2017-12-07,TX,201712,10388,10427,10331,10360,-24,-0.23%,167939,10365,101224,10360,10361,10877,8856,original,,一般,
2017-12-08,TX,201712,10388,10413,10336,10397,32,0.31%,143627,10396,99803,10395,10397,10877,8856,original,,一般,
2017-12-11,TX,201712,10416,10497,10415,10479,83,0.80%,120409,10478,95678,10477,10479,10877,8856,original,,一般,
2017-12-12,TX,201712,10496,10498,10386,10432,-46,-0.44%,133771,10431,95063,10432,10434,10877,8856,original,,一般,
2017-12-13,TX,201712,10433,10475,10421,10449,18,0.17%,116735,10450,93743,10449,10450,10877,8856,original,,一般,
2017-12-14,TX,201712,10508,10582,10498,10528,78,0.75%,137554,10527,90114,10526,10528,10877,8856,original,,一般,
2017-12-15,TX,201712,10510,10515,10421,10485,-42,-0.40%,165569,10485,83493,10484,10485,10877,8856,original,,一般,
2017-12-18,TX,201712,10527,10531,10456,10502,17,0.16%,137457,10501,62709,10500,10502,10877,8856,original,,一般,
2017-12-19,TX,201712,10522,10530,10443,10459,-42,-0.40%,152949,10457,43247,10457,10459,10877,8856,original,,一般,
2017-12-20,TX,201712,10457,10509,10457,10497,40,0.38%,88577,0,30811,10497,10498,10877,8856,original,,一般,
2017-12-21,TX,201801,10492,10539,10475,10497,-11,-0.10%,120042,10495,87835,10496,10497,10862,10308,original,,一般,
2017-12-22,TX,201801,10498,10535,10473,10535,40,0.38%,83929,10533,87459,10534,10535,10862,10308,original,,一般,
2017-12-25,TX,201801,10549,10564,10520,10526,-7,-0.07%,73249,10525,88085,10526,10527,10862,10308,original,,一般,
2017-12-26,TX,201801,10540,10541,10406,10416,-109,-1.04%,148599,10417,91544,10416,10417,10862,10308,original,,一般,
2017-12-27,TX,201801,10398,10485,10393,10476,59,0.57%,115742,10474,93768,10475,10477,10862,10308,original,,一般,
2017-12-28,TX,201801,10495,10593,10494,10562,88,0.84%,143604,10561,94872,10561,10562,10862,10308,original,,一般,
2017-12-29,TX,201801,10593,10644,10576,10636,75,0.71%,122636,10633,96246,10635,10637,10862,10308,original,,一般,
2018-01-02,TX,201801  ,10629,10710,10621,10709,76,0.71%,108602.0,10708,103067,10709,10710,10862,10308,original,,一般,
2018-01-03,TX,201801  ,10748,10797,10729,10789,81,0.76%,120998.0,10788,102723,10789,10790,10862,10308,original,,一般,
2018-01-04,TX,201801  ,10831,10840,10770,10837,49,0.45%,119190.0,10837,100306,10836,10838,10862,10308,original,,一般,
2018-01-05,TX,201801  ,10838,10867,10801,10857,20,0.18%,110637.0,10858,98934,10857,10858,10867,10308,original,,一般,
2018-01-08,TX,201801  ,10886,10900,10843,10886,28,0.26%,106537.0,10884,100507,10885,10886,10900,10308,original,,一般,
2018-01-09,TX,201801  ,10889,10909,10850,10881,-3,-0.03%,97025.0,10879,101379,10880,10881,10909,10308,original,,一般,
2018-01-10,TX,201801  ,10885,10904,10806,10809,-70,-0.64%,132570.0,10810,98375,10808,10810,10909,10308,original,,一般,
2018-01-11,TX,201801  ,10808,10834,10765,10801,-9,-0.08%,135869.0,10799,93929,10800,10801,10909,10308,original,,一般,
2018-01-12,TX,201801  ,10824,10898,10818,10876,77,0.71%,124266.0,10876,86858,10876,10878,10909,10308,original,,一般,
2018-01-15,TX,201801  ,10930,10958,10902,10955,79,0.73%,134712.0,10956,57186,10956,10957,10958,10308,original,,一般,
2018-01-16,TX,201801  ,10939,10986,10918,10983,27,0.25%,118376.0,10983,37343,10983,10984,10986,10308,original,,一般,
2018-01-17,TX,201801  ,10955,11024,10940,11020,37,0.34%,85210.0,0,22079,11020,11021,11024,10308,original,,一般,
2018-01-18,TX,201802  ,11063,11137,11036,11054,65,0.59%,179169.0,11058,91346,11054,11055,11137,10375,original,,一般,
2018-01-19,TX,201802  ,11096,11142,11080,11139,81,0.73%,106496.0,11138,96617,11138,11139,11142,10375,original,,一般,
2018-01-22,TX,201802  ,11136,11225,11113,11222,84,0.75%,139799.0,11222,97635,11221,11222,11225,10375,original,,一般,
2018-01-23,TX,201802  ,11241,11253,11181,11225,3,0.03%,152547.0,11225,99184,11225,11226,11253,10375,original,,一般,
2018-01-24,TX,201802  ,11199,11203,11090,11126,-99,-0.88%,171874.0,11125,96256,11125,11126,11253,10375,original,,一般,
2018-01-25,TX,201802  ,11117,11271,11116,11154,29,0.26%,207680.0,11149,99384,11152,11154,11271,10375,original,,一般,
2018-01-26,TX,201802  ,11170,11186,11079,11146,-3,-0.03%,172894.0,11144,97665,11146,11147,11271,10375,original,,一般,
2018-01-29,TX,201802  ,11215,11238,11155,11196,52,0.47%,139210.0,11197,97898,11196,11197,11271,10375,original,,一般,
2018-01-30,TX,201802  ,11164,11190,11064,11064,-133,-1.19%,176699.0,11065,98112,11064,11065,11271,10375,original,,一般,
2018-01-31,TX,201802  ,11050,11144,11017,11098,33,0.30%,190849.0,11098,99558,11097,11098,11271,10375,original,,一般,
2018-02-01,TX,201802  ,11127,11199,11112,11160,62,0.56%,141148.0,11160,101944,11160,11162,11271,10375,original,,一般,
2018-02-02,TX,201802  ,11111,11132,11041,11116,-44,-0.39%,176534.0,11114,99831,11114,11116,11271,10375,original,,一般,
2018-02-05,TX,201802  ,10888,10952,10848,10928,-186,-1.67%,185574.0,10927,95221,10927,10928,11271,10375,original,,一般,
2018-02-06,TX,201802  ,10643,10663,10242,10399,-528,-4.83%,409245.0,10396,91490,10396,10399,11271,10242,original,,一般,
2018-02-07,TX,201802  ,10600,10669,10510,10517,121,1.16%,236946.0,10518,84129,10515,10517,11271,10242,original,,一般,
2018-02-08,TX,201802  ,10526,10595,10492,10518,0,0.00%,182147.0,10518,77306,10518,10519,11271,10242,original,,一般,
2018-02-09,TX,201802  ,10203,10368,10121,10353,-165,-1.57%,257335.0,10353,58219,10350,10353,11271,10121,original,,一般,
2018-02-12,TX,201802  ,10420,10438,10377,10410,57,0.55%,151528.0,10413,35441,10410,10411,11271,10121,original,,一般,
2018-02-21,TX,201802  ,10630,10718,10591,10705,292,2.80%,94033.0,0,20647,10705,10706,11271,10121,original,,一般,
2018-02-22,TX,201803  ,10646,10655,10593,10626,-60,-0.56%,124336.0,10624,85046,10625,10626,11255,9146,original,,一般,
2018-02-23,TX,201803  ,10680,10789,10676,10781,157,1.48%,131504.0,10782,91065,10781,10783,11255,9146,original,,一般,
2018-02-26,TX,201803  ,10867,10868,10801,10822,40,0.37%,101181.0,10820,89543,10821,10822,11255,9146,original,,一般,
2018-02-27,TX,201803  ,10890,10914,10784,10791,-29,-0.27%,119787.0,10789,88068,10789,10791,11255,9146,original,,一般,
2018-03-01,TX,201803  ,10604,10778,10600,10735,-54,-0.50%,150471.0,10734,89157,10735,10737,11255,9146,original,,一般,
2018-03-02,TX,201803  ,10614,10696,10579,10681,-53,-0.49%,167243.0,10678,88320,10680,10681,11255,9146,original,,一般,
2018-03-05,TX,201803  ,10695,10741,10598,10635,-43,-0.40%,172804.0,10632,90715,10634,10635,11255,9146,original,,一般,
2018-03-06,TX,201803  ,10730,10789,10712,10787,155,1.46%,142401.0,10786,92042,10786,10787,11255,9146,original,,一般,
2018-03-07,TX,201803  ,10712,10817,10700,10712,-74,-0.69%,158990.0,10708,91197,10710,10712,11255,9146,original,,一般,
2018-03-08,TX,201803  ,10778,10847,10767,10829,121,1.13%,119702.0,10827,93815,10829,10830,11255,9146,original,,一般,
2018-03-09,TX,201803  ,10906,10910,10827,10865,38,0.35%,128355.0,10862,91585,10863,10865,11255,9146,original,,一般,
2018-03-12,TX,201803  ,10965,11025,10948,11024,162,1.49%,122637.0,11022,95637,11023,11024,11255,9146,original,,一般,
2018-03-13,TX,201803  ,11028,11103,11013,11100,78,0.71%,108806.0,11099,95491,11099,11100,11255,9146,original,,一般,
2018-03-14,TX,201803  ,11048,11066,11003,11031,-68,-0.61%,127357.0,11030,89894,11030,11031,11255,9146,original,,一般,
2018-03-15,TX,201803  ,10994,11068,10985,11041,11,0.10%,111968.0,11041,90945,11041,11043,11255,9146,original,,一般,
2018-03-16,TX,201803  ,11038,11043,10923,11018,-23,-0.21%,189713.0,11016,79278,11017,11019,11255,9146,original,,一般,
2018-03-19,TX,201803  ,10975,11054,10959,11028,12,0.11%,151802.0,11026,56806,11027,11028,11255,9146,original,,一般,
2018-03-20,TX,201803  ,10973,11025,10957,11012,-14,-0.13%,123903.0,11011,37167,11011,11012,11255,9146,original,,一般,
2018-03-21,TX,201803  ,11030,11073,11011,11044,33,0.30%,80714.0,0,16791,11044,11045,11255,9146,original,,一般,
2018-03-22,TX,201804  ,11036,11122,10961,10989,-14,-0.13%,192263.0,10990,85132,10989,10990,11122,10560,original,,一般,
2018-03-23,TX,201804  ,10730,10816,10718,10734,-256,-2.33%,178593.0,10733,89891,10732,10734,11122,10560,original,,一般,
2018-03-26,TX,201804  ,10693,10847,10682,10840,107,1.00%,147862.0,10840,91316,10840,10842,11122,10560,original,,一般,
2018-03-27,TX,201804  ,10948,10991,10906,10989,149,1.37%,131507.0,10989,90175,10989,10991,11122,10560,original,,一般,
2018-03-28,TX,201804  ,10879,10910,10809,10820,-169,-1.54%,155315.0,10819,91699,10819,10820,11122,10560,original,,一般,
2018-03-29,TX,201804  ,10830,10859,10773,10840,21,0.19%,149221.0,10840,89778,10839,10841,11122,10560,original,,一般,
2018-03-30,TX,201804  ,10921,10974,10904,10919,79,0.73%,111968.0,10918,89659,10918,10919,11122,10560,original,,一般,
2018-03-31,TX,201804  ,10947,10949,10912,10926,8,0.07%,24169.0,10924,89180,10925,10926,11122,10560,original,,一般,
2018-04-02,TX,201804  ,10920,10958,10843,10865,-59,-0.54%,137934.0,10863,90430,10864,10865,11122,10560,original,,一般,
2018-04-03,TX,201804  ,10774,10807,10738,10784,-79,-0.73%,133955.0,10783,88863,10783,10785,11122,10560,original,,一般,
2018-04-09,TX,201804  ,10838,10911,10813,10904,121,1.12%,155952.0,10903,89123,10903,10904,11122,10560,original,,一般,
2018-04-10,TX,201804  ,10874,10993,10852,10949,46,0.42%,172575.0,10948,90358,10948,10949,11122,10560,original,,一般,
2018-04-11,TX,201804  ,10959,11007,10948,10979,31,0.28%,119383.0,10977,87795,10978,10979,11122,10560,original,,一般,
2018-04-12,TX,201804  ,10993,11024,10905,10943,-34,-0.31%,145737.0,10942,81651,10941,10943,11122,10560,original,,一般,
2018-04-13,TX,201804  ,10966,10988,10920,10955,13,0.12%,118585.0,10957,74423,10955,10957,11122,10560,original,,一般,
2018-04-16,TX,201804  ,10975,10976,10908,10943,-14,-0.13%,145646.0,10942,48235,10942,10943,11122,10560,original,,一般,
2018-04-17,TX,201804  ,10958,10963,10802,10806,-136,-1.24%,156247.0,10807,28910,10806,10807,11122,10560,original,,一般,
2018-04-18,TX,201804  ,10849,10909,10789,10845,38,0.35%,106426.0,0,14268,10845,10846,11122,10560,original,,一般,
2018-04-19,TX,201805  ,10856,10975,10852,10969,124,1.14%,147058.0,10967,93717,10967,10969,11096,10596,original,,一般,
2018-04-20,TX,201805  ,10869,10870,10776,10788,-179,-1.63%,168412.0,10786,88092,10787,10788,11096,10596,original,,一般,
2018-04-23,TX,201805  ,10731,10767,10687,10694,-92,-0.85%,143144.0,10691,89947,10693,10694,11096,10596,original,,一般,
2018-04-24,TX,201805  ,10692,10694,10547,10583,-108,-1.01%,185925.0,10585,90130,10583,10585,11096,10547,original,,一般,
2018-04-25,TX,201805  ,10487,10558,10468,10535,-50,-0.47%,167276.0,10535,86614,10533,10535,11096,10411,original,,一般,
2018-04-26,TX,201805  ,10601,10621,10470,10476,-59,-0.56%,173837.0,10475,86018,10474,10476,11096,10411,original,,一般,
2018-04-27,TX,201805  ,10561,10565,10483,10561,86,0.82%,138888.0,10560,83426,10560,10561,11096,10411,original,,一般,
2018-04-30,TX,201805  ,10593,10655,10537,10655,95,0.90%,132890.0,10653,82762,10654,10655,11096,10411,original,,一般,
2018-05-02,TX,201805  ,10631,10670,10597,10609,-44,-0.41%,119121.0,10609,82739,10608,10610,11096,10411,original,,一般,
2018-05-03,TX,201805  ,10560,10575,10488,10506,-103,-0.97%,145487.0,10506,83962,10505,10506,11096,10411,original,,一般,
2018-05-04,TX,201805  ,10506,10544,10468,10523,17,0.16%,146168.0,10522,81143,10522,10523,11096,10407,original,,一般,
2018-05-07,TX,201805  ,10599,10615,10529,10595,73,0.69%,139344.0,10594,81623,10594,10595,11096,10407,original,,一般,
2018-05-08,TX,201805  ,10597,10672,10580,10669,75,0.71%,120547.0,10667,84201,10668,10669,11096,10407,original,,一般,
2018-05-09,TX,201805  ,10685,10731,10666,10704,37,0.35%,138372.0,10703,82718,10703,10705,11096,10407,original,,一般,
2018-05-10,TX,201805  ,10732,10771,10723,10763,60,0.56%,117424.0,10763,80221,10763,10764,11096,10407,original,,一般,
2018-05-11,TX,201805  ,10819,10865,10806,10861,98,0.91%,127629.0,10860,75747,10861,10862,11096,10407,original,,一般,
2018-05-14,TX,201805  ,10926,10968,10891,10958,98,0.90%,132634.0,10956,54800,10956,10957,11096,10407,original,,一般,
2018-05-15,TX,201805  ,10946,10961,10857,10869,-87,-0.79%,137727.0,10866,31189,10867,10869,11096,10407,original,,一般,
2018-05-16,TX,201805  ,10845,10907,10839,10872,6,0.06%,89647.0,0,16986,10872,10873,11096,10407,original,,一般,
2018-05-17,TX,201806  ,10920,10928,10823,10826,-56,-0.51%,126166.0,10824,83820,10825,10826,11199,9456,original,,一般,
2018-05-18,TX,201806  ,10834,10873,10805,10820,-4,-0.04%,109398.0,10819,84487,10820,10821,11199,9456,original,,一般,
2018-05-21,TX,201806  ,10865,10966,10863,10965,146,1.35%,101176.0,10963,87831,10964,10966,11199,9456,original,,一般,
2018-05-22,TX,201806  ,10969,10999,10913,10922,-41,-0.37%,114865.0,10920,86153,10920,10921,11199,9456,original,,一般,
2018-05-23,TX,201806  ,10933,10998,10855,10858,-62,-0.57%,138032.0,10857,88060,10857,10858,11199,9456,original,,一般,
2018-05-24,TX,201806  ,10879,10923,10851,10917,60,0.55%,113285.0,10917,91123,10917,10918,11199,9456,original,,一般,
2018-05-25,TX,201806  ,10921,10956,10890,10932,15,0.14%,107432.0,10932,91834,10932,10933,11199,9456,original,,一般,
2018-05-28,TX,201806  ,10979,10989,10937,10983,51,0.47%,93268.0,10983,91543,10983,10984,11199,9456,original,,一般,
2018-05-29,TX,201806  ,10979,10982,10896,10928,-55,-0.50%,119010.0,10929,89873,10928,10929,11199,9456,original,,一般,
2018-05-30,TX,201806  ,10833,10848,10761,10775,-154,-1.41%,151570.0,10776,88997,10775,10776,11199,9456,original,,一般,
2018-05-31,TX,201806  ,10836,10870,10821,10867,91,0.84%,124660.0,10865,87385,10866,10867,11199,9456,original,,一般,
2018-06-01,TX,201806  ,10854,10925,10844,10915,50,0.46%,111930.0,10914,89108,10913,10915,11199,9456,original,,一般,
2018-06-04,TX,201806  ,10976,11095,10976,11085,171,1.57%,109687.0,11084,95697,11085,11086,11199,9456,original,,一般,
2018-06-05,TX,201806  ,11101,11118,11035,11069,-15,-0.14%,119504.0,11069,92064,11069,11071,11199,9456,original,,一般,
2018-06-06,TX,201806  ,11095,11210,11088,11200,131,1.18%,134205.0,11198,98231,11198,11200,11210,9456,original,,一般,
2018-06-07,TX,201806  ,11245,11253,11174,11227,29,0.26%,127407.0,11227,94391,11226,11227,11253,9456,original,,一般,
2018-06-08,TX,201806  ,11205,11215,11103,11125,-102,-0.91%,122509.0,11125,93056,11124,11125,11253,9456,original,,一般,
2018-06-11,TX,201806  ,11151,11173,11098,11128,3,0.03%,104423.0,11128,92478,11128,11129,11253,9456,original,,一般,
2018-06-12,TX,201806  ,11148,11152,11054,11141,13,0.12%,159832.0,11141,89847,11141,11142,11253,9456,original,,一般,
2018-06-13,TX,201806  ,11152,11169,11095,11146,5,0.04%,114215.0,11146,88255,11145,11147,11253,9456,original,,一般,
2018-06-14,TX,201806  ,11101,11106,10984,10985,-161,-1.44%,143124.0,10985,81479,10985,10986,11253,9456,original,,一般,
2018-06-15,TX,201806  ,11001,11075,10961,11055,70,0.64%,145449.0,11054,69673,11054,11056,11253,9456,original,,一般,
2018-06-19,TX,201806  ,10943,10958,10871,10874,-180,-1.63%,170249.0,10875,34650,10872,10874,11253,9456,original,,一般,
2018-06-20,TX,201806  ,10904,10951,10850,10936,61,0.56%,109099.0,0,16346,10935,10936,11253,9456,original,,一般,
2018-06-21,TX,201807  ,10725,10745,10688,10706,-33,-0.31%,130352.0,10707,87237,10706,10707,10994,10511,original,,一般,
2018-06-22,TX,201807  ,10630,10685,10581,10655,-52,-0.49%,141860.0,10655,89445,10654,10656,10994,10511,original,,一般,
2018-06-25,TX,201807  ,10624,10660,10583,10584,-71,-0.67%,122274.0,10584,90071,10583,10584,10994,10511,original,,一般,
2018-06-26,TX,201807  ,10550,10596,10484,10592,8,0.08%,167431.0,10592,90402,10591,10593,10994,10484,original,,一般,
2018-06-27,TX,201807  ,10585,10625,10538,10554,-38,-0.36%,134481.0,10556,91912,10555,10556,10994,10484,original,,一般,
2018-06-28,TX,201807  ,10513,10578,10484,10523,-33,-0.31%,150442.0,10523,95673,10523,10524,10994,10484,original,,一般,
2018-06-29,TX,201807  ,10541,10692,10526,10677,154,1.46%,155640.0,10677,95797,10677,10678,10994,10484,original,,一般,
2018-07-02,TX,201807  ,10680,10719,10609,10611,-66,-0.62%,141723.0,10610,91314,10610,10611,10994,10484,original,,一般,
2018-07-03,TX,201807  ,10651,10717,10544,10622,12,0.11%,221125.0,10621,91267,10621,10622,10994,10484,original,,一般,
2018-07-04,TX,201807  ,10598,10639,10584,10618,-3,-0.03%,130994.0,10617,90864,10617,10618,10994,10484,original,,一般,
2018-07-05,TX,201807  ,10625,10633,10488,10500,-117,-1.10%,191745.0,10501,95778,10500,10501,10994,10484,original,,一般,
2018-07-06,TX,201807  ,10535,10556,10414,10539,38,0.36%,218771.0,10538,97156,10539,10541,10994,10414,original,,一般,
2018-07-09,TX,201807  ,10583,10676,10582,10661,123,1.17%,147171.0,10662,96151,10661,10663,10994,10414,original,,一般,
2018-07-10,TX,201807  ,10733,10744,10680,10709,47,0.44%,122142.0,10708,91306,10708,10709,10994,10414,original,,一般,
2018-07-11,TX,201807  ,10608,10656,10574,10617,-91,-0.85%,177783.0,10614,89411,10616,10617,10994,10414,original,,一般,
2018-07-12,TX,201807  ,10640,10750,10609,10740,126,1.19%,147260.0,10738,92520,10738,10740,10994,10414,original,,一般,
2018-07-13,TX,201807  ,10808,10850,10768,10848,110,1.02%,133034.0,10848,86198,10848,10850,10994,10414,original,,一般,
2018-07-16,TX,201807  ,10854,10874,10807,10815,-33,-0.30%,137166.0,10813,57927,10813,10815,10994,10414,original,,一般,
2018-07-17,TX,201807  ,10809,10819,10756,10768,-45,-0.42%,150847.0,10769,36909,10768,10769,10994,10414,original,,一般,
2018-07-18,TX,201807  ,10829,10872,10791,10844,75,0.70%,89274.0,0,23097,10843,10844,10994,10414,original,,一般,
2018-07-19,TX,201808  ,10756,10792,10708,10721,5,0.05%,142334.0,10720,89818,10721,10723,10792,10290,original,,一般,
2018-07-20,TX,201808  ,10774,10847,10765,10824,104,0.97%,191859.0,10824,95182,10824,10825,10847,10290,original,,一般,
2018-07-23,TX,201808  ,10846,10864,10794,10830,6,0.06%,142476.0,10829,94797,10829,10831,10868,10290,original,,一般,
2018-07-24,TX,201808  ,10841,10880,10802,10871,42,0.39%,115304.0,10871,96202,10872,10873,10880,10290,original,,一般,
2018-07-25,TX,201808  ,10860,10892,10851,10865,-6,-0.06%,96247.0,10864,95270,10864,10865,10913,10290,original,,一般,
2018-07-26,TX,201808  ,10909,10926,10873,10915,51,0.47%,117119.0,10914,96290,10914,10915,10926,10290,original,,一般,
2018-07-27,TX,201808  ,10928,10995,10918,10992,78,0.71%,111649.0,10991,103521,10991,10993,10995,10290,original,,一般,
2018-07-30,TX,201808  ,10970,11007,10937,10940,-51,-0.46%,117666.0,10939,100087,10938,10940,11038,10290,original,,一般,
2018-07-31,TX,201808  ,10931,10997,10913,10989,50,0.46%,116649.0,10990,101170,10988,10989,11038,10290,original,,一般,
2018-08-01,TX,201808  ,11034,11057,11010,11047,57,0.52%,96117.0,11044,104439,11045,11047,11057,10290,original,,一般,
2018-08-02,TX,201808  ,11048,11048,10862,10871,-173,-1.57%,168828.0,10872,103335,10870,10872,11059,10290,original,,一般,
2018-08-03,TX,201808  ,10934,10977,10928,10970,98,0.90%,107878.0,10967,102327,10968,10970,11059,10290,original,,一般,
2018-08-06,TX,201808  ,10990,11036,10956,10982,15,0.14%,133767.0,10980,99177,10980,10982,11059,10290,original,,一般,
2018-08-07,TX,201808  ,10986,11003,10951,10968,-12,-0.11%,104241.0,10968,99284,10967,10968,11059,10290,original,,一般,
2018-08-08,TX,201808  ,11000,11070,10997,11049,81,0.74%,115922.0,11047,104370,11049,11050,11070,10290,original,,一般,
2018-08-09,TX,201808  ,11031,11038,10969,11017,-30,-0.27%,118059.0,11017,98102,11016,11017,11070,10290,original,,一般,
2018-08-10,TX,201808  ,10970,11022,10953,10959,-58,-0.53%,121790.0,10961,89125,10959,10961,11070,10290,original,,一般,
2018-08-13,TX,201808  ,10909,10912,10692,10757,-204,-1.86%,228396.0,10756,60731,10755,10757,11070,10290,original,,一般,
2018-08-14,TX,201808  ,10791,10831,10756,10820,64,0.60%,145603.0,10818,31188,10819,10820,11070,10290,original,,一般,
2018-08-15,TX,201808  ,10835,10841,10696,10737,-81,-0.75%,112549.0,0,19495,10737,10738,11070,10290,original,,一般,
2018-08-16,TX,201809  ,10610,10724,10591,10690,11,0.10%,160436.0,10687,93264,10689,10690,11028,9660,original,,一般,
2018-08-17,TX,201809  ,10723,10732,10647,10662,-25,-0.23%,118840.0,10661,96185,10660,10662,11028,9660,original,,一般,
2018-08-20,TX,201809  ,10687,10715,10652,10671,10,0.09%,120121.0,10670,97076,10671,10672,11028,9660,original,,一般,
2018-08-21,TX,201809  ,10698,10774,10682,10767,97,0.91%,126191.0,10766,97563,10766,10767,11028,9660,original,,一般,
2018-08-22,TX,201809  ,10752,10795,10733,10764,-2,-0.02%,124070.0,10763,93548,10763,10764,11028,9660,original,,一般,
2018-08-23,TX,201809  ,10795,10845,10758,10842,79,0.73%,150200.0,10840,94385,10841,10842,11028,9660,original,,一般,
2018-08-24,TX,201809  ,10811,10830,10728,10788,-52,-0.48%,143666.0,10787,92164,10788,10789,11028,9660,original,,一般,
2018-08-27,TX,201809  ,10831,10892,10820,10886,99,0.92%,127704.0,10885,93006,10886,10888,11028,9660,original,,一般,
2018-08-28,TX,201809  ,10945,10980,10935,10954,69,0.63%,115627.0,10954,94498,10955,10956,11028,9660,original,,一般,
2018-08-29,TX,201809  ,10977,11049,10968,11044,90,0.82%,130889.0,11041,101521,11044,11045,11049,9660,original,,一般,
2018-08-30,TX,201809  ,11088,11135,11019,11023,-18,-0.16%,160151.0,11022,102033,11021,11022,11135,9660,original,,一般,
2018-08-31,TX,201809  ,10975,11024,10953,11022,0,0.00%,136261.0,11022,96673,11021,11022,11135,9660,original,,一般,
2018-09-03,TX,201809  ,11013,11045,10919,10935,-87,-0.79%,141943.0,10934,94731,10935,10936,11135,9660,original,,一般,
2018-09-04,TX,201809  ,10963,11004,10935,11002,68,0.62%,131455.0,11002,94136,11002,11003,11135,9660,original,,一般,
2018-09-05,TX,201809  ,10973,11021,10948,10950,-52,-0.47%,151692.0,10949,92614,10949,10950,11135,9660,original,,一般,
2018-09-06,TX,201809  ,10920,10950,10865,10901,-48,-0.44%,165409.0,10900,92668,10900,10901,11135,9660,original,,一般,
2018-09-07,TX,201809  ,10864,10892,10803,10845,-55,-0.50%,178235.0,10845,90748,10843,10845,11135,9660,original,,一般,
2018-09-10,TX,201809  ,10865,10880,10708,10734,-111,-1.02%,198790.0,10734,92162,10733,10734,11135,9660,original,,一般,
2018-09-11,TX,201809  ,10758,10767,10682,10740,6,0.06%,171082.0,10741,87472,10741,10742,11135,9660,original,,一般,
2018-09-12,TX,201809  ,10762,10772,10687,10726,-15,-0.14%,161851.0,10724,85673,10724,10726,11135,9660,original,,一般,
2018-09-13,TX,201809  ,10740,10779,10709,10717,-7,-0.07%,140045.0,10718,84520,10717,10719,11135,9660,original,,一般,
2018-09-14,TX,201809  ,10784,10887,10771,10881,163,1.52%,167546.0,10879,79258,10880,10881,11135,9660,original,,一般,
2018-09-17,TX,201809  ,10857,10868,10810,10823,-56,-0.51%,130683.0,10824,59833,10823,10825,11135,9660,original,,一般,
2018-09-18,TX,201809  ,10787,10818,10761,10781,-43,-0.40%,155686.0,10781,34008,10781,10782,11135,9660,original,,一般,
2018-09-19,TX,201809  ,10836,10875,10819,10873,92,0.85%,70379.0,0,24029,10872,10873,11135,9660,original,,一般,
2018-09-20,TX,201810  ,10910,10922,10824,10848,-26,-0.24%,147069.0,10847,80079,10846,10848,11113,10571,original,,一般,
2018-09-21,TX,201810  ,10905,10976,10854,10974,127,1.17%,160951.0,10972,81399,10974,10975,11113,10571,original,,一般,
2018-09-25,TX,201810  ,10960,10996,10935,10981,9,0.08%,98858.0,10978,84043,10979,10981,11113,10571,original,,一般,
2018-09-26,TX,201810  ,10963,10991,10949,10972,-6,-0.05%,107637.0,10972,82730,10972,10974,11113,10571,original,,一般,
2018-09-27,TX,201810  ,10955,11011,10936,10982,10,0.09%,136789.0,10980,86368,10980,10982,11113,10571,original,,一般,
2018-09-28,TX,201810  ,11011,11039,10921,10955,-25,-0.23%,162520.0,10955,85423,10955,10956,11113,10571,original,,一般,
2018-10-01,TX,201810  ,10968,11018,10966,11006,51,0.47%,89433.0,11006,88440,11005,11006,11113,10571,original,,一般,
2018-10-02,TX,201810  ,11006,11011,10873,10879,-127,-1.15%,156457.0,10879,86852,10878,10879,11113,10571,original,,一般,
2018-10-03,TX,201810  ,10880,10914,10845,10856,-23,-0.21%,136321.0,10854,84658,10854,10856,11113,10571,original,,一般,
2018-10-04,TX,201810  ,10823,10830,10688,10694,-160,-1.47%,160072.0,10697,92693,10694,10695,11113,10571,original,,一般,
2018-10-05,TX,201810  ,10658,10673,10431,10506,-191,-1.79%,256183.0,10510,95860,10505,10506,11113,10431,original,,一般,
2018-10-08,TX,201810  ,10470,10530,10416,10461,-49,-0.47%,174770.0,10464,98022,10461,10463,11113,10407,original,,一般,
2018-10-09,TX,201810  ,10491,10508,10447,10460,-4,-0.04%,153437.0,10461,98234,10459,10460,11113,10386,original,,一般,
2018-10-11,TX,201810  ,10026,10080,9630,9642,-819,-7.83%,348653.0,9654,95760,9640,9642,11113,9630,original,,一般,
2018-10-12,TX,201810  ,9736,10021,9683,9948,294,3.05%,251156.0,9958,85868,9947,9948,11113,9630,original,,一般,
2018-10-15,TX,201810  ,9899,9927,9854,9860,-98,-0.98%,164909.0,9862,72036,9860,9862,11113,9630,original,,一般,
2018-10-16,TX,201810  ,9885,9992,9868,9951,89,0.90%,197823.0,9949,47540,9950,9951,11113,9630,original,,一般,
2018-10-17,TX,201810  ,10082,10114,9987,9993,44,0.44%,106223.0,0,32289,9993,9994,11113,9630,original,,一般,
2018-10-18,TX,201811  ,9923,9986,9878,9884,-81,-0.81%,151011.0,9883,85021,9883,9885,11087,9616,original,,一般,
2018-10-19,TX,201811  ,9753,9914,9747,9905,22,0.22%,179393.0,9901,86311,9903,9905,11087,9616,original,,一般,
2018-10-22,TX,201811  ,9813,9972,9761,9935,34,0.34%,178167.0,9935,84096,9935,9937,11087,9616,original,,一般,
2018-10-23,TX,201811  ,9825,9849,9723,9728,-207,-2.08%,186988.0,9729,88689,9727,9729,11087,9616,original,,一般,
2018-10-24,TX,201811  ,9753,9791,9623,9715,-14,-0.14%,221429.0,9715,86603,9715,9717,11087,9590,original,,一般,
2018-10-25,TX,201811  ,9423,9557,9414,9486,-229,-2.36%,205902.0,9486,90740,9486,9487,11087,9414,original,,一般,
2018-10-26,TX,201811  ,9547,9573,9339,9424,-62,-0.65%,241595.0,9424,89424,9420,9424,11087,9339,original,,一般,
2018-10-29,TX,201811  ,9527,9539,9428,9473,49,0.52%,162497.0,9472,85965,9472,9473,11087,9339,original,,一般,
2018-10-30,TX,201811  ,9465,9564,9463,9524,52,0.55%,169621.0,9523,87712,9522,9524,11087,9326,original,,一般,
2018-10-31,TX,201811  ,9595,9748,9590,9724,201,2.11%,166496.0,9725,87995,9725,9726,11087,9326,original,,一般,
2018-11-01,TX,201811  ,9750,9827,9705,9787,62,0.64%,140555.0,9788,88528,9787,9788,11087,9326,original,,一般,
2018-11-02,TX,201811  ,9868,9884,9791,9874,86,0.88%,153413.0,9872,89739,9874,9875,11087,9326,original,,一般,
2018-11-05,TX,201811  ,9803,9824,9741,9817,-55,-0.56%,145973.0,9817,86752,9816,9818,11087,9326,original,,一般,
2018-11-06,TX,201811  ,9849,9867,9746,9774,-43,-0.44%,122426.0,9774,89946,9773,9774,11087,9326,original,,一般,
2018-11-07,TX,201811  ,9785,9890,9780,9848,74,0.76%,154891.0,9847,92197,9848,9849,11087,9326,original,,一般,
2018-11-08,TX,201811  ,9980,10000,9906,9924,77,0.78%,115590.0,9922,94782,9922,9924,11087,9326,original,,一般,
2018-11-09,TX,201811  ,9897,9899,9754,9789,-133,-1.34%,138795.0,9791,93163,9788,9790,11087,9326,original,,一般,
2018-11-12,TX,201811  ,9750,9864,9741,9812,21,0.21%,115102.0,9812,92130,9812,9813,11087,9326,original,,一般,
2018-11-13,TX,201811  ,9600,9758,9528,9728,-84,-0.86%,170110.0,9726,89851,9727,9729,11087,9326,original,,一般,
2018-11-14,TX,201811  ,9768,9798,9731,9769,43,0.44%,111585.0,9768,89518,9769,9770,11087,9326,original,,一般,
2018-11-15,TX,201811  ,9790,9837,9708,9827,59,0.60%,155283.0,9827,83685,9827,9829,11087,9326,original,,一般,
2018-11-16,TX,201811  ,9877,9903,9756,9783,-44,-0.45%,147344.0,9785,76936,9783,9785,11087,9326,original,,一般,
2018-11-19,TX,201811  ,9802,9838,9778,9819,34,0.35%,111237.0,9818,66221,9817,9819,11087,9326,original,,一般,
2018-11-20,TX,201811  ,9755,9808,9703,9732,-86,-0.88%,150456.0,9732,42369,9732,9733,11087,9326,original,,一般,
2018-11-21,TX,201811  ,9661,9760,9624,9743,11,0.11%,75719.0,0,30094,9743,9744,11087,9326,original,,一般,
2018-11-22,TX,201812  ,9766,9769,9700,9714,-14,-0.14%,91042.0,9714,85056,9714,9715,11065,9318,original,,一般,
2018-11-23,TX,201812  ,9715,9733,9613,9620,-94,-0.97%,113555.0,9625,86286,9621,9622,11065,9318,original,,一般,
2018-11-26,TX,201812  ,9668,9850,9656,9768,143,1.49%,147457.0,9769,87962,9768,9770,11065,9318,original,,一般,
2018-11-27,TX,201812  ,9727,9755,9644,9741,-28,-0.29%,133623.0,9739,88109,9739,9741,11065,9318,original,,一般,
2018-11-28,TX,201812  ,9780,9880,9732,9870,131,1.35%,147701.0,9868,90927,9869,9870,11065,9318,original,,一般,
2018-11-29,TX,201812  ,9984,9989,9861,9877,9,0.09%,130827.0,9877,89383,9877,9878,11065,9318,original,,一般,
2018-11-30,TX,201812  ,9900,9935,9847,9853,-24,-0.24%,121317.0,9854,89271,9853,9855,11065,9318,original,,一般,
2018-12-03,TX,201812  ,10012,10156,9996,10122,268,2.72%,135162.0,10119,93241,10121,10123,11065,9318,original,,一般,
2018-12-04,TX,201812  ,10080,10094,10033,10042,-77,-0.76%,105118.0,10040,88437,10041,10042,11065,9318,original,,一般,
2018-12-05,TX,201812  ,9900,9946,9863,9878,-162,-1.61%,129691.0,9878,86856,9877,9878,11065,9318,original,,一般,
2018-12-06,TX,201812  ,9813,9814,9626,9674,-204,-2.07%,164887.0,9672,88792,9672,9674,11065,9318,original,,一般,
2018-12-07,TX,201812  ,9735,9763,9689,9746,74,0.77%,105451.0,9746,87028,9745,9746,11065,9318,original,,一般,
2018-12-10,TX,201812  ,9565,9680,9560,9626,-120,-1.23%,116350.0,9626,84952,9625,9627,11065,9318,original,,一般,
2018-12-11,TX,201812  ,9654,9698,9625,9687,61,0.63%,114010.0,9687,84020,9687,9688,11065,9318,original,,一般,
2018-12-12,TX,201812  ,9759,9827,9725,9818,131,1.35%,132304.0,9814,81745,9817,9818,11065,9318,original,,一般,
2018-12-13,TX,201812  ,9831,9872,9790,9856,42,0.43%,109467.0,9852,79177,9855,9856,11065,9318,original,,一般,
2018-12-14,TX,201812  ,9805,9809,9676,9730,-122,-1.24%,145379.0,9729,69472,9730,9731,11065,9318,original,,一般,
2018-12-17,TX,201812  ,9753,9826,9722,9790,61,0.63%,127930.0,9790,51547,9789,9790,11065,9318,original,,一般,
2018-12-18,TX,201812  ,9718,9755,9688,9718,-72,-0.74%,144686.0,9717,29681,9718,9720,11065,9318,original,,一般,
2018-12-19,TX,201812  ,9758,9778,9728,9768,51,0.52%,54588.0,0,19732,9767,9768,11065,9318,original,,一般,
2018-12-20,TX,201901  ,9638,9709,9610,9641,-106,-1.09%,141731.0,9639,85071,9640,9642,10139,9325,original,,一般,
2018-12-21,TX,201901  ,9624,9668,9556,9660,21,0.22%,122129.0,9657,84378,9658,9660,10139,9325,original,,一般,
2018-12-22,TX,201901  ,9580,9615,9575,9585,-72,-0.75%,23776.0,9586,87297,9584,9585,10139,9325,original,,一般,
2018-12-24,TX,201901  ,9603,9627,9587,9620,34,0.35%,89050.0,9618,86846,9619,9621,10139,9325,original,,一般,
2018-12-25,TX,201901  ,9480,9487,9410,9477,-141,-1.47%,99787.0,9477,91636,9477,9478,10139,9325,original,,一般,
2018-12-26,TX,201901  ,9523,9555,9438,9459,-18,-0.19%,116623.0,9453,92326,9459,9460,10139,9325,original,,一般,
2018-12-27,TX,201901  ,9589,9655,9566,9633,180,1.90%,124097.0,9633,92463,9632,9633,10139,9325,original,,一般,
2018-12-28,TX,201901  ,9630,9680,9622,9671,38,0.39%,92809.0,9669,90945,9669,9671,10139,9325,original,,一般,
2019-01-02,TX,201901  ,9760,9762,9506,9536,-133,-1.38%,165922.0,9529,93948,9533,9536,10139,9325,original,,一般,
2019-01-03,TX,201901  ,9488,9547,9433,9440,-89,-0.93%,130686.0,9443,92395,9440,9442,10139,9325,original,,一般,
2019-01-04,TX,201901  ,9367,9410,9305,9367,-76,-0.80%,168796.0,9370,92067,9367,9370,10139,9305,original,,一般,
2019-01-07,TX,201901  ,9541,9588,9490,9563,193,2.06%,145208.0,9563,90607,9562,9564,10139,9305,original,,一般,
2019-01-08,TX,201901  ,9600,9611,9532,9561,-2,-0.02%,121996.0,9558,85460,9559,9560,10139,9305,original,,一般,
2019-01-09,TX,201901  ,9608,9755,9602,9708,150,1.57%,161013.0,9709,86849,9708,9711,10139,9305,original,,一般,
2019-01-10,TX,201901  ,9710,9713,9673,9694,-15,-0.15%,96870.0,9694,81859,9694,9695,10139,9305,original,,一般,
2019-01-11,TX,201901  ,9760,9803,9724,9750,56,0.58%,137362.0,9750,78994,9748,9750,10139,9305,original,,一般,
2019-01-14,TX,201901  ,9738,9756,9660,9691,-59,-0.61%,133304.0,9689,51908,9689,9691,10139,9305,original,,一般,
2019-01-15,TX,201901  ,9743,9817,9715,9793,104,1.07%,158065.0,9794,31345,9793,9795,10139,9305,original,,一般,
2019-01-16,TX,201901  ,9781,9804,9755,9784,-10,-0.10%,62359.0,0,15507,9784,9785,10139,9305,original,,一般,
2019-01-17,TX,201902  ,9777,9834,9721,9779,16,0.16%,142688.0,9779,81718,9779,9780,10122,9288,original,,一般,
2019-01-18,TX,201902  ,9825,9846,9770,9820,41,0.42%,115290.0,9821,84847,9820,9822,10122,9288,original,,一般,
2019-01-21,TX,201902  ,9885,9919,9856,9866,45,0.46%,119821.0,9864,88411,9865,9866,10122,9288,original,,一般,
2019-01-22,TX,201902  ,9841,9868,9822,9847,-17,-0.17%,93410.0,9845,87752,9846,9847,10122,9288,original,,一般,
2019-01-23,TX,201902  ,9830,9860,9807,9818,-27,-0.27%,106263.0,9819,84646,9818,9821,10122,9288,original,,一般,
2019-01-24,TX,201902  ,9833,9884,9820,9863,44,0.45%,104491.0,9860,85317,9861,9863,10122,9288,original,,一般,
2019-01-25,TX,201902  ,9928,9989,9911,9968,108,1.10%,116395.0,9968,93155,9968,9971,10122,9288,original,,一般,
2019-01-28,TX,201902  ,10000,10018,9975,9985,17,0.17%,81405.0,9986,91526,9985,9987,10122,9288,original,,一般,
2019-01-29,TX,201902  ,9932,9936,9880,9923,-63,-0.63%,113746.0,9922,86770,9923,9924,10122,9288,original,,一般,
2019-01-30,TX,201902  ,9925,9956,9896,9926,4,0.04%,83963.0,9924,82654,9925,9927,10122,9288,original,,一般,
2019-02-11,TX,201902  ,10010,10067,9966,9999,75,0.76%,101469.0,9998,84027,9998,9999,10122,9288,original,,一般,
2019-02-12,TX,201902  ,10049,10093,10029,10084,86,0.86%,79049.0,10084,88915,10084,10086,10122,9288,original,,一般,
2019-02-13,TX,201902  ,10125,10128,10055,10084,0,0.00%,96794.0,10085,87066,10084,10085,10141,9288,original,,一般,
2019-02-14,TX,201902  ,10044,10124,10034,10080,-5,-0.05%,97857.0,10079,83990,10080,10081,10141,9288,original,,一般,
2019-02-15,TX,201902  ,10040,10116,10022,10042,-37,-0.37%,121921.0,10042,69058,10042,10043,10141,9288,original,,一般,
2019-02-18,TX,201902  ,10111,10161,10098,10135,93,0.93%,113809.0,10138,55548,10135,10139,10161,9288,original,,一般,
2019-02-19,TX,201902  ,10123,10158,10104,10142,4,0.04%,93983.0,10143,39706,10142,10143,10161,9288,original,,一般,
2019-02-20,TX,201902  ,10183,10262,10177,10256,113,1.11%,73350.0,0,21461,10255,10256,10262,9288,original,,一般,
2019-02-21,TX,201903  ,10255,10327,10232,10324,77,0.75%,97337.0,10323,94804,10324,10325,11002,9272,original,,一般,
2019-02-22,TX,201903  ,10272,10312,10245,10310,-13,-0.13%,87939.0,10308,90547,10311,10312,11002,9272,original,,一般,
2019-02-25,TX,201903  ,10350,10378,10324,10368,60,0.58%,104882.0,10366,92255,10366,10368,11002,9272,original,,一般,
2019-02-26,TX,201903  ,10381,10394,10336,10355,-11,-0.11%,100522.0,10352,92294,10355,10356,11002,9272,original,,一般,
2019-02-27,TX,201903  ,10375,10384,10325,10362,10,0.10%,83461.0,10361,91679,10362,10363,11002,9272,original,,一般,
2019-03-04,TX,201903  ,10390,10400,10276,10311,-50,-0.48%,122715.0,10312,91785,10311,10313,11002,9272,original,,一般,
2019-03-05,TX,201903  ,10260,10306,10248,10274,-38,-0.37%,97390.0,10275,89870,10274,10275,11002,9272,original,,一般,
2019-03-06,TX,201903  ,10283,10333,10282,10322,47,0.46%,91094.0,10322,91757,10322,10324,11002,9272,original,,一般,
2019-03-07,TX,201903  ,10315,10335,10260,10262,-60,-0.58%,95914.0,10261,92074,10262,10263,11002,9272,original,,一般,
2019-03-08,TX,201903  ,10230,10244,10162,10200,-61,-0.59%,127917.0,10201,91970,10201,10202,11002,9272,original,,一般,
2019-03-11,TX,201903  ,10170,10234,10168,10229,28,0.27%,78910.0,10227,91932,10228,10229,11002,9272,original,,一般,
2019-03-12,TX,201903  ,10301,10385,10300,10348,121,1.18%,109945.0,10348,91439,10348,10349,11002,9272,original,,一般,
2019-03-13,TX,201903  ,10325,10365,10305,10365,17,0.16%,100182.0,10363,87589,10364,10365,11002,9272,original,,一般,
2019-03-14,TX,201903  ,10390,10392,10322,10338,-25,-0.24%,92686.0,10337,84964,10336,10338,11002,9272,original,,一般,
2019-03-15,TX,201903  ,10355,10430,10347,10414,77,0.74%,116100.0,10413,82523,10413,10414,11002,9272,original,,一般,
2019-03-18,TX,201903  ,10437,10487,10420,10477,64,0.61%,104180.0,10478,61890,10477,10478,11002,9272,original,,一般,
2019-03-19,TX,201903  ,10483,10511,10461,10501,23,0.22%,101703.0,10501,42034,10501,10504,11002,9272,original,,一般,
2019-03-20,TX,201903  ,10493,10549,10492,10545,44,0.42%,56166.0,0,23572,10545,10546,11002,9272,original,,一般,
2019-03-21,TX,201904  ,10538,10593,10532,10590,76,0.72%,90838.0,10588,99595,10589,10591,10593,9700,original,,一般,
2019-03-22,TX,201904  ,10645,10659,10560,10613,25,0.24%,107634.0,10613,98410,10613,10614,10663,9700,original,,一般,
2019-03-25,TX,201904  ,10478,10486,10423,10438,-175,-1.65%,100215.0,10437,96146,10438,10439,10663,9700,original,,一般,
2019-03-26,TX,201904  ,10482,10538,10480,10522,85,0.81%,87187.0,10523,97970,10523,10524,10663,9700,original,,一般,
2019-03-27,TX,201904  ,10506,10533,10473,10520,-3,-0.03%,88500.0,10520,95274,10520,10522,10663,9700,original,,一般,
2019-03-28,TX,201904  ,10450,10515,10444,10493,-27,-0.26%,83464.0,10493,97428,10494,10495,10663,9700,original,,一般,
2019-03-29,TX,201904  ,10551,10600,10476,10598,105,1.00%,128163.0,10598,99504,10598,10599,10663,9700,original,,一般,
2019-04-01,TX,201904  ,10679,10715,10615,10638,40,0.38%,114429.0,10640,98726,10638,10640,10715,9700,original,,一般,
2019-04-02,TX,201904  ,10688,10704,10668,10676,36,0.34%,78347.0,10678,98033,10676,10680,10715,9700,original,,一般,
2019-04-03,TX,201904  ,10688,10728,10671,10693,15,0.14%,93675.0,10695,94136,10693,10695,10728,9700,original,,一般,
2019-04-08,TX,201904  ,10779,10795,10745,10770,75,0.70%,92630.0,10770,97425,10770,10771,10795,9700,original,,一般,
2019-04-09,TX,201904  ,10801,10848,10782,10843,73,0.68%,70930.0,10843,100229,10843,10845,10848,9700,original,,一般,
2019-04-10,TX,201904  ,10820,10869,10812,10862,19,0.18%,69994.0,10861,95816,10861,10862,10878,9700,original,,一般,
2019-04-11,TX,201904  ,10868,10885,10775,10806,-55,-0.51%,110887.0,10806,89842,10806,10807,10885,9700,original,,一般,
2019-04-12,TX,201904  ,10818,10831,10782,10802,-4,-0.04%,85901.0,10802,77681,10802,10803,10885,9700,original,,一般,
2019-04-15,TX,201904  ,10865,10895,10843,10876,74,0.69%,100286.0,10876,59039,10875,10876,10895,9700,original,,一般,
2019-04-16,TX,201904  ,10870,10932,10863,10931,55,0.51%,104554.0,10930,36476,10930,10931,10932,9700,original,,一般,
2019-04-17,TX,201904  ,10954,11010,10948,11004,74,0.68%,63683.0,0,21218,11004,11005,11010,9700,original,,一般,
2019-04-18,TX,201905  ,11022,11039,10920,10939,-53,-0.48%,117490.0,10938,98101,10938,10940,11042,10140,original,,一般,
2019-04-19,TX,201905  ,11020,11036,10954,10972,34,0.31%,88747.0,10973,99655,10972,10973,11042,10140,original,,一般,
2019-04-22,TX,201905  ,11008,11030,10958,10978,5,0.05%,77384.0,10978,99364,10978,10980,11042,10140,original,,一般,
2019-04-23,TX,201905  ,10988,11024,10934,11024,46,0.42%,103861.0,11023,99072,11022,11023,11042,10140,original,,一般,
2019-04-24,TX,201905  ,11050,11057,10970,11009,-14,-0.13%,108063.0,11009,97430,11009,11011,11061,10140,original,,一般,
2019-04-25,TX,201905  ,10990,11041,10977,11031,22,0.20%,86847.0,11030,100886,11031,11032,11061,10140,original,,一般,
2019-04-26,TX,201905  ,10962,10972,10900,10933,-97,-0.88%,118536.0,10934,96870,10933,10936,11061,10140,original,,一般,
2019-04-29,TX,201905  ,10959,10978,10902,10932,-2,-0.02%,90107.0,10933,97780,10932,10933,11061,10140,original,,一般,
2019-04-30,TX,201905  ,10912,10961,10883,10952,19,0.17%,99311.0,10952,97396,10952,10953,11061,10140,original,,一般,
2019-05-02,TX,201905  ,10947,11033,10933,10978,26,0.24%,110504.0,10978,97169,10978,10979,11061,10140,original,,一般,
2019-05-03,TX,201905  ,10992,11094,10975,11092,114,1.04%,105128.0,11092,102277,11092,11094,11094,10140,original,,一般,
2019-05-06,TX,201905  ,10980,10980,10821,10857,-235,-2.12%,157627.0,10860,94216,10857,10859,11138,10140,original,,一般,
2019-05-07,TX,201905  ,10900,10996,10900,10970,110,1.01%,112695.0,10971,94915,10970,10971,11138,10140,original,,一般,
2019-05-08,TX,201905  ,10849,10943,10841,10893,-78,-0.71%,122471.0,10893,92659,10893,10895,11138,10140,original,,一般,
2019-05-09,TX,201905  ,10854,10866,10716,10746,-147,-1.35%,163378.0,10747,94710,10747,10748,11138,10140,original,,一般,
2019-05-10,TX,201905  ,10750,10850,10646,10745,-2,-0.02%,244648.0,10744,79542,10743,10745,11138,10140,original,,一般,
2019-05-13,TX,201905  ,10686,10708,10565,10576,-168,-1.56%,166126.0,10574,70295,10575,10576,11138,10140,original,,一般,
2019-05-14,TX,201905  ,10425,10571,10399,10532,-42,-0.40%,182739.0,10531,47211,10530,10532,11138,10140,original,,一般,
2019-05-15,TX,201905  ,10539,10609,10513,10579,48,0.46%,84213.0,0,30197,10579,10580,11138,10140,original,,一般,
2019-05-16,TX,201906  ,10537,10574,10483,10488,-93,-0.88%,136852.0,10489,86165,10488,10490,11132,9209,original,,一般,
2019-05-17,TX,201906  ,10562,10566,10406,10411,-78,-0.74%,148067.0,10413,92097,10411,10412,11132,9209,original,,一般,
2019-05-20,TX,201906  ,10442,10485,10405,10433,20,0.19%,138410.0,10432,90837,10431,10433,11132,9209,original,,一般,
2019-05-21,TX,201906  ,10398,10502,10378,10487,55,0.53%,139337.0,10487,90561,10487,10488,11132,9209,original,,一般,
2019-05-22,TX,201906  ,10471,10515,10453,10480,-7,-0.07%,116942.0,10479,83221,10479,10480,11132,9209,original,,一般,
2019-05-23,TX,201906  ,10422,10424,10285,10310,-169,-1.61%,140826.0,10311,84598,10310,10312,11132,9209,original,,一般,
2019-05-24,TX,201906  ,10316,10386,10315,10344,33,0.32%,110221.0,10341,82498,10344,10345,11132,9209,original,,一般,
2019-05-27,TX,201906  ,10350,10390,10284,10333,-8,-0.08%,103116.0,10332,81538,10333,10334,11132,9209,original,,一般,
2019-05-28,TX,201906  ,10369,10374,10309,10340,8,0.08%,87667.0,10340,81530,10340,10341,11132,9209,original,,一般,
2019-05-29,TX,201906  ,10220,10295,10218,10291,-49,-0.47%,94603.0,10291,82233,10291,10292,11132,9209,original,,一般,
2019-05-30,TX,201906  ,10311,10382,10279,10367,76,0.74%,118886.0,10365,83847,10365,10367,11132,9209,original,,一般,
2019-05-31,TX,201906  ,10332,10493,10330,10455,90,0.87%,132616.0,10455,83727,10455,10456,11132,9209,original,,一般,
2019-06-03,TX,201906  ,10431,10477,10366,10471,16,0.15%,129111.0,10471,80637,10472,10474,11132,9209,original,,一般,
2019-06-04,TX,201906  ,10461,10483,10401,10416,-55,-0.53%,91946.0,10416,79456,10416,10417,11132,9209,original,,一般,
2019-06-05,TX,201906  ,10495,10510,10439,10456,40,0.38%,101638.0,10456,82211,10455,10456,11132,9209,original,,一般,
2019-06-06,TX,201906  ,10433,10437,10351,10360,-96,-0.92%,112358.0,10365,82373,10360,10363,11132,9209,original,,一般,
2019-06-10,TX,201906  ,10477,10546,10442,10539,174,1.68%,122498.0,10540,88150,10538,10540,11132,9209,original,,一般,
2019-06-11,TX,201906  ,10555,10618,10533,10592,52,0.49%,102065.0,10590,84964,10589,10592,11132,9209,original,,一般,
2019-06-12,TX,201906  ,10587,10611,10564,10592,2,0.02%,88158.0,10591,81601,10589,10592,11132,9209,original,,一般,
2019-06-13,TX,201906  ,10561,10589,10497,10529,-62,-0.59%,115701.0,10528,77609,10529,10530,11132,9209,original,,一般,
2019-06-14,TX,201906  ,10534,10558,10516,10529,1,0.01%,87499.0,10528,73773,10529,10530,11132,9209,original,,一般,
2019-06-17,TX,201906  ,10477,10565,10460,10545,17,0.16%,126622.0,10545,62059,10546,10547,11132,9209,original,,一般,
2019-06-18,TX,201906  ,10539,10576,10526,10553,8,0.08%,89907.0,10554,44840,10553,10555,11132,9209,original,,一般,
2019-06-19,TX,201906  ,10680,10800,10667,10770,216,2.05%,82967.0,0,36899,10770,10771,11132,9209,original,,一般,
2019-06-20,TX,201907  ,10575,10605,10558,10591,10,0.09%,82664.0,10592,91885,10591,10595,10928,9998,original,,一般,
2019-06-21,TX,201907  ,10628,10641,10564,10585,-7,-0.07%,96638.0,10586,98124,10585,10586,10928,9998,original,,一般,
2019-06-24,TX,201907  ,10605,10647,10553,10623,37,0.35%,91686.0,10622,99645,10622,10624,10928,9998,original,,一般,
2019-06-25,TX,201907  ,10620,10630,10523,10540,-82,-0.77%,99176.0,10539,98721,10540,10541,10928,9998,original,,一般,
2019-06-26,TX,201907  ,10525,10541,10499,10503,-36,-0.34%,84635.0,10505,97729,10502,10504,10928,9998,original,,一般,
2019-06-27,TX,201907  ,10535,10642,10532,10622,117,1.11%,107467.0,10621,101412,10621,10623,10928,9998,original,,一般,
2019-06-28,TX,201907  ,10621,10627,10550,10580,-41,-0.39%,82329.0,10577,97774,10578,10581,10928,9998,original,,一般,
2019-07-01,TX,201907  ,10707,10780,10693,10767,190,1.80%,97751.0,10766,102419,10766,10769,10928,9998,original,,一般,
2019-07-02,TX,201907  ,10738,10766,10729,10749,-17,-0.16%,61053.0,10749,97428,10748,10749,10928,9998,original,,一般,
2019-07-03,TX,201907  ,10733,10741,10202,10641,-108,-1.00%,110757.0,10641,89342,10641,10642,10928,9998,original,,一般,
2019-07-04,TX,201907  ,10691,10729,10677,10710,69,0.65%,77799.0,10707,88873,10709,10710,10928,9998,original,,一般,
2019-07-05,TX,201907  ,10713,10749,10682,10718,11,0.10%,77791.0,10718,87391,10717,10719,10928,9998,original,,一般,
2019-07-08,TX,201907  ,10655,10711,10630,10665,-53,-0.49%,105869.0,10665,85547,10663,10665,10928,9998,original,,一般,
2019-07-09,TX,201907  ,10688,10699,10631,10650,-15,-0.14%,79635.0,10650,87761,10649,10650,10928,9998,original,,一般,
2019-07-10,TX,201907  ,10699,10741,10689,10731,81,0.76%,99635.0,10732,88693,10731,10732,10928,9998,original,,一般,
2019-07-11,TX,201907  ,10801,10833,10772,10814,82,0.76%,86527.0,10813,88920,10813,10814,10928,9998,original,,一般,
2019-07-12,TX,201907  ,10789,10830,10788,10810,-3,-0.03%,77492.0,10811,85758,10810,10812,10928,9998,original,,一般,
2019-07-15,TX,201907  ,10808,10860,10730,10849,38,0.35%,142849.0,10849,60661,10848,10849,10928,9998,original,,一般,
2019-07-16,TX,201907  ,10863,10892,10851,10876,27,0.25%,94778.0,10878,36668,10876,10878,10928,9998,original,,一般,
2019-07-17,TX,201907  ,10837,10855,10805,10831,-47,-0.43%,73472.0,0,21326,10831,10832,10928,9998,original,,一般,
2019-07-18,TX,201908  ,10625,10676,10623,10651,-14,-0.13%,78967.0,10651,77440,10651,10652,10746,9869,original,,一般,
2019-07-19,TX,201908  ,10757,10792,10727,10744,93,0.87%,96597.0,10740,81442,10742,10743,10792,9869,original,,一般,
2019-07-22,TX,201908  ,10735,10798,10729,10794,54,0.50%,78276.0,10795,86593,10794,10797,10798,9869,original,,一般,
2019-07-23,TX,201908  ,10822,10836,10785,10803,8,0.07%,76794.0,10803,84279,10802,10803,10836,9869,original,,一般,
2019-07-24,TX,201908  ,10817,10835,10792,10804,1,0.01%,66376.0,10804,82492,10804,10805,10836,9869,original,,一般,
2019-07-25,TX,201908  ,10825,10831,10769,10822,18,0.17%,73933.0,10822,81821,10821,10822,10836,9869,original,,一般,
2019-07-26,TX,201908  ,10781,10795,10765,10787,-35,-0.32%,53262.0,10788,81754,10787,10788,10836,9869,original,,一般,
2019-07-29,TX,201908  ,10779,10802,10744,10782,-6,-0.06%,83205.0,10782,83933,10782,10783,10836,9869,original,,一般,
2019-07-30,TX,201908  ,10819,10836,10751,10752,-30,-0.28%,91827.0,10752,85805,10752,10753,10836,9869,original,,一般,
2019-07-31,TX,201908  ,10721,10743,10674,10737,-15,-0.14%,103963.0,10736,82881,10736,10737,10836,9869,original,,一般,
2019-08-01,TX,201908  ,10635,10697,10623,10644,-92,-0.86%,109370.0,10644,83112,10642,10644,10836,9869,original,,一般,
2019-08-02,TX,201908  ,10518,10535,10441,10469,-175,-1.64%,142909.0,10469,88918,10469,10470,10836,9869,original,,一般,
2019-08-05,TX,201908  ,10421,10460,10358,10379,-90,-0.86%,135670.0,10376,92332,10378,10379,10836,9869,original,,一般,
2019-08-06,TX,201908  ,10096,10387,10095,10331,-45,-0.43%,199053.0,10329,85380,10329,10330,10836,9869,original,,一般,
2019-08-07,TX,201908  ,10330,10375,10301,10347,18,0.17%,113948.0,10346,85660,10346,10347,10836,9869,original,,一般,
2019-08-08,TX,201908  ,10372,10454,10340,10439,93,0.90%,122318.0,10436,84753,10438,10440,10836,9869,original,,一般,
2019-08-12,TX,201908  ,10439,10477,10380,10441,5,0.05%,87087.0,10439,83481,10440,10441,10836,9869,original,,一般,
2019-08-13,TX,201908  ,10385,10400,10319,10342,-97,-0.93%,102839.0,10343,83395,10342,10345,10836,9869,original,,一般,
2019-08-14,TX,201908  ,10457,10492,10416,10429,86,0.83%,107891.0,10429,83500,10428,10430,10836,9869,original,,一般,
2019-08-15,TX,201908  ,10255,10335,10242,10301,-128,-1.23%,117015.0,10300,85829,10301,10302,10836,9869,original,,一般,
2019-08-16,TX,201908  ,10315,10421,10288,10414,114,1.11%,135144.0,10412,73710,10412,10413,10836,9869,original,,一般,
2019-08-19,TX,201908  ,10436,10489,10419,10484,72,0.69%,113319.0,10481,51518,10481,10484,10836,9869,original,,一般,
2019-08-20,TX,201908  ,10487,10530,10478,10527,46,0.44%,94358.0,10526,35340,10526,10528,10836,9869,original,,一般,
2019-08-21,TX,201908  ,10514,10544,10505,10528,2,0.02%,61159.0,0,17457,10528,10529,10836,9869,original,,一般,
2019-08-22,TX,201909  ,10538,10564,10464,10477,-13,-0.12%,105769.0,10476,81181,10476,10477,10810,8817,original,,一般,
2019-08-23,TX,201909  ,10485,10513,10460,10499,23,0.22%,76901.0,10497,83221,10498,10499,10810,8817,original,,一般,
2019-08-26,TX,201909  ,10335,10367,10294,10307,-190,-1.81%,120532.0,10307,86065,10307,10309,10810,8817,original,,一般,
2019-08-27,TX,201909  ,10372,10390,10343,10364,57,0.55%,73290.0,10363,84237,10363,10364,10810,8817,original,,一般,
2019-08-28,TX,201909  ,10390,10438,10388,10413,50,0.48%,86584.0,10412,84668,10413,10414,10810,8817,original,,一般,
2019-08-29,TX,201909  ,10420,10442,10376,10430,18,0.17%,84003.0,10430,86323,10429,10431,10810,8817,original,,一般,
2019-08-30,TX,201909  ,10520,10584,10517,10576,146,1.40%,79713.0,10577,89462,10576,10577,10810,8817,original,,一般,
2019-09-02,TX,201909  ,10564,10615,10556,10605,28,0.26%,60427.0,10603,89036,10605,10606,10810,8817,original,,一般,
2019-09-03,TX,201909  ,10599,10632,10537,10543,-60,-0.57%,91892.0,10543,89704,10543,10544,10810,8817,original,,一般,
2019-09-04,TX,201909  ,10563,10657,10558,10644,101,0.96%,86712.0,10644,93962,10644,10645,10810,8817,original,,一般,
2019-09-05,TX,201909  ,10719,10762,10703,10735,91,0.85%,91108.0,10734,90714,10736,10737,10810,8817,original,,一般,
2019-09-06,TX,201909  ,10776,10783,10741,10768,34,0.32%,68005.0,10767,90848,10767,10768,10810,8817,original,,一般,
2019-09-09,TX,201909  ,10802,10827,10773,10792,25,0.23%,68953.0,10793,91352,10792,10794,10827,8817,original,,一般,
2019-09-10,TX,201909  ,10801,10814,10731,10743,-50,-0.46%,76441.0,10742,90246,10742,10743,10827,8817,original,,一般,
2019-09-11,TX,201909  ,10795,10808,10751,10773,31,0.29%,89245.0,10774,85869,10773,10774,10827,8817,original,,一般,
2019-09-12,TX,201909  ,10842,10870,10801,10824,50,0.46%,101288.0,10824,89210,10824,10825,10870,8817,original,,一般,
2019-09-16,TX,201909  ,10802,10885,10802,10881,57,0.53%,107760.0,10878,76200,10881,10882,10885,8817,original,,一般,
2019-09-17,TX,201909  ,10907,10910,10858,10863,-15,-0.14%,86095.0,10865,52416,10863,10868,10913,8817,original,,一般,
2019-09-18,TX,201909  ,10912,10963,10884,10959,94,0.87%,59301.0,0,37407,10959,10960,10963,8817,original,,一般,
2019-09-19,TX,201910  ,10915,10936,10851,10870,-24,-0.22%,91304.0,10867,88886,10868,10870,10936,10055,original,,一般,
2019-09-20,TX,201910  ,10901,10912,10884,10901,34,0.31%,60402.0,10899,90803,10899,10901,10936,10055,original,,一般,
2019-09-23,TX,201910  ,10894,10929,10872,10894,-5,-0.05%,75227.0,10892,90753,10894,10895,10936,10055,original,,一般,
2019-09-24,TX,201910  ,10911,10932,10865,10908,16,0.15%,89403.0,10905,92890,10906,10908,10936,10055,original,,一般,
2019-09-25,TX,201910  ,10865,10873,10805,10841,-64,-0.59%,100205.0,10841,92783,10841,10842,10936,10055,original,,一般,
2019-09-26,TX,201910  ,10876,10895,10828,10843,2,0.02%,83512.0,10843,92606,10843,10845,10936,10055,original,,一般,
2019-09-27,TX,201910  ,10876,10897,10811,10824,-19,-0.18%,94839.0,10823,92770,10823,10825,10936,10055,original,,一般,
2019-10-01,TX,201910  ,10856,10962,10856,10954,131,1.21%,91075.0,10953,99107,10953,10954,10962,10055,original,,一般,
2019-10-02,TX,201910  ,10916,10948,10912,10922,-31,-0.28%,67011.0,10923,96454,10922,10925,10964,10055,original,,一般,
2019-10-03,TX,201910  ,10827,10877,10773,10851,-72,-0.66%,97211.0,10849,96220,10851,10852,10964,10055,original,,一般,
2019-10-04,TX,201910  ,10881,10912,10820,10880,31,0.29%,106799.0,10877,94539,10878,10879,10964,10055,original,,一般,
2019-10-07,TX,201910  ,10907,10937,10886,10915,38,0.35%,68946.0,10914,94778,10914,10915,10964,10055,original,,一般,
2019-10-08,TX,201910  ,10958,11021,10950,11001,87,0.80%,85671.0,11000,99201,10999,11002,11021,10055,original,,一般,
2019-10-09,TX,201910  ,10963,10969,10880,10880,-120,-1.09%,90482.0,10883,85510,10880,10881,11021,10055,original,,一般,
2019-10-14,TX,201910  ,11070,11092,11030,11076,193,1.77%,114852.0,11073,63557,11074,11076,11092,10055,original,,一般,
2019-10-15,TX,201910  ,11083,11122,11073,11108,35,0.32%,99518.0,11107,34156,11108,11109,11122,10055,original,,一般,
2019-10-16,TX,201910  ,11158,11171,11130,11145,38,0.34%,66943.0,0,17029,11145,11146,11171,10055,original,,一般,
2019-10-17,TX,201911  ,11148,11161,11117,11157,26,0.23%,56152.0,11158,98985,11157,11158,11166,10251,original,,一般,
2019-10-18,TX,201911  ,11195,11223,11132,11150,-8,-0.07%,91145.0,11149,99069,11149,11150,11245,10251,original,,一般,
2019-10-21,TX,201911  ,11157,11168,11133,11155,6,0.05%,54208.0,11157,98120,11155,11156,11245,10251,original,,一般,
2019-10-22,TX,201911  ,11213,11252,11191,11242,85,0.76%,78469.0,11240,99541,11241,11242,11252,10251,original,,一般,
2019-10-23,TX,201911  ,11225,11254,11182,11201,-39,-0.35%,79441.0,11200,98893,11200,11202,11268,10251,original,,一般,
2019-10-24,TX,201911  ,11232,11292,11225,11290,90,0.80%,71647.0,11288,101399,11290,11291,11292,10251,original,,一般,
2019-10-25,TX,201911  ,11321,11328,11264,11284,-4,-0.04%,61411.0,11283,99882,11284,11285,11328,10251,original,,一般,
2019-10-28,TX,201911  ,11334,11342,11291,11311,28,0.25%,52213.0,11311,99205,11310,11311,11342,10251,original,,一般,
2019-10-29,TX,201911  ,11348,11366,11293,11326,15,0.13%,80689.0,11325,98620,11325,11326,11366,10251,original,,一般,
2019-10-30,TX,201911  ,11312,11351,11295,11338,13,0.11%,66641.0,11338,99342,11338,11339,11366,10251,original,,一般,
2019-10-31,TX,201911  ,11371,11396,11341,11346,8,0.07%,74398.0,11344,99886,11345,11346,11396,10251,original,,一般,
2019-11-01,TX,201911  ,11333,11377,11316,11371,27,0.24%,60298.0,11371,100546,11371,11373,11396,10251,original,,一般,
2019-11-04,TX,201911  ,11416,11554,11413,11544,173,1.52%,102908.0,11542,105765,11543,11544,11554,10251,original,,一般,
2019-11-05,TX,201911  ,11594,11650,11566,11645,103,0.89%,85555.0,11645,102171,11645,11647,11650,10251,original,,一般,
2019-11-06,TX,201911  ,11644,11675,11600,11653,8,0.07%,89714.0,11650,99715,11652,11653,11682,10251,original,,一般,
2019-11-07,TX,201911  ,11636,11637,11558,11596,-54,-0.46%,98305.0,11596,96468,11596,11597,11682,10251,original,,一般,
2019-11-08,TX,201911  ,11646,11648,11554,11573,-23,-0.20%,93120.0,11572,94750,11572,11573,11682,10251,original,,一般,
2019-11-11,TX,201911  ,11577,11581,11424,11437,-135,-1.17%,115934.0,11437,97144,11437,11439,11682,10251,original,,一般,
2019-11-12,TX,201911  ,11483,11528,11466,11523,86,0.75%,77144.0,11524,94798,11522,11523,11682,10251,original,,一般,
2019-11-13,TX,201911  ,11463,11494,11428,11466,-58,-0.50%,104040.0,11466,90991,11466,11467,11682,10251,original,,一般,
2019-11-14,TX,201911  ,11493,11496,11413,11456,-10,-0.09%,106892.0,11456,90392,11455,11456,11682,10251,original,,一般,
2019-11-15,TX,201911  ,11485,11563,11480,11532,76,0.66%,107490.0,11532,82923,11532,11533,11682,10251,original,,一般,
2019-11-18,TX,201911  ,11533,11594,11507,11593,61,0.53%,107411.0,11592,60912,11593,11594,11682,10251,original,,一般,
2019-11-19,TX,201911  ,11574,11654,11563,11644,52,0.45%,96240.0,11645,41709,11644,11646,11682,10251,original,,一般,
2019-11-20,TX,201911  ,11621,11644,11594,11607,-38,-0.33%,62136.0,0,22951,11607,11608,11682,10251,original,,一般,
2019-11-21,TX,201912  ,11529,11551,11450,11544,-55,-0.47%,135473.0,11545,85493,11544,11546,11660,8770,original,,一般,
2019-11-22,TX,201912  ,11565,11592,11531,11556,11,0.10%,80409.0,11554,86002,11554,11556,11660,8770,original,,一般,
2019-11-25,TX,201912  ,11615,11629,11559,11565,11,0.10%,87376.0,11566,85496,11564,11565,11660,8770,original,,一般,
2019-11-26,TX,201912  ,11620,11658,11603,11618,52,0.45%,107977.0,11618,88596,11618,11619,11660,8770,original,,一般,
2019-11-27,TX,201912  ,11613,11651,11596,11647,29,0.25%,70898.0,11647,87696,11647,11649,11660,8770,original,,一般,
2019-11-28,TX,201912  ,11658,11663,11605,11614,-33,-0.28%,88687.0,11613,87551,11614,11615,11682,8770,original,,一般,
2019-11-29,TX,201912  ,11604,11613,11462,11465,-148,-1.27%,131564.0,11464,91402,11463,11464,11682,8770,original,,一般,
2019-12-02,TX,201912  ,11527,11533,11459,11502,38,0.33%,90579.0,11502,90603,11502,11503,11682,8770,original,,一般,
2019-12-03,TX,201912  ,11444,11527,11439,11524,22,0.19%,88994.0,11523,91515,11524,11525,11682,8770,original,,一般,
2019-12-04,TX,201912  ,11492,11505,11443,11503,-20,-0.17%,106806.0,11502,88447,11502,11503,11682,8770,original,,一般,
2019-12-05,TX,201912  ,11540,11618,11532,11598,96,0.83%,91837.0,11598,92331,11598,11599,11682,8770,original,,一般,
2019-12-06,TX,201912  ,11645,11670,11580,11612,14,0.12%,88309.0,11611,90408,11612,11613,11682,8770,original,,一般,
2019-12-09,TX,201912  ,11670,11699,11633,11671,60,0.52%,78956.0,11671,92589,11671,11672,11699,8770,original,,一般,
2019-12-10,TX,201912  ,11647,11656,11605,11625,-46,-0.39%,73085.0,11624,88947,11624,11625,11699,8770,original,,一般,
2019-12-11,TX,201912  ,11600,11706,11594,11706,82,0.71%,92546.0,11704,88957,11704,11706,11706,8770,original,,一般,
2019-12-12,TX,201912  ,11765,11888,11754,11853,149,1.27%,119427.0,11851,85740,11852,11853,11888,8770,original,,一般,
2019-12-13,TX,201912  ,11977,12007,11917,11965,114,0.96%,117530.0,11963,82363,11965,11966,12007,8770,original,,一般,
2019-12-16,TX,201912  ,11932,11976,11922,11961,-2,-0.02%,95670.0,11959,68880,11959,11961,12007,8770,original,,一般,
2019-12-17,TX,201912  ,11974,12102,11945,12100,141,1.18%,111124.0,12099,48296,12099,12101,12102,8770,original,,一般,
2019-12-18,TX,201912  ,12077,12129,12065,12118,19,0.16%,54946.0,0,32030,12118,12119,12129,8770,original,,一般,
2019-12-19,TX,202001  ,12110,12115,12015,12030,-66,-0.55%,92209.0,12031,85170,12030,12032,12118,11070,original,,一般,
2019-12-20,TX,202001  ,12063,12063,11951,11979,-52,-0.43%,126757.0,11979,84059,11977,11979,12118,11070,original,,一般,
2019-12-23,TX,202001  ,12000,12028,11972,12020,41,0.34%,75298.0,12020,84007,12019,12021,12118,11070,original,,一般,
2019-12-24,TX,202001  ,12030,12044,11982,11983,-37,-0.31%,55384.0,11983,83808,11982,11984,12118,11070,original,,一般,
2019-12-25,TX,202001  ,11989,12027,11976,12020,37,0.31%,41599.0,12019,84522,12019,12021,12118,11070,original,,一般,
2019-12-26,TX,202001  ,12029,12042,11986,12009,-10,-0.08%,52249.0,12007,85853,12008,12009,12118,11070,original,,一般,
2019-12-27,TX,202001  ,12038,12112,12037,12097,90,0.75%,74454.0,12097,88703,12097,12098,12118,11070,original,,一般,
2019-12-30,TX,202001  ,12091,12125,12065,12069,-28,-0.23%,66062.0,12069,88167,12069,12070,12125,11070,original,,一般,
2019-12-31,TX,202001  ,12029,12049,11992,11995,-74,-0.61%,74341.0,11994,89098,11995,11996,12125,11070,original,,一般,
2020-01-02,TX,202001  ,12044,12120,12023,12102,108,0.90%,100401.0,12101,87608,12101,12102,12125,11070,original,,一般,
2020-01-03,TX,202001  ,12180,12198,11996,12086,-15,-0.12%,172660.0,12087,85123,12086,12088,12198,11070,original,,一般,
2020-01-06,TX,202001  ,12017,12034,11948,11950,-137,-1.13%,118380.0,11949,86049,11950,11951,12198,11070,original,,一般,
2020-01-07,TX,202001  ,11995,12009,11816,11871,-78,-0.65%,157264.0,11871,82993,11871,11872,12198,11070,original,,一般,
2020-01-08,TX,202001  ,11728,11892,11697,11788,-83,-0.70%,158971.0,11788,81175,11787,11788,12198,11070,original,,一般,
2020-01-09,TX,202001  ,11919,11998,11883,11968,180,1.53%,115014.0,11969,80949,11968,11970,12198,11070,original,,一般,
2020-01-10,TX,202001  ,12005,12042,11953,12010,41,0.34%,114171.0,12011,72684,12010,12011,12198,11070,original,,一般,
2020-01-13,TX,202001  ,12085,12121,12044,12117,106,0.88%,142642.0,12116,58810,12117,12118,12198,11070,original,,一般,
2020-01-14,TX,202001  ,12176,12199,12148,12181,65,0.54%,104397.0,12181,39121,12181,12183,12199,11070,original,,一般,
2020-01-15,TX,202001  ,12159,12175,12058,12063,-118,-0.97%,89882.0,0,25911,12062,12063,12199,11070,original,,一般,
2020-01-16,TX,202002  ,12040,12078,11990,12056,2,0.02%,106272.0,12052,78587,12055,12056,12183,11383,original,,一般,
2020-01-17,TX,202002  ,12103,12118,12029,12072,20,0.17%,101199.0,12071,77466,12072,12073,12183,11383,original,,一般,
2020-01-20,TX,202002  ,12119,12160,12097,12111,40,0.33%,77557.0,12111,77182,12110,12111,12183,11383,original,,一般,
2020-01-30,TX,202002  ,11770,11798,11366,11370,-741,-6.12%,248664.0,11372,86323,11368,11369,12183,11366,original,,一般,
2020-01-31,TX,202002  ,11460,11567,11407,11468,96,0.84%,154361.0,11469,84049,11467,11468,12183,11271,original,,一般,
2020-02-03,TX,202002  ,11285,11370,11152,11325,-144,-1.26%,206381.0,11324,84916,11323,11324,12183,11152,original,,一般,
2020-02-04,TX,202002  ,11373,11557,11362,11534,210,1.85%,145462.0,11534,81907,11532,11534,12183,11152,original,,一般,
2020-02-05,TX,202002  ,11603,11620,11474,11542,8,0.07%,155144.0,11542,80299,11541,11542,12183,11152,original,,一般,
2020-02-06,TX,202002  ,11651,11744,11628,11741,199,1.72%,122911.0,11739,81655,11740,11741,12183,11152,original,,一般,
2020-02-07,TX,202002  ,11660,11666,11566,11592,-147,-1.25%,125747.0,11589,76980,11592,11593,12183,11152,original,,一般,
2020-02-10,TX,202002  ,11455,11598,11402,11564,-25,-0.22%,147183.0,11565,77151,11564,11565,12183,11152,original,,一般,
2020-02-11,TX,202002  ,11625,11689,11613,11666,101,0.87%,92406.0,11664,75559,11665,11666,12183,11152,original,,一般,
2020-02-12,TX,202002  ,11663,11797,11647,11771,107,0.92%,105501.0,11770,79401,11771,11772,12183,11152,original,,一般,
2020-02-13,TX,202002  ,11798,11837,11762,11774,4,0.03%,110031.0,11775,77110,11774,11775,12183,11152,original,,一般,
2020-02-14,TX,202002  ,11757,11852,11755,11812,37,0.31%,102988.0,11810,72508,11811,11812,12183,11152,original,,一般,
2020-02-17,TX,202002  ,11710,11792,11702,11770,-40,-0.34%,109882.0,11769,56156,11770,11771,12183,11152,original,,一般,
2020-02-18,TX,202002  ,11715,11719,11627,11640,-129,-1.10%,154544.0,11640,38880,11640,11642,12183,11152,original,,一般,
2020-02-19,TX,202002  ,11678,11805,11637,11760,120,1.03%,83637.0,0,26809,11759,11760,12183,11152,original,,一般,
2020-02-20,TX,202003  ,11820,11830,11679,11715,-48,-0.41%,137132.0,11713,74865,11715,11716,12166,9756,original,,一般,
2020-02-21,TX,202003  ,11665,11765,11636,11664,-49,-0.42%,139432.0,11663,75344,11664,11665,12166,9756,original,,一般,
2020-02-24,TX,202003  ,11509,11587,11476,11508,-155,-1.33%,136123.0,11511,79312,11508,11509,12166,9756,original,,一般,
2020-02-25,TX,202003  ,11400,11561,11386,11542,31,0.27%,148777.0,11541,81168,11541,11542,12166,9756,original,,一般,
2020-02-26,TX,202003  ,11383,11482,11365,11421,-120,-1.04%,162698.0,11421,80774,11420,11421,12166,9756,original,,一般,
2020-02-27,TX,202003  ,11395,11447,11237,11273,-148,-1.30%,168661.0,11276,82289,11273,11275,12166,9756,original,,一般,
2020-03-02,TX,202003  ,11011,11278,11005,11174,-102,-0.90%,203861.0,11176,85979,11174,11175,12166,9756,original,,一般,
2020-03-03,TX,202003  ,11313,11375,11278,11324,148,1.32%,165499.0,11321,81816,11323,11324,12166,9756,original,,一般,
2020-03-04,TX,202003  ,11348,11369,11267,11364,43,0.38%,142617.0,11358,83414,11362,11364,12166,9756,original,,一般,
2020-03-05,TX,202003  ,11450,11501,11428,11492,134,1.18%,112997.0,11491,88673,11489,11492,12166,9756,original,,一般,
2020-03-06,TX,202003  ,11400,11420,11260,11269,-222,-1.93%,154698.0,11269,86748,11268,11271,12166,9756,original,,一般,
2020-03-09,TX,202003  ,10975,11108,10916,10950,-319,-2.83%,213069.0,10951,85921,10950,10951,12166,9756,original,,一般,
2020-03-10,TX,202003  ,10830,10996,10779,10984,33,0.30%,209076.0,10981,83209,10982,10983,12166,9756,original,,一般,
2020-03-11,TX,202003  ,10979,11029,10807,10821,-160,-1.46%,183871.0,10824,83903,10821,10822,12166,9756,original,,一般,
2020-03-12,TX,202003  ,10750,10765,10161,10367,-457,-4.22%,331510.0,10362,91379,10367,10368,12166,9756,original,,一般,
2020-03-13,TX,202003  ,9749,10147,9450,10021,-341,-3.29%,348943.0,10027,94984,10017,10021,12166,9450,original,,一般,
2020-03-16,TX,202003  ,9919,10055,9636,9668,-359,-3.58%,260020.0,9679,70351,9668,9672,12166,9450,original,,一般,
2020-03-17,TX,202003  ,9379,9677,9271,9363,-316,-3.26%,257921.0,9371,52372,9359,9364,12166,9180,original,,一般,
2020-03-18,TX,202003  ,9366,9489,9205,9263,-108,-1.15%,111426.0,0,40267,9263,9264,12166,9073,original,,一般,
2020-03-19,TX,202004  ,8820,8872,8268,8353,-566,-6.35%,307231.0,8356,104495,8352,8353,12103,8268,original,,一般,
2020-03-20,TX,202004  ,8562,9166,8544,9013,657,7.86%,266159.0,9041,97916,9006,9011,12103,8268,original,,一般,
2020-03-23,TX,202004  ,8609,8868,8555,8688,-353,-3.90%,180341.0,8665,102203,8687,8689,12103,8268,original,,一般,
2020-03-24,TX,202004  ,8998,9295,8986,9193,528,6.09%,179105.0,9193,93814,9190,9191,12103,8268,original,,一般,
2020-03-25,TX,202004  ,9410,9624,9370,9583,390,4.24%,209717.0,9585,84344,9583,9585,12103,8268,original,,一般,
2020-03-26,TX,202004  ,9679,9690,9426,9638,53,0.55%,190488.0,9631,81036,9638,9640,12103,8268,original,,一般,
2020-03-27,TX,202004  ,9899,9910,9548,9583,-48,-0.50%,187676.0,9579,80664,9583,9584,12103,8268,original,,一般,
2020-03-30,TX,202004  ,9376,9576,9266,9576,-3,-0.03%,164970.0,9566,82356,9571,9576,12103,8268,original,,一般,
2020-03-31,TX,202004  ,9666,9717,9495,9596,30,0.31%,142747.0,9595,83397,9593,9596,12103,8268,original,,一般,
2020-04-01,TX,202004  ,9588,9650,9551,9552,-43,-0.45%,116273.0,9555,83725,9551,9552,12103,8268,original,,一般,
2020-04-06,TX,202004  ,9741,9860,9582,9826,271,2.84%,146380.0,9823,82196,9825,9826,12103,8268,original,,一般,
2020-04-07,TX,202004  ,9955,10020,9878,9997,174,1.77%,137022.0,9998,81049,9996,9998,12103,8268,original,,一般,
2020-04-08,TX,202004  ,9950,10135,9945,10127,129,1.29%,130314.0,10122,80878,10126,10128,12103,8268,original,,一般,
2020-04-09,TX,202004  ,10131,10197,10028,10101,-21,-0.21%,135819.0,10100,80629,10099,10101,12103,8268,original,,一般,
2020-04-10,TX,202004  ,10038,10140,10030,10133,33,0.33%,74244.0,10133,79143,10132,10134,12103,8268,original,,一般,
2020-04-13,TX,202004  ,10084,10149,10031,10073,-60,-0.59%,124231.0,10079,57207,10073,10076,12103,8268,original,,一般,
2020-04-14,TX,202004  ,10160,10355,10125,10346,267,2.65%,133841.0,10343,35194,10344,10346,12103,8268,original,,一般,
2020-04-15,TX,202004  ,10347,10463,10330,10450,107,1.03%,67002.0,0,23758,10450,10451,12103,8268,original,,一般,
2020-04-16,TX,202005  ,10177,10343,10161,10302,-23,-0.22%,117908.0,10301,74924,10301,10302,11776,8212,original,,一般,
2020-04-17,TX,202005  ,10575,10669,10456,10561,260,2.52%,159024.0,10563,74507,10561,10565,11776,8212,original,,一般,
2020-04-20,TX,202005  ,10515,10560,10458,10476,-87,-0.82%,95719.0,10475,76238,10476,10478,11776,8212,original,,一般,
2020-04-21,TX,202005  ,10406,10467,10144,10198,-277,-2.64%,185566.0,10196,84193,10195,10198,11776,8212,original,,一般,
2020-04-22,TX,202005  ,10145,10226,10065,10225,29,0.28%,140413.0,10222,81780,10224,10225,11776,8212,original,,一般,
2020-04-23,TX,202005  ,10268,10402,10154,10292,70,0.68%,167258.0,10292,80199,10292,10293,11776,8212,original,,一般,
2020-04-24,TX,202005  ,10231,10292,10211,10270,-22,-0.21%,104624.0,10268,80100,10268,10270,11776,8212,original,,一般,
2020-04-27,TX,202005  ,10373,10567,10368,10547,279,2.72%,123332.0,10545,83798,10546,10547,11776,8212,original,,一般,
2020-04-28,TX,202005  ,10600,10605,10480,10582,37,0.35%,110417.0,10583,82619,10581,10583,11776,8212,original,,一般,
2020-04-29,TX,202005  ,10655,10770,10631,10707,124,1.17%,114379.0,10709,84001,10707,10710,11776,8212,original,,一般,
2020-04-30,TX,202005  ,10813,10971,10803,10944,235,2.19%,115419.0,10947,82151,10945,10947,11776,8212,original,,一般,
2020-05-04,TX,202005  ,10540,10699,10477,10615,-332,-3.03%,133437.0,10610,79826,10613,10616,11776,8212,original,,一般,
2020-05-05,TX,202005  ,10717,10795,10658,10725,115,1.08%,110697.0,10719,79368,10722,10725,11776,8212,original,,一般,
2020-05-06,TX,202005  ,10658,10780,10618,10750,31,0.29%,123280.0,10749,79691,10749,10751,11776,8212,original,,一般,
2020-05-07,TX,202005  ,10736,10877,10710,10833,84,0.78%,116774.0,10833,81556,10832,10833,11776,8212,original,,一般,
2020-05-08,TX,202005  ,10893,10956,10853,10896,63,0.58%,106019.0,10894,81650,10894,10896,11776,8212,original,,一般,
2020-05-11,TX,202005  ,10979,11038,10935,10983,89,0.82%,93372.0,10982,81804,10980,10983,11776,8212,original,,一般,
2020-05-12,TX,202005  ,10902,10932,10802,10865,-117,-1.07%,117000.0,10865,80674,10863,10865,11776,8212,original,,一般,
2020-05-13,TX,202005  ,10783,10925,10776,10915,50,0.46%,103023.0,10914,80579,10915,10917,11776,8212,original,,一般,
2020-05-14,TX,202005  ,10828,10877,10738,10750,-164,-1.50%,128433.0,10749,79237,10750,10751,11776,8212,original,,一般,
2020-05-15,TX,202005  ,10830,10869,10701,10818,69,0.64%,135179.0,10817,68025,10817,10818,11776,8212,original,,一般,
2020-05-18,TX,202005  ,10768,10824,10724,10763,-54,-0.50%,134342.0,10761,47753,10761,10763,11776,8212,original,,一般,
2020-05-19,TX,202005  ,10932,10964,10836,10872,111,1.03%,128453.0,10868,30074,10868,10872,11776,8212,original,,一般,
2020-05-20,TX,202005  ,10903,10960,10853,10887,19,0.17%,61752.0,0,19817,10886,10887,11776,8212,original,,一般,
2020-05-21,TX,202006  ,10903,11008,10894,10952,101,0.93%,116771.0,10953,80534,10952,10954,12115,8150,original,,一般,
2020-05-22,TX,202006  ,10928,10935,10723,10743,-210,-1.92%,137601.0,10744,82807,10743,10745,12115,8150,original,,一般,
2020-05-25,TX,202006  ,10800,10840,10651,10817,73,0.68%,120809.0,10821,78195,10817,10820,12115,8150,original,,一般,
2020-05-26,TX,202006  ,10896,11027,10891,10984,163,1.51%,106978.0,10984,82589,10984,10985,12115,8150,original,,一般,
2020-05-27,TX,202006  ,10962,11037,10926,10972,-12,-0.11%,103162.0,10973,79890,10972,10975,12115,8150,original,,一般,
2020-05-28,TX,202006  ,11066,11077,10856,10907,-66,-0.60%,142469.0,10911,79493,10907,10908,12115,8150,original,,一般,
2020-05-29,TX,202006  ,10888,10950,10806,10922,11,0.10%,115914.0,10919,80552,10918,10922,12115,8150,original,,一般,
2020-06-01,TX,202006  ,10983,11103,10971,11057,138,1.26%,105285.0,11057,84173,11057,11058,12115,8150,original,,一般,
2020-06-02,TX,202006  ,11080,11140,11072,11106,49,0.44%,83041.0,11107,82263,11106,11108,12115,8150,original,,一般,
2020-06-03,TX,202006  ,11250,11299,11206,11283,176,1.58%,109433.0,11283,84902,11282,11283,12115,8150,original,,一般,
2020-06-04,TX,202006  ,11419,11425,11306,11357,74,0.66%,109338.0,11358,80932,11357,11359,12115,8150,original,,一般,
2020-06-05,TX,202006  ,11399,11473,11377,11457,99,0.87%,85304.0,11457,84404,11457,11459,12115,8150,original,,一般,
2020-06-08,TX,202006  ,11550,11626,11491,11570,113,0.99%,107836.0,11570,81247,11570,11571,12115,8150,original,,一般,
2020-06-09,TX,202006  ,11596,11622,11521,11609,39,0.34%,90763.0,11606,83646,11607,11609,12115,8150,original,,一般,
2020-06-10,TX,202006  ,11634,11730,11596,11706,100,0.86%,95474.0,11704,84424,11703,11706,12115,8150,original,,一般,
2020-06-11,TX,202006  ,11689,11738,11475,11491,-213,-1.82%,144385.0,11491,83836,11487,11493,12115,8150,original,,一般,
2020-06-12,TX,202006  ,11331,11432,11250,11395,-96,-0.84%,138977.0,11391,75548,11394,11397,12115,8150,original,,一般,
2020-06-15,TX,202006  ,11356,11446,11216,11229,-162,-1.42%,162092.0,11225,49266,11229,11230,12115,8150,original,,一般,
2020-06-16,TX,202006  ,11448,11554,11421,11526,301,2.68%,132203.0,11522,27464,11521,11526,12115,8150,original,,一般,
2020-06-17,TX,202006  ,11480,11568,11467,11521,-1,-0.01%,68402.0,0,17194,11520,11521,12115,8150,original,,一般,
2020-06-18,TX,202007  ,11372,11425,11295,11394,35,0.31%,115951.0,11395,81858,11394,11397,11571,9842,original,,一般,
2020-06-19,TX,202007  ,11424,11439,11361,11410,15,0.13%,94025.0,11409,81935,11409,11411,11571,9842,original,,一般,
2020-06-22,TX,202007  ,11374,11498,11362,11423,14,0.12%,114951.0,11421,87201,11415,11424,11571,9842,original,,一般,
2020-06-23,TX,202007  ,11493,11540,11346,11455,34,0.30%,140506.0,11456,87354,11453,11455,11571,9842,original,,一般,
2020-06-24,TX,202007  ,11541,11570,11503,11523,67,0.58%,90292.0,11523,87060,11523,11525,11571,9842,original,,一般,
2020-06-29,TX,202007  ,11394,11458,11315,11361,-162,-1.41%,126715.0,11363,85134,11361,11362,11571,9842,original,,一般,
2020-06-30,TX,202007  ,11460,11502,11412,11469,106,0.93%,84812.0,11470,85169,11469,11471,11571,9842,original,,一般,
2020-07-01,TX,202007  ,11482,11623,11472,11546,76,0.66%,102446.0,11544,89399,11544,11546,11623,9842,original,,一般,
2020-07-02,TX,202007  ,11585,11712,11566,11695,151,1.31%,92103.0,11695,92250,11695,11698,11712,9842,original,,一般,
2020-07-03,TX,202007  ,11788,11850,11752,11838,143,1.22%,92327.0,11834,91045,11836,11837,11850,9842,original,,一般,
2020-07-06,TX,202007  ,11921,12072,11905,12065,231,1.95%,107214.0,12067,92777,12065,12067,12072,9842,original,,一般,
2020-07-07,TX,202007  ,12149,12192,11990,12027,-40,-0.33%,134410.0,12028,88719,12027,12028,12192,9842,original,,一般,
2020-07-08,TX,202007  ,12041,12145,12025,12125,97,0.81%,103418.0,12126,88695,12125,12126,12192,9842,original,,一般,
2020-07-09,TX,202007  ,12202,12222,12118,12147,21,0.17%,112588.0,12149,85609,12147,12149,12222,9842,original,,一般,
2020-07-10,TX,202007  ,12204,12213,11987,11999,-150,-1.23%,140575.0,11995,77309,11998,11999,12222,9842,original,,一般,
2020-07-13,TX,202007  ,12139,12210,12105,12205,210,1.75%,116687.0,12204,55380,12204,12205,12222,9842,original,,一般,
2020-07-14,TX,202007  ,12147,12224,12119,12188,-16,-0.13%,136035.0,12188,27481,12187,12188,12297,9842,original,,一般,
2020-07-15,TX,202007  ,12305,12323,12150,12220,32,0.26%,74574.0,0,16707,12219,12220,12323,9842,original,,一般,
2020-07-16,TX,202008  ,12066,12094,11931,12032,-52,-0.43%,133119.0,12029,79226,12031,12032,12162,10350,original,,一般,
2020-07-17,TX,202008  ,12088,12138,12011,12039,10,0.08%,112518.0,12039,80779,12038,12040,12162,10350,original,,一般,
2020-07-20,TX,202008  ,12073,12075,11903,12031,-8,-0.07%,121048.0,12033,81773,12031,12035,12162,10350,original,,一般,
2020-07-21,TX,202008  ,12125,12324,12121,12289,256,2.13%,123081.0,12288,89833,12289,12290,12324,10350,original,,一般,
2020-07-22,TX,202008  ,12301,12361,12256,12331,43,0.35%,95059.0,12332,87678,12331,12333,12369,10350,original,,一般,
2020-07-23,TX,202008  ,12309,12313,12199,12288,-44,-0.36%,122819.0,12287,87279,12288,12290,12369,10350,original,,一般,
2020-07-24,TX,202008  ,12232,12352,12123,12150,-137,-1.11%,172087.0,12150,87471,12148,12150,12369,10350,original,,一般,
2020-07-27,TX,202008  ,12410,12572,12407,12503,353,2.91%,140577.0,12498,84694,12502,12503,12572,10350,original,,一般,
2020-07-28,TX,202008  ,12834,12900,12408,12457,-41,-0.33%,245816.0,12454,84488,12451,12457,12900,10350,original,,一般,
2020-07-29,TX,202008  ,12446,12543,12392,12423,-31,-0.25%,138924.0,12421,86704,12423,12429,12900,10350,original,,一般,
2020-07-30,TX,202008  ,12617,12627,12488,12596,175,1.41%,126225.0,12595,85832,12596,12598,12900,10350,original,,一般,
2020-07-31,TX,202008  ,12606,12644,12525,12577,-18,-0.14%,130348.0,12576,87808,12577,12578,12900,10350,original,,一般,
2020-08-03,TX,202008  ,12531,12567,12405,12443,-133,-1.06%,134894.0,12440,92153,12443,12444,12900,10350,original,,一般,
2020-08-04,TX,202008  ,12516,12632,12489,12629,189,1.52%,111175.0,12629,92179,12628,12631,12900,10350,original,,一般,
2020-08-05,TX,202008  ,12700,12746,12643,12744,115,0.91%,106101.0,12741,90734,12744,12747,12900,10350,original,,一般,
2020-08-06,TX,202008  ,12856,12925,12753,12835,94,0.74%,141397.0,12836,89700,12835,12836,12925,10350,original,,一般,
2020-08-07,TX,202008  ,12860,12866,12706,12763,-73,-0.57%,114920.0,12759,89890,12758,12763,12925,10350,original,,一般,
2020-08-10,TX,202008  ,12779,12905,12720,12855,96,0.75%,109604.0,12854,89556,12854,12855,12925,10350,original,,一般,
2020-08-11,TX,202008  ,12825,12874,12727,12737,-117,-0.91%,106920.0,12735,88168,12736,12737,12925,10350,original,,一般,
2020-08-12,TX,202008  ,12700,12701,12565,12655,-80,-0.63%,131890.0,12655,82261,12654,12657,12925,10350,original,,一般,
2020-08-13,TX,202008  ,12816,12836,12702,12723,68,0.54%,113664.0,12725,77993,12723,12726,12925,10350,original,,一般,
2020-08-14,TX,202008  ,12696,12790,12646,12788,63,0.50%,105105.0,12789,70280,12788,12790,12925,10350,original,,一般,
2020-08-17,TX,202008  ,12776,12959,12771,12955,166,1.30%,126563.0,12953,54015,12955,12956,12959,10350,original,,一般,
2020-08-18,TX,202008  ,12983,12998,12836,12875,-78,-0.60%,134346.0,12877,27343,12875,12878,13029,10350,original,,一般,
2020-08-19,TX,202008  ,12905,12955,12780,12806,-71,-0.55%,70664.0,0,14235,12806,12807,13029,10350,original,,一般,
2020-08-20,TX,202009  ,12695,12709,12067,12305,-444,-3.48%,237845.0,12298,90054,12305,12306,12972,7782,original,,一般,
2020-08-21,TX,202009  ,12466,12598,12423,12543,245,1.99%,134925.0,12551,87789,12543,12546,12972,7782,original,,一般,
2020-08-24,TX,202009  ,12568,12653,12503,12604,53,0.42%,103793.0,12603,87968,12604,12606,12972,7782,original,,一般,
2020-08-25,TX,202009  ,12657,12795,12643,12737,134,1.06%,111954.0,12735,90904,12735,12736,12972,7782,original,,一般,
2020-08-26,TX,202009  ,12730,12799,12681,12792,57,0.45%,86909.0,12795,88560,12792,12794,12972,7782,original,,一般,
2020-08-27,TX,202009  ,12838,12925,12735,12760,-35,-0.27%,126988.0,12758,85849,12759,12760,12972,7782,original,,一般,
2020-08-28,TX,202009  ,12740,12782,12634,12691,-67,-0.53%,138555.0,12688,86812,12688,12692,12972,7782,original,,一般,
2020-08-31,TX,202009  ,12800,12826,12563,12591,-97,-0.76%,142474.0,12589,90306,12588,12591,12972,7782,original,,一般,
2020-09-01,TX,202009  ,12566,12698,12531,12691,102,0.81%,114612.0,12688,89228,12691,12692,12972,7782,original,,一般,
2020-09-02,TX,202009  ,12765,12776,12595,12691,3,0.02%,127417.0,12690,85421,12690,12692,12972,7782,original,,一般,
2020-09-03,TX,202009  ,12792,12858,12705,12732,42,0.33%,130555.0,12734,86141,12732,12735,12972,7782,original,,一般,
2020-09-04,TX,202009  ,12558,12651,12510,12606,-128,-1.01%,130795.0,12607,86216,12606,12608,12972,7782,original,,一般,
2020-09-07,TX,202009  ,12608,12733,12560,12582,-25,-0.20%,137459.0,12580,84294,12579,12582,12972,7782,original,,一般,
2020-09-08,TX,202009  ,12657,12695,12610,12667,87,0.69%,110554.0,12667,86295,12667,12669,12972,7782,original,,一般,
2020-09-09,TX,202009  ,12545,12606,12434,12598,-69,-0.54%,153591.0,12598,88825,12598,12601,12972,7782,original,,一般,
2020-09-10,TX,202009  ,12669,12706,12622,12699,101,0.80%,111296.0,12698,87724,12696,12699,12972,7782,original,,一般,
2020-09-11,TX,202009  ,12658,12689,12606,12661,-37,-0.29%,114638.0,12663,77698,12661,12664,12972,7782,original,,一般,
2020-09-14,TX,202009  ,12694,12797,12678,12785,122,0.96%,127791.0,12784,61095,12784,12785,12972,7782,original,,一般,
2020-09-15,TX,202009  ,12768,12855,12756,12840,56,0.44%,108510.0,12843,35471,12841,12843,12972,7782,original,,一般,
2020-09-16,TX,202009  ,12945,13018,12900,12968,125,0.97%,67977.0,0,20627,12968,12970,13018,7782,original,,一般,
2020-09-17,TX,202010  ,12855,12908,12772,12816,-87,-0.67%,119751.0,12815,91763,12816,12819,12957,11820,original,,一般,
2020-09-18,TX,202010  ,12839,12866,12773,12835,20,0.16%,95760.0,12833,93158,12833,12835,12957,11820,original,,一般,
2020-09-21,TX,202010  ,12820,12877,12655,12659,-174,-1.36%,140049.0,12659,100342,12659,12661,12957,11820,original,,一般,
2020-09-22,TX,202010  ,12627,12655,12481,12507,-152,-1.20%,130601.0,12509,101873,12507,12508,12957,11820,original,,一般,
2020-09-23,TX,202010  ,12553,12563,12441,12528,19,0.15%,117910.0,12528,99722,12528,12530,12957,11820,original,,一般,
2020-09-24,TX,202010  ,12407,12414,12166,12175,-353,-2.82%,171038.0,12180,101987,12174,12176,12957,11820,original,,一般,
2020-09-25,TX,202010  ,12265,12309,12114,12195,15,0.12%,128504.0,12195,97893,12197,12199,12957,11820,original,,一般,
2020-09-28,TX,202010  ,12292,12421,12246,12417,222,1.82%,94633.0,12415,101319,12415,12417,12957,11820,original,,一般,
2020-09-29,TX,202010  ,12478,12522,12395,12421,6,0.05%,103096.0,12421,100175,12421,12423,12957,11820,original,,一般,
2020-09-30,TX,202010  ,12456,12548,12444,12472,51,0.41%,107766.0,12473,97922,12469,12472,12957,11820,original,,一般,
2020-10-05,TX,202010  ,12577,12620,12486,12529,56,0.45%,93958.0,12529,95856,12529,12531,12957,11820,original,,一般,
2020-10-06,TX,202010  ,12618,12704,12614,12675,146,1.17%,99739.0,12677,98529,12674,12676,12957,11820,original,,一般,
2020-10-07,TX,202010  ,12620,12758,12606,12755,78,0.62%,89405.0,12754,96122,12754,12755,12957,11820,original,,一般,
2020-10-08,TX,202010  ,12831,12876,12772,12873,119,0.93%,99102.0,12873,95163,12875,12876,12957,11820,original,,一般,
2020-10-12,TX,202010  ,12935,12995,12878,12920,47,0.37%,106219.0,12921,94355,12920,12922,12995,11820,original,,一般,
2020-10-13,TX,202010  ,12950,12952,12816,12919,-2,-0.02%,99008.0,12915,94824,12917,12920,12995,11820,original,,一般,
2020-10-14,TX,202010  ,12940,12956,12871,12888,-27,-0.21%,82548.0,12890,93949,12889,12891,12995,11820,original,,一般,
2020-10-15,TX,202010  ,12838,12892,12727,12840,-50,-0.39%,130422.0,12840,89866,12840,12842,12995,11820,original,,一般,
2020-10-16,TX,202010  ,12818,12865,12718,12745,-95,-0.74%,116952.0,12748,80764,12745,12749,12995,11820,original,,一般,
2020-10-19,TX,202010  ,12783,12912,12782,12896,148,1.16%,127215.0,12893,59173,12892,12896,12995,11820,original,,一般,
2020-10-20,TX,202010  ,12892,12905,12844,12856,-37,-0.29%,100271.0,12855,30754,12854,12856,12995,11820,original,,一般,
2020-10-21,TX,202010  ,12906,12946,12851,12860,5,0.04%,58692.0,0,16962,12860,12861,12995,11820,original,,一般,
2020-10-22,TX,202011  ,12729,12839,12707,12837,29,0.23%,100864.0,12836,93253,12835,12838,12935,12003,original,,一般,
2020-10-23,TX,202011  ,12865,12883,12795,12839,3,0.02%,78710.0,12838,91640,12837,12839,12935,12003,original,,一般,
2020-10-26,TX,202011  ,12848,12935,12820,12858,20,0.16%,90884.0,12860,95134,12859,12860,12935,12003,original,,一般,
2020-10-27,TX,202011  ,12826,12833,12765,12807,-53,-0.41%,82240.0,12808,96294,12806,12809,12935,12003,original,,一般,
2020-10-28,TX,202011  ,12780,12809,12713,12739,-69,-0.54%,88057.0,12743,97934,12739,12743,12935,12003,original,,一般,
2020-10-29,TX,202011  ,12598,12640,12504,12602,-141,-1.11%,119037.0,12603,98700,12602,12604,12935,12003,original,,一般,
2020-10-30,TX,202011  ,12545,12563,12407,12414,-189,-1.50%,121830.0,12413,101334,12410,12414,12935,12003,original,,一般,
2020-11-02,TX,202011  ,12474,12531,12402,12515,102,0.82%,97211.0,12516,99603,12515,12517,12935,12003,original,,一般,
2020-11-03,TX,202011  ,12611,12715,12602,12685,169,1.35%,90467.0,12684,102652,12683,12685,12935,12003,original,,一般,
2020-11-04,TX,202011  ,12770,12879,12662,12865,181,1.43%,149906.0,12864,101843,12863,12865,12935,12003,original,,一般,
2020-11-05,TX,202011  ,12924,12928,12821,12890,26,0.20%,90854.0,12891,102162,12890,12892,12950,12003,original,,一般,
2020-11-06,TX,202011  ,12942,12991,12896,12936,45,0.35%,100789.0,12937,104862,12936,12939,12991,12003,original,,一般,
2020-11-09,TX,202011  ,13090,13175,13046,13121,184,1.42%,117098.0,13126,107526,13121,13124,13175,12003,original,,一般,
2020-11-10,TX,202011  ,13130,13154,13010,13071,-55,-0.42%,110282.0,13071,102973,13071,13073,13350,12003,original,,一般,
2020-11-11,TX,202011  ,13101,13281,13077,13263,192,1.47%,109089.0,13261,105905,13260,13263,13350,12003,original,,一般,
2020-11-12,TX,202011  ,13266,13305,13193,13230,-31,-0.23%,93512.0,13226,98644,13229,13230,13350,12003,original,,一般,
2020-11-13,TX,202011  ,13227,13285,13163,13284,58,0.44%,90650.0,13282,93119,13282,13284,13350,12003,original,,一般,
2020-11-16,TX,202011  ,13407,13582,13406,13581,299,2.25%,132561.0,13579,66431,13578,13582,13582,12003,original,,一般,
2020-11-17,TX,202011  ,13656,13737,13603,13625,46,0.34%,130507.0,13624,34304,13625,13627,13768,12003,original,,一般,
2020-11-18,TX,202011  ,13632,13788,13621,13756,132,0.97%,68642.0,0,23444,13755,13756,13788,12003,original,,一般,
2020-11-19,TX,202012  ,13732,13750,13662,13740,23,0.17%,95715.0,13742,97330,13740,13741,13838,7655,original,,一般,
2020-11-20,TX,202012  ,13724,13737,13640,13736,-6,-0.04%,85986.0,13733,95066,13735,13737,13838,7655,original,,一般,
2020-11-23,TX,202012  ,13790,13943,13788,13875,142,1.03%,115103.0,13873,93746,13871,13875,13943,7655,original,,一般,
2020-11-24,TX,202012  ,13921,13928,13777,13804,-69,-0.50%,89096.0,13799,92499,13804,13805,13943,7655,original,,一般,
2020-11-25,TX,202012  ,13886,13909,13692,13709,-90,-0.65%,123391.0,13712,93748,13708,13709,13943,7655,original,,一般,
2020-11-26,TX,202012  ,13788,13862,13741,13841,129,0.94%,97189.0,13839,96625,13841,13843,13943,7655,original,,一般,
2020-11-27,TX,202012  ,13781,13890,13763,13878,39,0.28%,94853.0,13878,95428,13878,13879,13943,7655,original,,一般,
2020-11-30,TX,202012  ,13883,13975,13704,13722,-156,-1.12%,134279.0,13720,97281,13721,13722,13975,7655,original,,一般,
2020-12-01,TX,202012  ,13818,13885,13751,13877,157,1.14%,91672.0,13875,98105,13877,13879,13975,7655,original,,一般,
2020-12-02,TX,202012  ,13932,13980,13855,13956,81,0.58%,110308.0,13955,96199,13956,13958,13980,7655,original,,一般,
2020-12-03,TX,202012  ,13971,14047,13903,13986,31,0.22%,125877.0,13982,92052,13983,13986,14047,7655,original,,一般,
2020-12-04,TX,202012  ,14022,14149,14012,14138,156,1.12%,110715.0,14133,95814,14136,14138,14149,7655,original,,一般,
2020-12-07,TX,202012  ,14181,14247,14087,14225,92,0.65%,125628.0,14220,90130,14222,14225,14247,7655,original,,一般,
2020-12-08,TX,202012  ,14206,14350,14156,14342,122,0.86%,111313.0,14340,89681,14341,14342,14350,7655,original,,一般,
2020-12-09,TX,202012  ,14372,14425,14331,14397,57,0.40%,96545.0,14397,88150,14396,14397,14425,7655,original,,一般,
2020-12-10,TX,202012  ,14261,14314,14178,14241,-156,-1.08%,126413.0,14237,84999,14240,14241,14425,7655,original,,一般,
2020-12-11,TX,202012  ,14290,14340,14091,14236,-1,-0.01%,159011.0,14237,79413,14236,14238,14425,7655,original,,一般,
2020-12-14,TX,202012  ,14264,14285,14197,14200,-37,-0.26%,120593.0,14201,57740,14200,14203,14425,7655,original,,一般,
2020-12-15,TX,202012  ,14162,14232,14030,14085,-116,-0.82%,158662.0,14084,34493,14082,14083,14425,7655,original,,一般,
2020-12-16,TX,202012  ,14198,14328,14186,14323,239,1.70%,71732.0,0,24726,14322,14323,14425,7655,original,,一般,
2020-12-17,TX,202101  ,14220,14225,14085,14186,-3,-0.02%,116139.0,14186,90580,14186,14188,14308,12240,original,,一般,
2020-12-18,TX,202101  ,14190,14222,14128,14137,-49,-0.35%,89422.0,14136,92795,14137,14138,14308,12240,original,,一般,
2020-12-21,TX,202101  ,14155,14313,14021,14312,176,1.25%,135177.0,14309,96348,14310,14312,14313,12240,original,,一般,
2020-12-22,TX,202101  ,14253,14334,14042,14046,-263,-1.84%,136896.0,14046,92798,14043,14046,14334,12240,original,,一般,
2020-12-23,TX,202101  ,14104,14181,14031,14113,67,0.48%,115346.0,14114,90615,14111,14112,14334,12240,original,,一般,
2020-12-24,TX,202101  ,14185,14287,14179,14242,128,0.91%,106221.0,14242,92621,14242,14246,14334,12240,original,,一般,
2020-12-25,TX,202101  ,14328,14383,14245,14305,63,0.44%,88875.0,14304,91293,14304,14307,14383,12240,original,,一般,
2020-12-28,TX,202101  ,14329,14444,14320,14437,133,0.93%,82692.0,14436,97682,14436,14437,14444,12240,original,,一般,
2020-12-29,TX,202101  ,14465,14466,14376,14459,23,0.16%,80587.0,14458,93380,14459,14461,14475,12240,original,,一般,
2020-12-30,TX,202101  ,14451,14643,14440,14638,180,1.24%,97857.0,14636,97732,14638,14639,14643,12240,original,,一般,
2020-12-31,TX,202101  ,14678,14712,14604,14678,42,0.29%,96684.0,14678,95189,14678,14679,14712,12240,original,,一般,
2021-01-04,TX,202101  ,14640,14925,14635,14874,196,1.34%,137069.0,14873,96894,14872,14875,14925,12240,original,,一般,
2021-01-05,TX,202101  ,14874,14980,14836,14977,104,0.70%,110886.0,14976,96044,14977,14978,14980,12240,original,,一般,
2021-01-06,TX,202101  ,15048,15140,14764,14911,-65,-0.43%,233806.0,14911,93545,14909,14911,15140,12240,original,,一般,
2021-01-07,TX,202101  ,15050,15260,15024,15230,319,2.14%,151918.0,15226,96154,15228,15230,15260,12240,original,,一般,
2021-01-08,TX,202101  ,15376,15473,15264,15454,228,1.50%,158703.0,15451,95314,15454,15456,15473,12240,original,,一般,
2021-01-11,TX,202101  ,15420,15538,15369,15534,83,0.54%,139479.0,15531,95732,15534,15535,15538,12240,original,,一般,
2021-01-12,TX,202101  ,15517,15605,15407,15493,-38,-0.24%,175838.0,15489,96686,15491,15493,15605,12240,original,,一般,
2021-01-13,TX,202101  ,15557,15790,15555,15764,275,1.78%,154811.0,15759,99559,15762,15764,15790,12240,original,,一般,
2021-01-14,TX,202101  ,15705,15766,15632,15729,-30,-0.19%,121305.0,15727,96100,15726,15729,15814,12240,original,,一般,
2021-01-15,TX,202101  ,15950,16002,15584,15634,-93,-0.59%,231505.0,15632,85266,15630,15634,16061,12240,original,,一般,
2021-01-18,TX,202101  ,15637,15679,15327,15606,-26,-0.17%,200935.0,15608,66865,15606,15609,16061,12240,original,,一般,
2021-01-19,TX,202101  ,15714,15946,15710,15888,280,1.79%,173474.0,15888,39927,15888,15891,16061,12240,original,,一般,
2021-01-20,TX,202101  ,15899,15964,15735,15766,-122,-0.77%,119559.0,0,26124,15765,15766,16061,12240,original,,一般,
2021-01-21,TX,202102  ,15803,16183,15769,16129,396,2.52%,231416.0,16125,81399,16127,16128,16183,13528,original,,一般,
2021-01-22,TX,202102  ,16051,16085,15928,15984,-141,-0.87%,161218.0,15977,84234,15984,15985,16183,13528,original,,一般,
2021-01-25,TX,202102  ,15956,16004,15719,15912,-65,-0.41%,168191.0,15911,85538,15910,15911,16183,13528,original,,一般,
2021-01-26,TX,202102  ,15865,15974,15537,15626,-285,-1.79%,230474.0,15628,85732,15625,15629,16183,13528,original,,一般,
2021-01-27,TX,202102  ,15725,15814,15585,15660,32,0.20%,184037.0,15657,83785,15658,15660,16183,13528,original,,一般,
2021-01-28,TX,202102  ,15411,15524,15305,15383,-274,-1.75%,202151.0,15382,83747,15382,15384,16183,13528,original,,一般,
2021-01-29,TX,202102  ,15498,15539,15063,15075,-307,-2.00%,206011.0,15070,81764,15075,15077,16183,13528,original,,一般,
2021-02-01,TX,202102  ,15156,15398,15090,15360,290,1.92%,164870.0,15362,79896,15361,15363,16183,13528,original,,一般,
2021-02-02,TX,202102  ,15469,15820,15459,15755,393,2.56%,177487.0,15752,77165,15751,15755,16183,13528,original,,一般,
2021-02-03,TX,202102  ,15864,15875,15716,15772,20,0.13%,145093.0,15773,67097,15772,15773,16183,13528,original,,一般,
2021-02-04,TX,202102  ,15721,15777,15542,15701,-72,-0.46%,179004.0,15696,49701,15701,15704,16183,13528,original,,一般,
2021-02-05,TX,202102  ,15809,15984,15751,15804,108,0.69%,178540.0,15802,32848,15802,15805,16183,13528,original,,一般,
2021-02-17,TX,202102  ,16261,16433,16179,16326,524,3.32%,100608.0,0,21454,16325,16326,16433,13528,original,,一般,
2021-02-18,TX,202103  ,16374,16525,16287,16380,50,0.31%,152979.0,16380,78450,16380,16381,16525,7591,original,,一般,
2021-02-19,TX,202103  ,16301,16328,16130,16314,-66,-0.40%,152680.0,16309,77388,16310,16313,16525,7591,original,,一般,
2021-02-22,TX,202103  ,16480,16564,16336,16385,76,0.47%,151539.0,16382,79173,16382,16386,16564,7591,original,,一般,
2021-02-23,TX,202103  ,16223,16451,16182,16437,55,0.34%,136807.0,16434,81294,16437,16439,16564,7591,original,,一般,
2021-02-24,TX,202103  ,16300,16435,16133,16182,-252,-1.53%,180413.0,16181,81350,16177,16182,16564,7591,original,,一般,
2021-02-25,TX,202103  ,16388,16422,16243,16388,207,1.28%,135256.0,16387,78430,16386,16389,16564,7591,original,,一般,
2021-02-26,TX,202103  ,16037,16118,15852,15935,-452,-2.76%,197795.0,15931,83132,15932,15935,16564,7591,original,,一般,
2021-03-02,TX,202103  ,16249,16277,15868,15907,-24,-0.15%,146577.0,15904,83021,15904,15907,16564,7591,original,,一般,
2021-03-03,TX,202103  ,16000,16196,15885,16181,277,1.74%,153225.0,16179,80831,16181,16185,16564,7591,original,,一般,
2021-03-04,TX,202103  ,16025,16066,15756,15925,-254,-1.57%,198855.0,15922,78228,15923,15925,16564,7591,original,,一般,
2021-03-05,TX,202103  ,15601,15914,15570,15855,-67,-0.42%,168446.0,15847,78960,15853,15855,16564,7591,original,,一般,
2021-03-08,TX,202103  ,15950,16095,15767,15816,-31,-0.20%,175531.0,15819,78463,15816,15818,16564,7591,original,,一般,
2021-03-09,TX,202103  ,15810,15848,15608,15822,3,0.02%,171528.0,15822,77641,15822,15825,16564,7591,original,,一般,
2021-03-10,TX,202103  ,15977,15986,15808,15883,61,0.39%,136272.0,15885,74212,15878,15883,16564,7591,original,,一般,
2021-03-11,TX,202103  ,15951,16214,15942,16174,289,1.82%,135436.0,16169,75792,16172,16174,16564,7591,original,,一般,
2021-03-12,TX,202103  ,16276,16288,16155,16222,53,0.33%,116406.0,16223,67847,16222,16225,16564,7591,original,,一般,
2021-03-15,TX,202103  ,16206,16249,16142,16200,-23,-0.14%,125844.0,16199,49663,16197,16200,16564,7591,original,,一般,
2021-03-16,TX,202103  ,16250,16348,16213,16305,106,0.65%,128695.0,16305,32125,16305,16308,16564,7591,original,,一般,
2021-03-17,TX,202103  ,16304,16336,16161,16176,-129,-0.79%,72615.0,0,16409,16176,16177,16564,7591,original,,一般,
2021-03-18,TX,202104  ,16255,16401,16220,16239,81,0.50%,138744.0,16235,81291,16239,16240,16499,14946,original,,一般,
2021-03-19,TX,202104  ,16100,16110,15953,16012,-223,-1.37%,149724.0,16010,82807,16009,16012,16499,14946,original,,一般,
2021-03-22,TX,202104  ,16018,16174,15911,16140,130,0.81%,134577.0,16137,81143,16137,16140,16499,14946,original,,一般,
2021-03-23,TX,202104  ,16223,16277,16103,16120,-17,-0.11%,117179.0,16119,81288,16117,16120,16499,14946,original,,一般,
2021-03-24,TX,202104  ,16019,16062,15939,15983,-136,-0.84%,131876.0,15981,82173,15983,15984,16499,14946,original,,一般,
2021-03-25,TX,202104  ,15890,16090,15870,16032,51,0.32%,136413.0,16030,80915,16032,16033,16499,14946,original,,一般,
2021-03-26,TX,202104  ,16095,16293,16081,16288,258,1.61%,123696.0,16285,85348,16287,16289,16499,14946,original,,一般,
2021-03-29,TX,202104  ,16370,16485,16350,16411,126,0.77%,112333.0,16408,82927,16410,16411,16499,14946,original,,一般,
2021-03-30,TX,202104  ,16469,16531,16418,16519,111,0.68%,100799.0,16520,83442,16519,16522,16531,14946,original,,一般,
2021-03-31,TX,202104  ,16540,16549,16403,16422,-98,-0.59%,104772.0,16423,80305,16423,16424,16567,14946,original,,一般,
2021-04-01,TX,202104  ,16535,16587,16452,16551,128,0.78%,115342.0,16549,77860,16550,16551,16587,14946,original,,一般,
2021-04-06,TX,202104  ,16760,16840,16697,16731,182,1.10%,103549.0,16728,78295,16729,16731,16840,14946,original,,一般,
2021-04-07,TX,202104  ,16777,16788,16673,16768,40,0.24%,93030.0,16767,75515,16767,16768,16840,14946,original,,一般,
2021-04-08,TX,202104  ,16715,16930,16687,16930,163,0.97%,111596.0,16927,78584,16929,16930,16930,14946,original,,一般,
2021-04-09,TX,202104  ,16952,16971,16810,16841,-86,-0.51%,103181.0,16839,74391,16837,16841,16977,14946,original,,一般,
2021-04-12,TX,202104  ,16895,16965,16760,16834,-5,-0.03%,113383.0,16835,73388,16834,16835,16977,14946,original,,一般,
2021-04-13,TX,202104  ,16910,17046,16780,16795,-40,-0.24%,150603.0,16793,73210,16792,16795,17046,14946,original,,一般,
2021-04-14,TX,202104  ,16860,16917,16592,16856,63,0.38%,185298.0,16857,68160,16855,16856,17046,14946,original,,一般,
2021-04-15,TX,202104  ,16881,17074,16852,17071,214,1.27%,132033.0,17069,69647,17070,17071,17074,14946,original,,一般,
2021-04-16,TX,202104  ,17062,17160,16990,17158,89,0.52%,127426.0,17156,67187,17158,17159,17160,14946,original,,一般,
2021-04-19,TX,202104  ,17118,17296,17111,17271,115,0.67%,124734.0,17269,47797,17269,17271,17296,14946,original,,一般,
2021-04-20,TX,202104  ,17238,17324,17206,17319,50,0.29%,114295.0,17320,30045,17319,17322,17324,14946,original,,一般,
2021-04-21,TX,202104  ,17225,17270,17150,17231,-89,-0.51%,83992.0,0,16778,17231,17232,17329,14946,original,,一般,
2021-04-22,TX,202105  ,17258,17369,17053,17109,-26,-0.15%,189953.0,17106,73534,17105,17109,17369,15450,original,,一般,
2021-04-23,TX,202105  ,17061,17260,17041,17257,151,0.88%,122696.0,17255,75424,17256,17257,17369,15450,original,,一般,
2021-04-26,TX,202105  ,17337,17536,17323,17530,275,1.59%,128096.0,17526,79329,17527,17530,17536,15450,original,,一般,
2021-04-27,TX,202105  ,17532,17576,17460,17571,45,0.26%,120862.0,17570,79508,17570,17571,17576,15450,original,,一般,
2021-04-28,TX,202105  ,17548,17563,17475,17533,-37,-0.21%,101986.0,17533,78504,17531,17533,17576,15450,original,,一般,
2021-04-29,TX,202105  ,17578,17702,17531,17571,38,0.22%,150499.0,17569,77720,17569,17571,17702,15450,original,,一般,
2021-05-03,TX,202105  ,17501,17534,17226,17253,-316,-1.80%,184441.0,17254,81995,17253,17257,17702,15450,original,,一般,
2021-05-04,TX,202105  ,17271,17309,16668,16933,-321,-1.86%,243802.0,16931,82745,16931,16933,17702,15450,original,,一般,
2021-05-05,TX,202105  ,16847,17020,16756,16769,-162,-0.96%,157298.0,16765,80438,16767,16770,17702,15450,original,,一般,
2021-05-06,TX,202105  ,16884,17081,16700,16944,179,1.07%,197754.0,16945,78280,16944,16945,17702,15450,original,,一般,
2021-05-07,TX,202105  ,17120,17288,17060,17287,342,2.02%,142796.0,17283,78603,17284,17287,17702,15450,original,,一般,
2021-05-10,TX,202105  ,17369,17373,17178,17228,-55,-0.32%,126289.0,17229,77112,17228,17229,17702,15450,original,,一般,
2021-05-11,TX,202105  ,16968,16970,16425,16556,-673,-3.91%,245767.0,16561,77052,16556,16560,17702,15450,original,,一般,
2021-05-12,TX,202105  ,16503,16531,15027,15692,-869,-5.25%,366512.0,15697,71506,15691,15695,17702,15027,original,,一般,
2021-05-13,TX,202105  ,15538,15991,15348,15566,-131,-0.83%,234182.0,15566,70065,15560,15569,17702,15027,original,,一般,
2021-05-14,TX,202105  ,15800,16021,15653,15772,206,1.32%,218712.0,15766,63874,15768,15773,17702,15027,original,,一般,
2021-05-17,TX,202105  ,15183,15735,15096,15263,-503,-3.19%,275831.0,15263,41541,15263,15265,17702,15027,original,,一般,
2021-05-18,TX,202105  ,15563,16180,15501,16147,884,5.79%,220609.0,16147,25870,16142,16149,17702,15027,original,,一般,
2021-05-19,TX,202105  ,16122,16248,15979,16138,-9,-0.06%,115944.0,0,14874,16137,16138,17702,15027,original,,一般,
2021-05-20,TX,202106  ,16078,16113,15854,15981,-41,-0.26%,158770.0,15974,71749,15981,15982,17645,10843,original,,一般,
2021-05-21,TX,202106  ,16222,16425,16072,16257,283,1.77%,185232.0,16259,71496,16254,16255,17645,10843,original,,一般,
2021-05-24,TX,202106  ,16079,16368,16069,16294,35,0.22%,138416.0,16291,74661,16292,16294,17645,10843,original,,一般,
2021-05-25,TX,202106  ,16463,16623,16425,16585,294,1.80%,145492.0,16584,72440,16585,16587,17645,10843,original,,一般,
2021-05-26,TX,202106  ,16616,16664,16504,16616,32,0.19%,104686.0,16614,72601,16615,16616,17645,10843,original,,一般,
2021-05-27,TX,202106  ,16593,16595,16219,16534,-80,-0.48%,150465.0,16533,69299,16534,16535,17645,10843,original,,一般,
2021-05-28,TX,202106  ,16731,16878,16673,16863,330,2.00%,124240.0,16863,72521,16862,16865,17645,10843,original,,一般,
2021-05-31,TX,202106  ,16891,17098,16884,17013,150,0.89%,144649.0,17011,70703,17009,17013,17645,10843,original,,一般,
2021-06-01,TX,202106  ,17050,17148,17015,17130,119,0.70%,116773.0,17131,73727,17131,17132,17645,10843,original,,一般,
2021-06-02,TX,202106  ,17171,17198,17016,17098,-33,-0.19%,121046.0,17102,72320,17098,17100,17645,10843,original,,一般,
2021-06-03,TX,202106  ,17253,17313,17147,17230,128,0.75%,130148.0,17226,73447,17228,17230,17645,10843,original,,一般,
2021-06-04,TX,202106  ,17051,17159,17025,17100,-126,-0.73%,109068.0,17103,75217,17100,17101,17645,10843,original,,一般,
2021-06-07,TX,202106  ,17212,17229,16719,17090,-13,-0.08%,176148.0,17090,72925,17090,17091,17645,10843,original,,一般,
2021-06-08,TX,202106  ,17190,17198,17030,17090,0,0.00%,102605.0,17090,72554,17088,17091,17645,10843,original,,一般,
2021-06-09,TX,202106  ,16997,17073,16889,16963,-127,-0.74%,120368.0,16959,73434,16957,16963,17645,10843,original,,一般,
2021-06-10,TX,202106  ,17035,17175,16992,17159,200,1.18%,127407.0,17157,71747,17157,17158,17645,10843,original,,一般,
2021-06-11,TX,202106  ,17189,17298,17189,17219,62,0.36%,120701.0,17217,53196,17216,17220,17645,10843,original,,一般,
2021-06-15,TX,202106  ,17322,17402,17276,17398,181,1.05%,118150.0,17397,30505,17399,17401,17645,10843,original,,一般,
2021-06-16,TX,202106  ,17324,17398,17033,17345,-52,-0.30%,71397.0,0,18220,17345,17346,17645,10843,original,,一般,
2021-06-17,TX,202107  ,17070,17298,17039,17297,58,0.34%,102114.0,17295,74392,17296,17297,17402,14700,original,,一般,
2021-06-18,TX,202107  ,17315,17332,17212,17252,-43,-0.25%,96349.0,17254,71770,17254,17257,17402,14700,original,,一般,
2021-06-21,TX,202107  ,17048,17149,16891,16962,-292,-1.69%,143363.0,16963,75176,16958,16962,17402,14700,original,,一般,
2021-06-22,TX,202107  ,17155,17180,16988,17028,65,0.38%,101124.0,17026,72691,17026,17028,17402,14700,original,,一般,
2021-06-23,TX,202107  ,17100,17319,17059,17272,246,1.44%,127143.0,17267,76821,17270,17272,17402,14700,original,,一般,
2021-06-24,TX,202107  ,17298,17398,17261,17336,69,0.40%,92809.0,17338,76502,17336,17339,17402,14700,original,,一般,
2021-06-25,TX,202107  ,17438,17562,17377,17419,81,0.47%,113764.0,17423,72314,17419,17421,17562,14700,original,,一般,
2021-06-28,TX,202107  ,17484,17560,17398,17535,112,0.64%,82055.0,17533,73909,17535,17537,17562,14700,original,,一般,
2021-06-29,TX,202107  ,17595,17623,17451,17529,-4,-0.02%,115306.0,17530,73073,17528,17530,17627,14700,original,,一般,
2021-06-30,TX,202107  ,17610,17766,17583,17715,185,1.06%,104462.0,17712,76767,17714,17715,17766,14700,original,,一般,
2021-07-01,TX,202107  ,17678,17774,17555,17646,-66,-0.37%,122682.0,17646,73071,17646,17648,17774,14700,original,,一般,
2021-07-02,TX,202107  ,17651,17724,17588,17653,7,0.04%,101454.0,17649,72240,17650,17653,17774,14700,original,,一般,
2021-07-05,TX,202107  ,17755,17920,17742,17898,249,1.41%,107714.0,17896,76556,17896,17898,17920,14700,original,,一般,
2021-07-06,TX,202107  ,17956,17974,17858,17878,-18,-0.10%,84492.0,17875,74329,17876,17878,17974,14700,original,,一般,
2021-07-07,TX,202107  ,17821,17906,17715,17830,-45,-0.25%,109544.0,17826,72671,17826,17830,17974,14700,original,,一般,
2021-07-08,TX,202107  ,17876,17897,17694,17825,-1,-0.01%,116445.0,17823,72327,17824,17825,17974,14700,original,,一般,
2021-07-09,TX,202107  ,17662,17700,17526,17658,-165,-0.93%,138093.0,17661,71436,17658,17663,17974,14700,original,,一般,
2021-07-12,TX,202107  ,17848,17960,17770,17824,163,0.92%,127781.0,17826,71095,17824,17826,17974,14700,original,,一般,
2021-07-13,TX,202107  ,17958,18030,17824,17869,43,0.24%,123418.0,17869,73478,17868,17869,18030,14700,original,,一般,
2021-07-14,TX,202107  ,17846,17924,17748,17874,5,0.03%,120033.0,17871,69796,17872,17874,18030,14700,original,,一般,
2021-07-15,TX,202107  ,17919,18046,17868,18022,151,0.84%,103184.0,18021,70915,18019,18022,18046,14700,original,,一般,
2021-07-16,TX,202107  ,17826,17928,17772,17925,-96,-0.53%,109949.0,17924,67807,17925,17926,18046,14700,original,,一般,
2021-07-19,TX,202107  ,17717,17813,17647,17794,-130,-0.73%,144969.0,17793,45310,17792,17797,18046,14700,original,,一般,
2021-07-20,TX,202107  ,17680,17716,17478,17558,-235,-1.32%,147968.0,17558,25982,17558,17559,18046,14700,original,,一般,
2021-07-21,TX,202107  ,17655,17674,17376,17430,-128,-0.73%,86527.0,0,12313,17430,17431,18046,14700,original,,一般,
2021-07-22,TX,202108  ,17441,17525,17347,17407,132,0.76%,125712.0,17406,70190,17407,17408,17808,15465,original,,一般,
2021-07-23,TX,202108  ,17486,17559,17380,17407,1,0.01%,115875.0,17406,70962,17406,17408,17808,15465,original,,一般,
2021-07-26,TX,202108  ,17473,17479,17197,17202,-204,-1.17%,108704.0,17203,73935,17197,17202,17808,15465,original,,一般,
2021-07-27,TX,202108  ,17322,17348,17153,17173,-30,-0.17%,118319.0,17168,72095,17173,17174,17808,15465,original,,一般,
2021-07-28,TX,202108  ,17062,17136,16733,16965,-203,-1.18%,203426.0,16965,69261,16965,16967,17808,15465,original,,一般,
2021-07-29,TX,202108  ,17136,17332,17068,17331,366,2.16%,123218.0,17327,69618,17330,17332,17808,15465,original,,一般,
2021-07-30,TX,202108  ,17285,17299,17126,17173,-154,-0.89%,117560.0,17174,67150,17173,17175,17808,15465,original,,一般,
2021-08-02,TX,202108  ,17313,17470,17160,17470,296,1.72%,131605.0,17467,69811,17468,17470,17808,15465,original,,一般,
2021-08-03,TX,202108  ,17426,17496,17361,17484,17,0.10%,95199.0,17482,69440,17481,17484,17808,15465,original,,一般,
2021-08-04,TX,202108  ,17491,17586,17464,17571,89,0.51%,89232.0,17571,71578,17570,17572,17808,15465,original,,一般,
2021-08-05,TX,202108  ,17570,17584,17520,17542,-29,-0.17%,65647.0,17544,70501,17542,17544,17808,15465,original,,一般,
2021-08-06,TX,202108  ,17555,17560,17353,17437,-107,-0.61%,110731.0,17439,67561,17438,17439,17808,15465,original,,一般,
2021-08-09,TX,202108  ,17438,17448,17235,17404,-35,-0.20%,124689.0,17406,67707,17404,17407,17808,15465,original,,一般,
2021-08-10,TX,202108  ,17396,17443,17259,17299,-107,-0.61%,109191.0,17295,68687,17297,17298,17808,15465,original,,一般,
2021-08-11,TX,202108  ,17217,17298,17078,17171,-124,-0.72%,141084.0,17170,69071,17171,17172,17808,15465,original,,一般,
2021-08-12,TX,202108  ,17207,17235,17125,17157,-13,-0.08%,91671.0,17158,67442,17157,17160,17808,15465,original,,一般,
2021-08-13,TX,202108  ,17185,17190,16934,16934,-224,-1.31%,150070.0,16936,68855,16934,16936,17808,15465,original,,一般,
2021-08-16,TX,202108  ,16829,16936,16750,16772,-164,-0.97%,150977.0,16774,47264,16773,16774,17808,15465,original,,一般,
2021-08-17,TX,202108  ,16850,16873,16575,16580,-194,-1.16%,132669.0,16578,27006,16578,16581,17808,15465,original,,一般,
2021-08-18,TX,202108  ,16440,16796,16389,16784,206,1.24%,102422.0,0,12478,16784,16785,17808,15465,original,,一般,
2021-08-19,TX,202109  ,16611,16648,16256,16329,-372,-2.23%,196641.0,16328,72973,16329,16330,17722,11440,original,,一般,
2021-08-20,TX,202109  ,16297,16426,16145,16193,-135,-0.83%,175910.0,16188,71229,16189,16190,17722,11440,original,,一般,
2021-08-23,TX,202109  ,16427,16729,16393,16684,496,3.06%,127852.0,16679,73199,16679,16684,17722,11440,original,,一般,
2021-08-24,TX,202109  ,16822,16842,16717,16784,105,0.63%,90436.0,16781,73676,16783,16784,17722,11440,original,,一般,
2021-08-25,TX,202109  ,16794,16982,16785,16963,182,1.08%,109545.0,16962,76040,16961,16964,17722,11440,original,,一般,
2021-08-26,TX,202109  ,17103,17125,16882,16995,33,0.19%,127120.0,16993,71277,16995,16997,17722,11440,original,,一般,
2021-08-27,TX,202109  ,16940,17218,16908,17170,177,1.04%,122558.0,17172,72437,17170,17174,17722,11440,original,,一般,
2021-08-30,TX,202109  ,17249,17353,17206,17339,167,0.97%,95679.0,17335,73830,17336,17339,17722,11440,original,,一般,
2021-08-31,TX,202109  ,17276,17468,17144,17457,122,0.70%,138468.0,17455,77298,17457,17458,17722,11440,original,,一般,
2021-09-01,TX,202109  ,17408,17500,17363,17476,21,0.12%,111022.0,17474,78206,17473,17475,17722,11440,original,,一般,
2021-09-02,TX,202109  ,17434,17507,17266,17320,-154,-0.88%,137473.0,17319,73630,17319,17322,17722,11440,original,,一般,
2021-09-03,TX,202109  ,17442,17553,17370,17509,190,1.10%,114430.0,17508,75343,17503,17509,17722,11440,original,,一般,
2021-09-06,TX,202109  ,17440,17596,17425,17496,-12,-0.07%,120721.0,17493,73490,17493,17496,17722,11440,original,,一般,
2021-09-07,TX,202109  ,17522,17529,17337,17422,-71,-0.41%,125371.0,17424,70273,17421,17424,17722,11440,original,,一般,
2021-09-08,TX,202109  ,17395,17426,17163,17262,-162,-0.93%,151809.0,17260,69169,17262,17263,17722,11440,original,,一般,
2021-09-09,TX,202109  ,17142,17291,17084,17235,-25,-0.14%,125037.0,17238,67446,17235,17236,17722,11440,original,,一般,
2021-09-10,TX,202109  ,17300,17479,17284,17473,235,1.36%,111079.0,17473,66164,17473,17474,17722,11440,original,,一般,
2021-09-13,TX,202109  ,17434,17492,17356,17442,-31,-0.18%,120401.0,17441,47546,17440,17442,17722,11440,original,,一般,
2021-09-14,TX,202109  ,17541,17569,17426,17461,20,0.11%,108843.0,17462,26820,17461,17462,17722,11440,original,,一般,
2021-09-15,TX,202109  ,17403,17433,17280,17382,-80,-0.46%,74105.0,0,13733,17381,17382,17722,11440,original,,一般,
2021-09-16,TX,202110  ,17337,17362,17191,17248,-80,-0.46%,93340.0,17247,64304,17248,17249,17531,16000,original,,一般,
2021-09-17,TX,202110  ,17256,17395,17165,17298,51,0.30%,117752.0,17294,65234,17291,17299,17531,16000,original,,一般,
2021-09-22,TX,202110  ,16835,16940,16751,16900,-394,-2.28%,134553.0,16900,64864,16892,16899,17531,16000,original,,一般,
2021-09-23,TX,202110  ,17020,17130,16985,17080,180,1.07%,99807.0,17080,67916,17079,17082,17531,16000,original,,一般,
2021-09-24,TX,202110  ,17191,17275,17170,17250,170,1.00%,94226.0,17248,70605,17249,17250,17531,16000,original,,一般,
2021-09-27,TX,202110  ,17247,17344,17222,17292,44,0.26%,94562.0,17292,72642,17291,17293,17531,16000,original,,一般,
2021-09-28,TX,202110  ,17182,17183,17042,17170,-122,-0.71%,103595.0,17170,70205,17170,17171,17531,16000,original,,一般,
2021-09-29,TX,202110  ,16926,16937,16760,16823,-347,-2.02%,148685.0,16818,72854,16822,16823,17531,16000,original,,一般,
2021-09-30,TX,202110  ,16803,16966,16704,16917,99,0.59%,129398.0,16919,73590,16917,16918,17531,16000,original,,一般,
2021-10-01,TX,202110  ,16800,16805,16415,16517,-402,-2.38%,162836.0,16518,74572,16514,16517,17531,16000,original,,一般,
2021-10-04,TX,202110  ,16588,16629,16313,16358,-160,-0.97%,140802.0,16361,73770,16358,16360,17531,16000,original,,一般,
2021-10-05,TX,202110  ,16240,16424,16107,16398,37,0.23%,151416.0,16395,70941,16395,16399,17531,16000,original,,一般,
2021-10-06,TX,202110  ,16470,16493,16265,16359,-36,-0.22%,136018.0,16362,69014,16359,16360,17531,16000,original,,一般,
2021-10-07,TX,202110  ,16521,16760,16519,16706,344,2.10%,123808.0,16699,72720,16705,16706,17531,16000,original,,一般,
2021-10-08,TX,202110  ,16740,16759,16591,16627,-72,-0.43%,101077.0,16625,71049,16623,16627,17531,16000,original,,一般,
2021-10-12,TX,202110  ,16485,16489,16285,16418,-207,-1.25%,138434.0,16419,70193,16417,16418,17531,16000,original,,一般,
2021-10-13,TX,202110  ,16520,16585,16318,16318,-101,-0.62%,114897.0,16321,68678,16319,16320,17531,16000,original,,一般,
2021-10-14,TX,202110  ,16496,16546,16354,16405,84,0.51%,104604.0,16402,68752,16401,16405,17531,16000,original,,一般,
2021-10-15,TX,202110  ,16654,16790,16570,16782,380,2.32%,109050.0,16780,67246,16780,16782,17531,16000,original,,一般,
2021-10-18,TX,202110  ,16800,16870,16705,16725,-55,-0.33%,109628.0,16721,47277,16725,16726,17531,16000,original,,一般,
2021-10-19,TX,202110  ,16810,16954,16787,16902,181,1.08%,97333.0,16903,28560,16902,16906,17531,16000,original,,一般,
2021-10-20,TX,202110  ,16973,16987,16863,16882,-21,-0.12%,56080.0,0,13863,16881,16882,17531,16000,original,,一般,
2021-10-21,TX,202111  ,16879,17047,16812,16813,-74,-0.44%,117754.0,16815,67242,16812,16813,17497,15978,original,,一般,
2021-10-22,TX,202111  ,16877,16913,16770,16854,39,0.23%,98819.0,16853,67775,16850,16854,17497,15978,original,,一般,
2021-10-25,TX,202111  ,16788,16930,16731,16888,35,0.21%,97221.0,16891,68802,16888,16890,17497,15978,original,,一般,
2021-10-26,TX,202111  ,16975,17073,16948,17048,157,0.93%,92092.0,17044,72574,17047,17049,17497,15978,original,,一般,
2021-10-27,TX,202111  ,16944,17088,16928,17071,27,0.16%,85950.0,17068,72197,17069,17071,17497,15978,original,,一般,
2021-10-28,TX,202111  ,17013,17103,16984,17038,-30,-0.18%,85288.0,17039,71677,17039,17041,17497,15978,original,,一般,
2021-10-29,TX,202111  ,17061,17074,16858,16945,-94,-0.55%,111444.0,16946,71292,16945,16947,17497,15978,original,,一般,
2021-11-01,TX,202111  ,17040,17130,17028,17079,133,0.78%,79806.0,17080,72469,17079,17082,17497,15978,original,,一般,
2021-11-02,TX,202111  ,17167,17255,17004,17047,-33,-0.19%,109134.0,17047,74782,17047,17049,17497,15978,original,,一般,
2021-11-03,TX,202111  ,17081,17127,17040,17092,45,0.26%,72076.0,17091,72355,17090,17092,17497,15978,original,,一般,
2021-11-04,TX,202111  ,17269,17280,17050,17075,-16,-0.09%,90112.0,17073,72200,17073,17075,17497,15978,original,,一般,
2021-11-05,TX,202111  ,17150,17279,17106,17267,194,1.14%,90064.0,17269,74883,17267,17271,17497,15978,original,,一般,
2021-11-08,TX,202111  ,17256,17425,17251,17424,155,0.90%,77522.0,17423,76105,17423,17424,17497,15978,original,,一般,
2021-11-09,TX,202111  ,17499,17593,17480,17555,132,0.76%,80924.0,17551,73078,17552,17555,17593,15978,original,,一般,
2021-11-10,TX,202111  ,17550,17581,17496,17555,4,0.02%,75931.0,17554,71560,17553,17554,17633,15978,original,,一般,
2021-11-11,TX,202111  ,17430,17537,17395,17470,-84,-0.48%,84466.0,17473,69109,17470,17472,17633,15978,original,,一般,
2021-11-12,TX,202111  ,17570,17638,17491,17547,74,0.42%,91259.0,17544,66810,17544,17547,17638,15978,original,,一般,
2021-11-15,TX,202111  ,17615,17707,17603,17664,120,0.68%,102421.0,17664,48884,17663,17666,17707,15978,original,,一般,
2021-11-16,TX,202111  ,17662,17717,17653,17701,37,0.21%,78291.0,17698,28691,17699,17701,17719,15978,original,,一般,
2021-11-17,TX,202111  ,17711,17761,17678,17722,24,0.14%,52589.0,0,12906,17722,17723,17761,15978,original,,一般,
2021-11-18,TX,202112  ,17769,17868,17763,17860,99,0.56%,87837.0,17859,74806,17858,17862,17868,13184,original,,一般,
2021-11-19,TX,202112  ,17919,17949,17813,17851,-8,-0.04%,82761.0,17852,73951,17851,17853,17949,13184,original,,一般,
2021-11-22,TX,202112  ,17790,17876,17787,17836,-16,-0.09%,58435.0,17836,76553,17836,17838,17949,13184,original,,一般,
2021-11-23,TX,202112  ,17765,17768,17638,17659,-177,-0.99%,102784.0,17659,76440,17657,17659,17949,13184,original,,一般,
2021-11-24,TX,202112  ,17604,17698,17593,17679,20,0.11%,76818.0,17680,76466,17680,17682,17949,13184,original,,一般,
2021-11-25,TX,202112  ,17688,17715,17600,17676,-4,-0.02%,66753.0,17673,76295,17675,17676,17949,13184,original,,一般,
2021-11-26,TX,202112  ,17530,17572,17307,17342,-331,-1.87%,129988.0,17342,77385,17338,17342,17949,13184,original,,一般,
2021-11-29,TX,202112  ,17243,17416,17184,17308,-34,-0.20%,120115.0,17311,74971,17309,17310,17949,13184,original,,一般,
2021-11-30,TX,202112  ,17428,17537,17312,17327,16,0.09%,111906.0,17330,76115,17327,17332,17949,13184,original,,一般,
2021-12-01,TX,202112  ,17350,17617,17333,17586,256,1.48%,103548.0,17584,78139,17584,17586,17949,13184,original,,一般,
2021-12-02,TX,202112  ,17570,17709,17509,17705,121,0.69%,108997.0,17704,74555,17705,17707,17949,13184,original,,一般,
2021-12-03,TX,202112  ,17696,17745,17621,17706,2,0.01%,79145.0,17706,74005,17705,17706,17949,13184,original,,一般,
2021-12-06,TX,202112  ,17619,17736,17527,17693,-13,-0.07%,91121.0,17692,77421,17692,17693,17949,13184,original,,一般,
2021-12-07,TX,202112  ,17677,17799,17586,17795,103,0.58%,94771.0,17795,75429,17795,17797,17949,13184,original,,一般,
2021-12-08,TX,202112  ,17945,17988,17840,17851,56,0.31%,94293.0,17853,71974,17851,17852,17988,13184,original,,一般,
2021-12-09,TX,202112  ,17886,17946,17812,17911,58,0.32%,79412.0,17910,71284,17908,17912,17988,13184,original,,一般,
2021-12-10,TX,202112  ,17808,17874,17765,17818,-92,-0.51%,73341.0,17818,69691,17817,17818,17988,13184,original,,一般,
2021-12-13,TX,202112  ,17912,17944,17743,17752,-66,-0.37%,102639.0,17753,46975,17754,17755,17988,13184,original,,一般,
2021-12-14,TX,202112  ,17683,17711,17565,17605,-148,-0.83%,109694.0,17602,27179,17601,17605,17988,13184,original,,一般,
2021-12-15,TX,202112  ,17588,17666,17536,17630,28,0.16%,53677.0,0,12813,17629,17630,17988,13184,original,,一般,
2021-12-16,TX,202201  ,17765,17809,17671,17804,206,1.17%,84101.0,17804,75137,17804,17808,17929,16656,original,,一般,
2021-12-17,TX,202201  ,17716,17798,17703,17786,-18,-0.10%,78566.0,17785,75660,17784,17787,17929,16656,original,,一般,
2021-12-20,TX,202201  ,17720,17748,17564,17580,-205,-1.15%,103831.0,17582,77202,17580,17581,17929,16656,original,,一般,
2021-12-21,TX,202201  ,17660,17829,17624,17796,214,1.22%,87917.0,17796,79325,17796,17798,17929,16656,original,,一般,
2021-12-22,TX,202201  ,17847,17852,17783,17833,37,0.21%,54102.0,17832,76180,17831,17833,17929,16656,original,,一般,
2021-12-23,TX,202201  ,17935,17983,17903,17954,122,0.68%,66061.0,17951,77619,17952,17954,17983,16656,original,,一般,
2021-12-24,TX,202201  ,18014,18035,17946,17958,7,0.04%,50035.0,17957,78375,17957,17959,18035,16656,original,,一般,
2021-12-27,TX,202201  ,17982,18099,17967,18068,111,0.62%,58096.0,18070,82254,18068,18071,18099,16656,original,,一般,
2021-12-28,TX,202201  ,18115,18209,18105,18207,137,0.76%,60973.0,18206,83894,18206,18208,18209,16656,original,,一般,
2021-12-29,TX,202201  ,18195,18289,18188,18276,70,0.38%,57011.0,18274,84978,18275,18276,18289,16656,original,,一般,
2021-12-30,TX,202201  ,18242,18265,18177,18212,-62,-0.34%,56933.0,18209,82321,18211,18212,18291,16656,original,,一般,
2022-01-03,TX,202201  ,18288,18389,18203,18273,64,0.35%,96972.0,18272,82046,18273,18274,18389,16656,original,,一般,
2022-01-04,TX,202201  ,18361,18522,18359,18516,244,1.34%,90796.0,18514,84180,18514,18516,18522,16656,original,,一般,
2022-01-05,TX,202201  ,18480,18546,18438,18480,-34,-0.18%,82044.0,18480,83973,18476,18480,18577,16656,original,,一般,
2022-01-06,TX,202201  ,18345,18419,18238,18335,-145,-0.78%,119801.0,18337,80441,18335,18339,18577,16656,original,,一般,
2022-01-07,TX,202201  ,18459,18478,18115,18143,-194,-1.06%,137788.0,18146,77829,18142,18144,18577,16656,original,,一般,
2022-01-10,TX,202201  ,18075,18264,18022,18258,112,0.62%,96625.0,18260,77007,18260,18261,18577,16656,original,,一般,
2022-01-11,TX,202201  ,18200,18295,18102,18280,20,0.11%,119585.0,18279,75284,18279,18280,18577,16656,original,,一般,
2022-01-12,TX,202201  ,18403,18411,18271,18375,96,0.53%,90837.0,18376,72097,18374,18377,18577,16656,original,,一般,
2022-01-13,TX,202201  ,18433,18485,18364,18425,49,0.27%,95326.0,18425,71396,18425,18427,18577,16656,original,,一般,
2022-01-14,TX,202201  ,18549,18560,18220,18357,-68,-0.37%,158202.0,18360,64954,18357,18358,18650,16656,original,,一般,
2022-01-17,TX,202201  ,18417,18537,18387,18509,149,0.81%,117616.0,18508,50573,18508,18511,18650,16656,original,,一般,
2022-01-18,TX,202201  ,18531,18583,18347,18349,-159,-0.86%,129157.0,18350,26909,18349,18350,18650,16656,original,,一般,
2022-01-19,TX,202201  ,18261,18345,18210,18218,-132,-0.72%,72718.0,0,15045,18217,18218,18650,16656,original,,一般,
2022-01-20,TX,202202  ,18203,18270,18081,18226,80,0.44%,119191.0,18224,74958,18226,18227,18604,17000,original,,一般,
2022-01-21,TX,202202  ,18026,18050,17836,17895,-329,-1.81%,157754.0,17896,78033,17894,17896,18604,17000,original,,一般,
2022-01-24,TX,202202  ,17736,17973,17703,17957,61,0.34%,133779.0,17957,75400,17957,17958,18604,17000,original,,一般,
2022-01-25,TX,202202  ,17790,17799,17578,17678,-279,-1.55%,158896.0,17674,77596,17674,17677,18604,17000,original,,一般,
2022-01-26,TX,202202  ,17683,17757,17607,17625,-49,-0.28%,96254.0,17624,73654,17623,17625,18604,17000,original,,一般,
2022-02-07,TX,202202  ,17797,17900,17693,17899,275,1.56%,113464.0,17896,74145,17899,17900,18604,17000,original,,一般,
2022-02-08,TX,202202  ,17960,18047,17922,17942,46,0.26%,89700.0,17942,73887,17941,17943,18604,17000,original,,一般,
2022-02-09,TX,202202  ,18068,18169,18050,18167,225,1.25%,72278.0,18164,74614,18166,18167,18604,17000,original,,一般,
2022-02-10,TX,202202  ,18230,18340,18133,18337,173,0.95%,95136.0,18334,72304,18336,18337,18604,17000,original,,一般,
2022-02-11,TX,202202  ,18202,18290,18182,18275,-59,-0.32%,87617.0,18273,68582,18273,18274,18604,17000,original,,一般,
2022-02-14,TX,202202  ,18099,18132,17934,17977,-296,-1.62%,137955.0,17977,45324,17973,17978,18604,17000,original,,一般,
2022-02-15,TX,202202  ,17922,18093,17883,17953,-24,-0.13%,114065.0,17955,24861,17952,17955,18604,17000,original,,一般,
2022-02-16,TX,202202  ,18184,18248,18140,18207,252,1.40%,63453.0,0,13872,18206,18207,18604,17000,original,,一般,
2022-02-17,TX,202203  ,18269,18330,18168,18243,28,0.15%,110179.0,18244,71878,18243,18245,18545,14054,original,,一般,
2022-02-18,TX,202203  ,18065,18254,18039,18226,-18,-0.10%,96351.0,18227,75330,18228,18230,18545,14054,original,,一般,
2022-02-21,TX,202203  ,18001,18242,17970,18210,-17,-0.09%,95874.0,18212,74692,18210,18212,18545,14054,original,,一般,
2022-02-22,TX,202203  ,17990,18068,17773,17878,-334,-1.83%,144406.0,17880,72558,17878,17879,18545,14054,original,,一般,
2022-02-23,TX,202203  ,17954,18060,17936,18042,162,0.91%,83991.0,18042,71178,18042,18043,18545,14054,original,,一般,
2022-02-24,TX,202203  ,17811,17850,17506,17516,-526,-2.92%,187058.0,17513,76370,17514,17516,18545,14054,original,,一般,
2022-02-25,TX,202203  ,17660,17702,17513,17606,93,0.53%,129514.0,17610,71893,17606,17607,18545,14054,original,,一般,
2022-03-01,TX,202203  ,17756,17942,17692,17911,301,1.71%,109687.0,17912,74637,17912,17915,18545,14054,original,,一般,
2022-03-02,TX,202203  ,17788,17895,17758,17844,-68,-0.38%,94806.0,17838,73227,17841,17843,18545,14054,original,,一般,
2022-03-03,TX,202203  ,17942,17964,17865,17929,91,0.51%,77058.0,17929,71665,17928,17930,18545,14054,original,,一般,
2022-03-04,TX,202203  ,17608,17788,17522,17666,-263,-1.47%,118785.0,17668,71652,17666,17667,18545,14054,original,,一般,
2022-03-07,TX,202203  ,17362,17405,17051,17058,-610,-3.45%,157085.0,17058,73413,17058,17061,18545,14054,original,,一般,
2022-03-08,TX,202203  ,16840,17058,16695,16702,-356,-2.09%,160675.0,16707,67505,16702,16704,18545,14054,original,,一般,
2022-03-09,TX,202203  ,16890,17023,16865,16946,239,1.43%,115509.0,16949,63779,16945,16946,18545,14054,original,,一般,
2022-03-10,TX,202203  ,17301,17456,17269,17437,488,2.88%,102545.0,17436,61920,17435,17437,18545,14054,original,,一般,
2022-03-11,TX,202203  ,17372,17387,17170,17220,-216,-1.24%,95875.0,17226,57799,17219,17224,18545,14054,original,,一般,
2022-03-14,TX,202203  ,17289,17350,17150,17239,13,0.08%,120161.0,17240,40641,17238,17240,18545,14054,original,,一般,
2022-03-15,TX,202203  ,17177,17195,16861,16882,-358,-2.08%,141872.0,16885,25254,16881,16882,18545,14054,original,,一般,
2022-03-16,TX,202203  ,17080,17089,16801,16937,52,0.31%,76060.0,0,13237,16936,16937,18545,14054,original,,一般,
2022-03-17,TX,202204  ,17339,17470,17262,17446,514,3.04%,129146.0,17444,72539,17445,17447,18300,16615,original,,一般,
2022-03-18,TX,202204  ,17441,17444,17295,17391,-53,-0.30%,96826.0,17393,71204,17390,17391,18300,16615,original,,一般,
2022-03-21,TX,202204  ,17442,17577,17439,17489,96,0.55%,93353.0,17491,74767,17488,17490,18300,16615,original,,一般,
2022-03-22,TX,202204  ,17536,17543,17453,17520,29,0.17%,68446.0,17522,74888,17520,17523,18300,16615,original,,一般,
2022-03-23,TX,202204  ,17644,17735,17610,17702,180,1.03%,88805.0,17699,79593,17700,17702,18300,16615,original,,一般,
2022-03-24,TX,202204  ,17570,17687,17548,17671,-28,-0.16%,80125.0,17669,76997,17669,17671,18300,16615,original,,一般,
2022-03-25,TX,202204  ,17720,17726,17591,17621,-48,-0.27%,83085.0,17621,74588,17621,17623,18300,16615,original,,一般,
2022-03-28,TX,202204  ,17512,17521,17304,17438,-183,-1.04%,117571.0,17437,69730,17437,17439,18300,16615,original,,一般,
2022-03-29,TX,202204  ,17560,17577,17484,17545,108,0.62%,76398.0,17546,72078,17545,17547,18300,16615,original,,一般,
2022-03-30,TX,202204  ,17671,17755,17658,17741,195,1.11%,89839.0,17740,76212,17739,17740,18300,16615,original,,一般,
2022-03-31,TX,202204  ,17747,17774,17623,17639,-101,-0.57%,78029.0,17634,73455,17636,17640,18300,16615,original,,一般,
2022-04-01,TX,202204  ,17466,17567,17414,17554,-80,-0.45%,82047.0,17557,72492,17553,17554,18300,16615,original,,一般,
2022-04-06,TX,202204  ,17439,17508,17327,17506,-51,-0.29%,86927.0,17505,72607,17506,17508,18300,16615,original,,一般,
2022-04-07,TX,202204  ,17333,17387,17123,17143,-362,-2.07%,114893.0,17142,74745,17143,17146,18300,16615,original,,一般,
2022-04-08,TX,202204  ,17200,17318,17169,17316,174,1.02%,84229.0,17304,72429,17315,17316,18300,16615,original,,一般,
2022-04-11,TX,202204  ,17222,17298,16976,17039,-265,-1.53%,128637.0,17037,72417,17038,17039,18300,16615,original,,一般,
2022-04-12,TX,202204  ,16960,17068,16906,16999,-38,-0.22%,107948.0,17000,71936,16999,17000,18300,16615,original,,一般,
2022-04-13,TX,202204  ,17080,17321,17071,17316,316,1.86%,107841.0,17316,72060,17313,17315,18300,16615,original,,一般,
2022-04-14,TX,202204  ,17349,17352,17251,17298,-18,-0.10%,73517.0,17295,67811,17298,17299,18300,16615,original,,一般,
2022-04-15,TX,202204  ,17102,17117,16960,16983,-312,-1.80%,97455.0,16980,65492,16980,16983,18300,16615,original,,一般,
2022-04-18,TX,202204  ,16908,16995,16813,16881,-99,-0.58%,122230.0,16884,47679,16881,16883,18300,16615,original,,一般,
2022-04-19,TX,202204  ,17065,17122,16988,17000,116,0.69%,106177.0,17004,26850,16998,17003,18300,16615,original,,一般,
2022-04-20,TX,202204  ,17071,17135,16992,17125,121,0.71%,57157.0,0,15800,17125,17126,18300,16615,original,,一般,
2022-04-21,TX,202205  ,17180,17222,17090,17126,54,0.32%,86180.0,17126,70636,17126,17127,18250,16592,original,,一般,
2022-04-22,TX,202205  ,16862,16999,16823,16992,-134,-0.78%,96385.0,16992,73355,16991,16993,18250,16592,original,,一般,
2022-04-25,TX,202205  ,16686,16734,16508,16572,-420,-2.47%,123324.0,16572,74763,16572,16573,18250,16508,original,,一般,
2022-04-26,TX,202205  ,16648,16663,16533,16586,14,0.08%,82214.0,16585,74743,16585,16586,18250,16490,original,,一般,
2022-04-27,TX,202205  ,16221,16344,16160,16285,-300,-1.81%,141144.0,16287,76765,16284,16286,18250,16160,original,,一般,
2022-04-28,TX,202205  ,16317,16416,16220,16387,100,0.61%,103728.0,16388,78188,16385,16388,18250,16160,original,,一般,
2022-04-29,TX,202205  ,16555,16635,16495,16583,195,1.19%,103887.0,16581,75221,16580,16583,18250,16160,original,,一般,
2022-05-03,TX,202205  ,16487,16570,16434,16470,-111,-0.67%,90193.0,16472,74613,16471,16473,18250,16160,original,,一般,
2022-05-04,TX,202205  ,16505,16589,16489,16519,47,0.29%,69459.0,16519,76348,16519,16520,18250,16160,original,,一般,
2022-05-05,TX,202205  ,16753,16776,16645,16684,165,1.00%,78883.0,16685,77519,16682,16684,18250,16160,original,,一般,
2022-05-06,TX,202205  ,16310,16380,16266,16355,-330,-1.98%,96310.0,16356,81201,16354,16357,18250,16160,original,,一般,
2022-05-09,TX,202205  ,16156,16194,16015,16027,-329,-2.01%,99474.0,16027,83968,16028,16029,18250,16015,original,,一般,
2022-05-10,TX,202205  ,15809,16045,15730,16039,12,0.07%,127562.0,16038,81296,16038,16039,18250,15730,original,,一般,
2022-05-11,TX,202205  ,15989,16058,15907,16010,-28,-0.17%,88276.0,16007,79439,16007,16010,18250,15730,original,,一般,
2022-05-12,TX,202205  ,15801,15890,15608,15632,-375,-2.34%,118642.0,15630,80510,15629,15633,18250,15608,original,,一般,
2022-05-13,TX,202205  ,15777,15854,15743,15851,221,1.41%,96199.0,15849,76156,15851,15852,18250,15526,original,,一般,
2022-05-16,TX,202205  ,15996,16044,15847,15921,72,0.45%,120555.0,15922,52828,15921,15922,18250,15526,original,,一般,
2022-05-17,TX,202205  ,15978,16096,15963,16075,153,0.96%,95655.0,16075,31716,16073,16075,18250,15526,original,,一般,
2022-05-18,TX,202205  ,16180,16318,16159,16302,227,1.41%,54930.0,0,16705,16301,16302,18250,15526,original,,一般,
2022-05-19,TX,202206  ,15871,15965,15820,15911,-287,-1.77%,109266.0,15911,77028,15912,15914,18398,15490,original,,一般,
2022-05-20,TX,202206  ,16069,16145,16013,16135,224,1.41%,85765.0,16136,80780,16135,16136,18398,15490,original,,一般,
2022-05-23,TX,202206  ,16220,16263,16076,16147,11,0.07%,99214.0,16143,78176,16146,16147,18398,15490,original,,一般,
2022-05-24,TX,202206  ,16131,16156,15914,15926,-217,-1.34%,98160.0,15926,79862,15926,15928,18398,15490,original,,一般,
2022-05-25,TX,202206  ,15996,16146,15968,16060,134,0.84%,98499.0,16061,82264,16060,16065,18398,15490,original,,一般,
2022-05-26,TX,202206  ,16153,16184,15928,15950,-111,-0.69%,99211.0,15950,83540,15949,15950,18398,15490,original,,一般,
2022-05-27,TX,202206  ,16110,16245,16100,16230,280,1.76%,83346.0,16229,86626,16229,16230,18398,15490,original,,一般,
2022-05-30,TX,202206  ,16400,16584,16391,16560,331,2.04%,81262.0,16559,87403,16558,16560,18398,15490,original,,一般,
2022-05-31,TX,202206  ,16492,16716,16460,16682,123,0.74%,108041.0,16681,93427,16681,16682,18398,15490,original,,一般,
2022-06-01,TX,202206  ,16647,16755,16592,16610,-71,-0.43%,95150.0,16608,94358,16610,16612,18398,15490,original,,一般,
2022-06-02,TX,202206  ,16536,16585,16471,16532,-76,-0.46%,80160.0,16533,93694,16531,16533,18398,15490,original,,一般,
2022-06-06,TX,202206  ,16590,16648,16463,16600,67,0.41%,98914.0,16600,91412,16599,16601,18398,15490,original,,一般,
2022-06-07,TX,202206  ,16520,16531,16406,16462,-138,-0.83%,101451.0,16461,86546,16461,16464,18398,15490,original,,一般,
2022-06-08,TX,202206  ,16560,16693,16555,16644,183,1.11%,80944.0,16641,90218,16644,16645,18398,15490,original,,一般,
2022-06-09,TX,202206  ,16573,16606,16524,16582,-59,-0.35%,67567.0,16577,86569,16580,16582,18398,15490,original,,一般,
2022-06-10,TX,202206  ,16380,16486,16350,16471,-106,-0.64%,85493.0,16474,84428,16471,16473,18398,15490,original,,一般,
2022-06-13,TX,202206  ,16115,16120,15993,16053,-421,-2.56%,129042.0,16050,63892,16049,16053,18398,15490,original,,一般,
2022-06-14,TX,202206  ,15950,16068,15841,16055,5,0.03%,125318.0,16052,40568,16052,16055,18398,15490,original,,一般,
2022-06-15,TX,202206  ,16052,16096,15989,16062,10,0.06%,62610.0,0,21892,16061,16062,18398,15490,original,,一般,
2022-06-16,TX,202207  ,15751,15805,15382,15410,-136,-0.87%,127119.0,15411,87457,15407,15412,16982,15224,original,,一般,
2022-06-17,TX,202207  ,15196,15300,15137,15200,-211,-1.37%,124040.0,15202,93783,15199,15201,16982,15093,original,,一般,
2022-06-20,TX,202207  ,15182,15231,14966,15038,-164,-1.08%,129690.0,15031,99613,15030,15038,16982,14966,original,,一般,
2022-06-21,TX,202207  ,15164,15362,15115,15334,303,2.02%,115396.0,15346,98934,15336,15337,16982,14966,original,,一般,
2022-06-22,TX,202207  ,15316,15319,14984,15012,-334,-2.18%,128332.0,15015,99083,15012,15014,16982,14966,original,,一般,
2022-06-23,TX,202207  ,15059,15145,14804,14938,-77,-0.51%,164479.0,14939,98783,14938,14940,16982,14804,original,,一般,
2022-06-24,TX,202207  ,15006,15142,14959,15058,119,0.80%,119812.0,15053,96591,15056,15058,16982,14804,original,,一般,
2022-06-27,TX,202207  ,15205,15400,15201,15277,224,1.49%,98695.0,15277,97502,15271,15277,16982,14804,original,,一般,
2022-06-28,TX,202207  ,15299,15304,15096,15192,-85,-0.56%,96034.0,15194,96342,15191,15193,16982,14804,original,,一般,
2022-06-29,TX,202207  ,15020,15114,14980,15019,-175,-1.15%,100640.0,15016,96261,15018,15019,16982,14804,original,,一般,
2022-06-30,TX,202207  ,14931,14945,14610,14622,-394,-2.62%,131995.0,14624,101028,14622,14623,16982,14610,original,,一般,
2022-07-01,TX,202207  ,14656,14702,14128,14175,-449,-3.07%,183609.0,14175,98792,14173,14174,16982,14128,original,,一般,
2022-07-04,TX,202207  ,14236,14312,14025,14152,-23,-0.16%,143173.0,14152,97788,14148,14152,16982,14025,original,,一般,
2022-07-05,TX,202207  ,14350,14430,13975,14231,79,0.56%,175274.0,14209,94173,14230,14233,16982,13975,original,,一般,
2022-07-06,TX,202207  ,14213,14239,13858,13871,-338,-2.38%,150712.0,13879,91327,13870,13871,16982,13858,original,,一般,
2022-07-07,TX,202207  ,14068,14295,13832,14176,297,2.14%,158050.0,14187,85116,14176,14178,16982,13832,original,,一般,
2022-07-08,TX,202207  ,14390,14485,14264,14329,142,1.00%,139319.0,14332,80103,14329,14332,16982,13832,original,,一般,
2022-07-11,TX,202207  ,14467,14496,14229,14276,-56,-0.39%,120320.0,14278,76109,14275,14280,16982,13832,original,,一般,
2022-07-12,TX,202207  ,14157,14181,13850,13914,-364,-2.55%,127127.0,13914,79696,13913,13914,16982,13832,original,,一般,
2022-07-13,TX,202207  ,14240,14356,14203,14277,363,2.61%,112460.0,14281,75454,14276,14279,16982,13832,original,,一般,
2022-07-14,TX,202207  ,14237,14437,14122,14389,108,0.76%,128248.0,14386,72711,14388,14389,16982,13832,original,,一般,
2022-07-15,TX,202207  ,14422,14542,14333,14475,89,0.62%,118876.0,14479,66561,14476,14477,16982,13832,original,,一般,
2022-07-18,TX,202207  ,14577,14666,14535,14650,171,1.18%,122938.0,14647,48404,14645,14650,16982,13832,original,,一般,
2022-07-19,TX,202207  ,14562,14697,14533,14678,31,0.21%,92176.0,14678,28209,14678,14682,16982,13832,original,,一般,
2022-07-20,TX,202207  ,14845,14907,14696,14712,34,0.23%,63694.0,0,14874,14712,14713,16982,13832,original,,一般,
2022-07-21,TX,202208  ,14600,14771,14573,14748,136,0.93%,90902.0,14747,65024,14748,14750,16161,13700,original,,一般,
2022-07-22,TX,202208  ,14796,14848,14725,14751,4,0.03%,93026.0,14755,64459,14751,14754,16161,13700,original,,一般,
2022-07-25,TX,202208  ,14750,14845,14688,14794,39,0.26%,82637.0,14793,65667,14792,14795,16161,13700,original,,一般,
2022-07-26,TX,202208  ,14755,14788,14650,14705,-88,-0.59%,92221.0,14707,64953,14704,14705,16161,13700,original,,一般,
2022-07-27,TX,202208  ,14670,14800,14615,14794,87,0.59%,104597.0,14791,66094,14794,14795,16161,13700,original,,一般,
2022-07-28,TX,202208  ,14922,14949,14786,14831,40,0.27%,94963.0,14833,67517,14832,14833,16161,13700,original,,一般,
2022-07-29,TX,202208  ,14936,14990,14870,14938,105,0.71%,94106.0,14940,68723,14938,14945,16161,13700,original,,一般,
2022-08-01,TX,202208  ,14921,14940,14804,14870,-70,-0.47%,89819.0,14870,68379,14868,14871,16161,13700,original,,一般,
2022-08-02,TX,202208  ,14767,14778,14589,14643,-227,-1.53%,108928.0,14645,70162,14640,14644,16161,13700,original,,一般,
2022-08-03,TX,202208  ,14627,14727,14594,14669,24,0.16%,97984.0,14672,68942,14671,14673,16161,13700,original,,一般,
2022-08-04,TX,202208  ,14686,14722,14461,14658,-14,-0.10%,139696.0,14654,72666,14658,14660,16161,13700,original,,一般,
2022-08-05,TX,202208  ,14780,15020,14777,15009,355,2.42%,95193.0,15011,77132,15009,15010,16161,13700,original,,一般,
2022-08-08,TX,202208  ,14937,14987,14888,14961,-50,-0.33%,74401.0,14961,71575,14957,14961,16161,13700,original,,一般,
2022-08-09,TX,202208  ,14894,15065,14853,15016,55,0.37%,89703.0,15016,72761,15017,15020,16161,13700,original,,一般,
2022-08-10,TX,202208  ,14874,14945,14832,14876,-140,-0.93%,77738.0,14878,70323,14876,14877,16161,13700,original,,一般,
2022-08-11,TX,202208  ,15115,15191,15093,15183,305,2.05%,79733.0,15184,70833,15184,15185,16161,13700,original,,一般,
2022-08-12,TX,202208  ,15229,15309,15200,15272,88,0.58%,66960.0,15274,67169,15272,15274,16161,13700,original,,一般,
2022-08-15,TX,202208  ,15369,15432,15310,15387,113,0.74%,89978.0,15385,53229,15385,15387,16161,13700,original,,一般,
2022-08-16,TX,202208  ,15390,15450,15385,15422,37,0.24%,73097.0,15425,31749,15420,15422,16161,13700,original,,一般,
2022-08-17,TX,202208  ,15404,15461,15396,15452,27,0.18%,48353.0,0,17264,15451,15452,16161,13700,original,,一般,
2022-08-18,TX,202209  ,15250,15325,15224,15315,-64,-0.42%,69333.0,15317,66518,15315,15317,18005,13651,original,,一般,
2022-08-19,TX,202209  ,15308,15406,15275,15353,36,0.24%,72613.0,15354,66947,15352,15354,18005,13651,original,,一般,
2022-08-22,TX,202209  ,15171,15250,15156,15175,-179,-1.17%,63929.0,15179,68615,15175,15176,18005,13651,original,,一般,
2022-08-23,TX,202209  ,15059,15109,15022,15028,-151,-0.99%,68886.0,15028,69255,15028,15030,18005,13651,original,,一般,
2022-08-24,TX,202209  ,15080,15120,14987,15035,7,0.05%,70377.0,15035,68612,15036,15037,18005,13651,original,,一般,
2022-08-25,TX,202209  ,15130,15225,15116,15172,137,0.91%,81719.0,15170,69146,15170,15174,18005,13651,original,,一般,
2022-08-26,TX,202209  ,15271,15318,15228,15241,71,0.47%,62646.0,15241,66811,15239,15241,18005,13651,original,,一般,
2022-08-29,TX,202209  ,14832,14898,14762,14818,-423,-2.78%,103087.0,14820,66328,14818,14819,18005,13651,original,,一般,
2022-08-30,TX,202209  ,14850,14994,14837,14948,128,0.86%,86047.0,14949,68294,14948,14949,18005,13651,original,,一般,
2022-08-31,TX,202209  ,14849,15099,14826,15039,90,0.60%,108620.0,15042,77860,15037,15040,18005,13651,original,,一般,
2022-09-01,TX,202209  ,14841,14842,14675,14736,-306,-2.03%,118005.0,14737,77142,14734,14736,18005,13651,original,,一般,
2022-09-02,TX,202209  ,14776,14782,14584,14597,-140,-0.95%,92325.0,14598,76619,14596,14598,18005,13651,original,,一般,
2022-09-05,TX,202209  ,14590,14719,14561,14611,13,0.09%,92682.0,14613,73583,14612,14613,18005,13651,original,,一般,
2022-09-06,TX,202209  ,14720,14770,14555,14634,21,0.14%,93184.0,14635,74574,14634,14636,18005,13651,original,,一般,
2022-09-07,TX,202209  ,14445,14455,14331,14359,-276,-1.89%,99373.0,14357,75051,14356,14359,18005,13651,original,,一般,
2022-09-08,TX,202209  ,14459,14552,14389,14548,191,1.33%,88563.0,14545,70703,14547,14548,18005,13651,original,,一般,
2022-09-12,TX,202209  ,14775,14824,14731,14794,249,1.71%,73967.0,14797,68152,14794,14795,18005,13651,original,,一般,
2022-09-13,TX,202209  ,14884,14928,14827,14875,78,0.53%,64810.0,14875,66793,14875,14876,18005,13651,original,,一般,
2022-09-14,TX,202209  ,14458,14641,14443,14577,-298,-2.00%,88778.0,14578,66290,14577,14578,18005,13651,original,,一般,
2022-09-15,TX,202209  ,14578,14715,14562,14642,64,0.44%,77473.0,14642,67005,14641,14643,18005,13651,original,,一般,
2022-09-16,TX,202209  ,14500,14527,14465,14483,-159,-1.09%,75293.0,14485,65353,14483,14485,18005,13651,original,,一般,
2022-09-19,TX,202209  ,14550,14579,14406,14420,-65,-0.45%,96859.0,14420,48006,14419,14420,18005,13651,original,,一般,
2022-09-20,TX,202209  ,14548,14569,14464,14561,141,0.98%,83214.0,14558,26745,14560,14561,18005,13651,original,,一般,
2022-09-21,TX,202209  ,14476,14520,14392,14402,-156,-1.07%,47622.0,0,15887,14401,14402,18005,13651,original,,一般,
2022-09-22,TX,202210  ,14225,14250,14088,14242,-169,-1.17%,104178.0,14239,69697,14241,14242,15380,14088,original,,一般,
2022-09-23,TX,202210  ,14212,14229,14056,14119,-120,-0.84%,87010.0,14118,72667,14117,14119,15380,14056,original,,一般,
2022-09-26,TX,202210  ,13916,13953,13740,13758,-360,-2.55%,114988.0,13762,74950,13759,13761,15380,13740,original,,一般,
2022-09-27,TX,202210  ,13843,13861,13735,13818,56,0.41%,94792.0,13815,74398,13816,13818,15380,13735,original,,一般,
2022-09-28,TX,202210  ,13796,13849,13486,13515,-300,-2.17%,144383.0,13515,76023,13515,13516,15380,13486,original,,一般,
2022-09-29,TX,202210  ,13658,13672,13471,13524,9,0.07%,115038.0,13523,73922,13523,13524,15380,13423,original,,一般,
2022-09-30,TX,202210  ,13356,13458,13298,13395,-128,-0.95%,120030.0,13394,73202,13393,13395,15380,13291,original,,一般,
2022-10-03,TX,202210  ,13248,13444,13215,13304,-90,-0.67%,110724.0,13303,72962,13302,13304,15380,13215,original,,一般,
2022-10-04,TX,202210  ,13530,13615,13489,13597,294,2.21%,91521.0,13593,75267,13595,13597,15380,13215,original,,一般,
2022-10-05,TX,202210  ,13740,13884,13721,13820,227,1.67%,116457.0,13814,71327,13818,13820,15380,13215,original,,一般,
2022-10-06,TX,202210  ,13932,13957,13814,13869,55,0.40%,89623.0,13871,69607,13869,13872,15380,13215,original,,一般,
2022-10-07,TX,202210  ,13781,13818,13683,13689,-182,-1.31%,81120.0,13688,68657,13688,13690,15380,13215,original,,一般,
2022-10-11,TX,202210  ,13251,13297,13081,13091,-597,-4.36%,132727.0,13090,72822,13090,13091,15380,13081,original,,一般,
2022-10-12,TX,202210  ,13049,13140,12975,13076,-14,-0.11%,111132.0,13072,68782,13076,13079,15380,12952,original,,一般,
2022-10-13,TX,202210  ,13032,13085,12805,12869,-203,-1.55%,125033.0,12869,70093,12868,12869,15380,12805,original,,一般,
2022-10-14,TX,202210  ,13150,13249,13074,13166,297,2.31%,101646.0,13168,66041,13166,13168,15380,12666,original,,一般,
2022-10-17,TX,202210  ,12964,13009,12821,12981,-187,-1.42%,138854.0,12978,49947,12979,12981,15380,12666,original,,一般,
2022-10-18,TX,202210  ,13158,13182,12992,13103,125,0.96%,125759.0,13100,32743,13101,13103,15380,12666,original,,一般,
2022-10-19,TX,202210  ,13125,13168,12967,12998,-102,-0.78%,69733.0,0,17996,12998,12999,15380,12666,original,,一般,
2022-10-20,TX,202211  ,12815,12916,12662,12900,-62,-0.48%,137538.0,12898,67475,12900,12901,15347,12644,original,,一般,
2022-10-21,TX,202211  ,12922,12948,12794,12805,-93,-0.72%,107939.0,12805,69643,12804,12805,15347,12644,original,,一般,
2022-10-24,TX,202211  ,13100,13126,12864,12882,77,0.60%,120336.0,12884,69518,12882,12883,15347,12644,original,,一般,
2022-10-25,TX,202211  ,12895,12946,12652,12682,-202,-1.57%,146455.0,12685,71200,12682,12684,15347,12644,original,,一般,
2022-10-26,TX,202211  ,12722,12833,12664,12739,54,0.43%,108896.0,12741,71487,12739,12741,15347,12644,original,,一般,
2022-10-27,TX,202211  ,12883,12984,12878,12956,215,1.69%,97666.0,12956,73797,12955,12958,15347,12644,original,,一般,
2022-10-28,TX,202211  ,12855,12915,12745,12764,-192,-1.48%,97431.0,12767,72382,12764,12769,15347,12644,original,,一般,
2022-10-31,TX,202211  ,12880,12997,12836,12943,176,1.38%,88369.0,12943,72471,12945,12947,15347,12644,original,,一般,
2022-11-01,TX,202211  ,12960,13095,12934,13031,88,0.68%,91434.0,13033,73899,13031,13034,15347,12644,original,,一般,
2022-11-02,TX,202211  ,13033,13103,13015,13083,50,0.38%,66189.0,13084,71908,13083,13085,15347,12644,original,,一般,
2022-11-03,TX,202211  ,12883,12983,12854,12958,-126,-0.96%,74133.0,12957,70846,12957,12958,15347,12644,original,,一般,
2022-11-04,TX,202211  ,12880,13039,12850,13030,73,0.56%,82593.0,13029,72258,13030,13031,15347,12644,original,,一般,
2022-11-07,TX,202211  ,13156,13265,13096,13224,195,1.50%,95613.0,13225,73444,13224,13225,15347,12644,original,,一般,
2022-11-08,TX,202211  ,13312,13390,13298,13334,109,0.82%,74647.0,13333,73474,13333,13334,15347,12644,original,,一般,
2022-11-09,TX,202211  ,13467,13613,13438,13595,262,1.97%,87870.0,13593,74903,13594,13596,15347,12644,original,,一般,
2022-11-10,TX,202211  ,13543,13565,13461,13477,-116,-0.85%,71235.0,13486,69928,13477,13483,15347,12644,original,,一般,
2022-11-11,TX,202211  ,13965,14062,13896,14058,572,4.24%,115281.0,14054,70976,14057,14060,15347,12644,original,,一般,
2022-11-14,TX,202211  ,14159,14195,14080,14127,73,0.52%,114862.0,14125,54447,14125,14127,15347,12644,original,,一般,
2022-11-15,TX,202211  ,14237,14575,14212,14530,405,2.87%,140937.0,14524,32658,14529,14530,15347,12644,original,,一般,
2022-11-16,TX,202211  ,14620,14652,14451,14499,-25,-0.17%,75223.0,0,16390,14499,14500,15347,12644,original,,一般,
2022-11-17,TX,202212  ,14471,14545,14357,14513,27,0.19%,88530.0,14511,70630,14512,14513,17888,12617,original,,一般,
2022-11-18,TX,202212  ,14551,14681,14437,14460,-51,-0.35%,114375.0,14465,72320,14460,14463,17888,12617,original,,一般,
2022-11-21,TX,202212  ,14492,14517,14411,14428,-37,-0.26%,80224.0,14431,73367,14428,14430,17888,12617,original,,一般,
2022-11-22,TX,202212  ,14457,14529,14364,14505,74,0.51%,88314.0,14504,74935,14504,14506,17888,12617,original,,一般,
2022-11-23,TX,202212  ,14615,14642,14543,14600,96,0.66%,76990.0,14599,74625,14599,14600,17888,12617,original,,一般,
2022-11-24,TX,202212  ,14690,14789,14656,14775,176,1.21%,77474.0,14774,79076,14774,14775,17888,12617,original,,一般,
2022-11-25,TX,202212  ,14769,14798,14703,14703,-71,-0.48%,68961.0,14710,79739,14703,14706,17888,12617,original,,一般,
2022-11-28,TX,202212  ,14550,14588,14433,14475,-235,-1.60%,106570.0,14474,77453,14475,14477,17888,12617,original,,一般,
2022-11-29,TX,202212  ,14470,14678,14431,14658,184,1.27%,92020.0,14660,78907,14658,14659,17888,12617,original,,一般,
2022-11-30,TX,202212  ,14640,14838,14619,14800,140,0.95%,101856.0,14802,82937,14798,14801,17888,12617,original,,一般,
2022-12-01,TX,202212  ,15030,15119,14927,14977,175,1.18%,109793.0,14980,82384,14977,14981,17888,12617,original,,一般,
2022-12-02,TX,202212  ,14860,14959,14842,14886,-94,-0.63%,70239.0,14884,85713,14884,14885,17888,12617,original,,一般,
2022-12-05,TX,202212  ,14898,15046,14880,14935,51,0.34%,79795.0,14930,86774,14931,14933,17888,12617,original,,一般,
2022-12-06,TX,202212  ,14874,14894,14672,14675,-255,-1.71%,92759.0,14679,86942,14676,14677,17888,12617,original,,一般,
2022-12-07,TX,202212  ,14603,14780,14594,14623,-56,-0.38%,106919.0,14625,84999,14623,14624,17888,12617,original,,一般,
2022-12-08,TX,202212  ,14567,14570,14413,14496,-129,-0.88%,99806.0,14495,84253,14496,14498,17888,12617,original,,一般,
2022-12-09,TX,202212  ,14636,14722,14572,14707,212,1.46%,88022.0,14709,79655,14706,14707,17888,12617,original,,一般,
2022-12-12,TX,202212  ,14649,14650,14485,14581,-128,-0.87%,87221.0,14583,79638,14581,14583,17888,12617,original,,一般,
2022-12-13,TX,202212  ,14660,14687,14496,14519,-64,-0.44%,86066.0,14518,79768,14518,14519,17888,12617,original,,一般,
2022-12-14,TX,202212  ,14609,14732,14576,14710,192,1.32%,88287.0,14710,81557,14707,14709,17888,12617,original,,一般,
2022-12-15,TX,202212  ,14658,14750,14607,14708,-2,-0.01%,88235.0,14713,80490,14708,14711,17888,12617,original,,一般,
2022-12-16,TX,202212  ,14440,14550,14411,14461,-252,-1.71%,104255.0,14463,73670,14460,14465,17888,12617,original,,一般,
2022-12-19,TX,202212  ,14405,14485,14362,14404,-59,-0.41%,98774.0,14407,46185,14405,14406,17888,12617,original,,一般,
2022-12-20,TX,202212  ,14366,14442,14121,14154,-253,-1.76%,131280.0,14153,27403,14153,14155,17888,12617,original,,一般,
2022-12-21,TX,202212  ,14210,14278,14175,14219,66,0.47%,48935.0,0,12604,14219,14220,17888,12617,original,,一般,
2022-12-22,TX,202301  ,14311,14396,14285,14377,210,1.48%,71964.0,14374,80249,14375,14377,15082,12631,original,,一般,
2022-12-23,TX,202301  ,14168,14237,14125,14190,-184,-1.28%,72919.0,14189,79350,14187,14191,15082,12631,original,,一般,
2022-12-26,TX,202301  ,14196,14254,14192,14245,56,0.39%,35315.0,14243,79480,14243,14245,15082,12631,original,,一般,
2022-12-27,TX,202301  ,14295,14392,14278,14303,60,0.42%,65334.0,14305,80674,14301,14304,15082,12631,original,,一般,
2022-12-28,TX,202301  ,14190,14195,14070,14110,-195,-1.36%,84583.0,14112,81506,14109,14113,15082,12631,original,,一般,
2022-12-29,TX,202301  ,13960,14072,13938,14032,-80,-0.57%,78436.0,14034,79478,14032,14033,15082,12631,original,,一般,
2022-12-30,TX,202301  ,14193,14213,14127,14134,100,0.71%,61365.0,14135,77999,14133,14136,15082,12631,original,,一般,
2023-01-03,TX,202301  ,14050,14247,13952,14230,95,0.67%,114614.0,14230,75102,14227,14231,15082,12631,original,,一般,
2023-01-04,TX,202301  ,14205,14271,14181,14208,-22,-0.15%,69531.0,14209,70972,14208,14210,15082,12631,original,,一般,
2023-01-05,TX,202301  ,14324,14375,14239,14289,80,0.56%,77650.0,14289,71755,14287,14291,15082,12631,original,,一般,
2023-01-06,TX,202301  ,14278,14403,14275,14364,75,0.52%,78727.0,14366,72568,14362,14365,15082,12631,original,,一般,
2023-01-09,TX,202301  ,14618,14770,14582,14769,403,2.81%,80242.0,14765,72740,14768,14769,15082,12631,original,,一般,
2023-01-10,TX,202301  ,14745,14829,14735,14808,43,0.29%,69053.0,14810,69159,14808,14809,15082,12631,original,,一般,
2023-01-11,TX,202301  ,14855,14884,14746,14792,-18,-0.12%,62375.0,14791,67074,14793,14794,15082,12631,original,,一般,
2023-01-12,TX,202301  ,14825,14840,14709,14768,-23,-0.16%,68357.0,14766,65393,14767,14769,15082,12631,original,,一般,
2023-01-13,TX,202301  ,15000,15016,14822,14833,67,0.45%,83193.0,14834,63944,14833,14835,15082,12631,original,,一般,
2023-01-16,TX,202301  ,14935,15004,14916,14936,102,0.69%,84845.0,14938,47853,14933,14936,15082,12631,original,,一般,
2023-01-17,TX,202301  ,14923,14969,14906,14925,-13,-0.09%,68548.0,14925,25215,14925,14926,15082,12631,original,,一般,
2023-01-30,TX,202301  ,15558,15559,15364,15451,526,3.52%,45946.0,0,14509,15450,15451,15559,12631,original,,一般,
2023-01-31,TX,202302  ,15449,15456,15265,15268,-189,-1.22%,72954.0,15268,67676,15268,15270,15532,13909,original,,一般,
2023-02-01,TX,202302  ,15350,15402,15297,15383,115,0.75%,61365.0,15382,66031,15380,15383,15532,13909,original,,一般,
2023-02-02,TX,202302  ,15549,15600,15468,15580,198,1.29%,75910.0,15580,68426,15580,15581,15600,13909,original,,一般,
2023-02-03,TX,202302  ,15581,15629,15488,15579,-1,-0.01%,71763.0,15581,66293,15579,15581,15668,13909,original,,一般,
2023-02-06,TX,202302  ,15504,15505,15391,15405,-176,-1.13%,75333.0,15407,67894,15402,15405,15668,13909,original,,一般,
2023-02-07,TX,202302  ,15383,15447,15366,15396,-11,-0.07%,65134.0,15397,67940,15396,15398,15668,13909,original,,一般,
2023-02-08,TX,202302  ,15475,15624,15474,15604,207,1.34%,72141.0,15604,70953,15605,15609,15668,13909,original,,一般,
2023-02-09,TX,202302  ,15549,15608,15530,15601,-3,-0.02%,56658.0,15600,67602,15600,15602,15668,13909,original,,一般,
2023-02-10,TX,202302  ,15596,15598,15520,15575,-25,-0.16%,87442.0,15577,63926,15576,15578,15743,13909,original,,一般,
2023-02-13,TX,202302  ,15510,15547,15431,15533,-44,-0.28%,100940.0,15532,46665,15533,15536,15743,13909,original,,一般,
2023-02-14,TX,202302  ,15633,15682,15588,15661,129,0.83%,76846.0,15658,25568,15658,15661,15743,13909,original,,一般,
2023-02-15,TX,202302  ,15502,15550,15382,15398,-260,-1.66%,60917.0,0,11695,15398,15399,15743,13909,original,,一般,
2023-02-16,TX,202303  ,15458,15599,15451,15546,180,1.17%,81731.0,15543,68566,15543,15546,17000,12563,original,,一般,
2023-02-17,TX,202303  ,15428,15475,15384,15433,-110,-0.71%,71212.0,15436,65814,15433,15435,17000,12563,original,,一般,
2023-02-20,TX,202303  ,15386,15555,15367,15522,86,0.56%,70776.0,15524,68490,15522,15524,17000,12563,original,,一般,
2023-02-21,TX,202303  ,15486,15547,15471,15528,4,0.03%,57221.0,15528,66991,15527,15530,17000,12563,original,,一般,
2023-02-22,TX,202303  ,15353,15415,15306,15376,-152,-0.98%,80471.0,15375,68756,15375,15377,17000,12563,original,,一般,
2023-02-23,TX,202303  ,15435,15656,15433,15597,222,1.44%,92289.0,15600,71983,15597,15600,17000,12563,original,,一般,
2023-02-24,TX,202303  ,15642,15684,15526,15542,-58,-0.37%,76672.0,15541,68616,15540,15544,17000,12563,original,,一般,
2023-03-01,TX,202303  ,15381,15555,15333,15544,3,0.02%,82601.0,15546,69008,15542,15544,17000,12563,original,,一般,
2023-03-02,TX,202303  ,15596,15618,15435,15542,-4,-0.03%,81548.0,15542,69601,15542,15544,17000,12563,original,,一般,
2023-03-03,TX,202303  ,15612,15670,15568,15619,77,0.50%,81464.0,15615,72125,15616,15619,17000,12563,original,,一般,
2023-03-06,TX,202303  ,15730,15834,15692,15774,159,1.02%,88661.0,15772,71813,15773,15774,17000,12563,original,,一般,
2023-03-07,TX,202303  ,15786,15894,15750,15874,102,0.65%,66075.0,15873,72165,15872,15874,17000,12563,original,,一般,
2023-03-08,TX,202303  ,15725,15809,15721,15785,-88,-0.55%,75396.0,15785,66054,15784,15785,17000,12563,original,,一般,
2023-03-09,TX,202303  ,15855,15862,15751,15767,-18,-0.11%,63471.0,15766,66358,15765,15769,17000,12563,original,,一般,
2023-03-10,TX,202303  ,15618,15624,15452,15484,-282,-1.79%,100898.0,15481,64951,15481,15482,17000,12563,original,,一般,
2023-03-13,TX,202303  ,15450,15540,15345,15520,39,0.25%,137218.0,15519,39314,15518,15520,17000,12563,original,,一般,
2023-03-14,TX,202303  ,15358,15428,15310,15352,-167,-1.08%,103551.0,15354,25173,15351,15353,17000,12563,original,,一般,
2023-03-15,TX,202303  ,15472,15532,15404,15404,50,0.33%,54171.0,0,13041,15404,15405,17000,12563,original,,一般,
2023-03-16,TX,202304  ,15194,15305,15150,15227,-103,-0.67%,115384.0,15226,65640,15226,15227,15858,15068,original,,一般,
2023-03-17,TX,202304  ,15310,15418,15298,15403,177,1.16%,91820.0,15405,66215,15402,15403,15858,15068,original,,一般,
2023-03-20,TX,202304  ,15454,15477,15352,15373,-32,-0.21%,79652.0,15370,65540,15370,15373,15858,15068,original,,一般,
2023-03-21,TX,202304  ,15464,15517,15425,15455,85,0.55%,73240.0,15455,65755,15452,15455,15858,15068,original,,一般,
2023-03-22,TX,202304  ,15589,15725,15568,15712,257,1.66%,79375.0,15715,72441,15712,15714,15858,15068,original,,一般,
2023-03-23,TX,202304  ,15695,15866,15683,15837,122,0.78%,87831.0,15836,75135,15836,15838,15866,15068,original,,一般,
2023-03-24,TX,202304  ,15878,15923,15806,15912,76,0.48%,72534.0,15917,74211,15912,15920,15979,15068,original,,一般,
2023-03-27,TX,202304  ,15855,15893,15793,15831,-86,-0.54%,72250.0,15829,69345,15828,15832,15979,15068,original,,一般,
2023-03-28,TX,202304  ,15814,15829,15655,15690,-139,-0.88%,84158.0,15689,69508,15689,15693,15979,15068,original,,一般,
2023-03-29,TX,202304  ,15730,15787,15653,15740,51,0.33%,77212.0,15738,69250,15738,15740,15979,15068,original,,一般,
2023-03-30,TX,202304  ,15822,15862,15761,15821,83,0.53%,78724.0,15819,68933,15821,15826,15979,15068,original,,一般,
2023-03-31,TX,202304  ,15879,15965,15860,15864,45,0.28%,82044.0,15864,69836,15862,15864,15979,15068,original,,一般,
2023-04-06,TX,202304  ,15780,15793,15701,15760,-104,-0.66%,71495.0,15762,68514,15762,15764,15979,15068,original,,一般,
2023-04-07,TX,202304  ,15850,15870,15796,15818,56,0.36%,52583.0,15818,69593,15819,15822,15979,15068,original,,一般,
2023-04-10,TX,202304  ,15839,15927,15828,15849,31,0.20%,61327.0,15851,70836,15849,15850,15979,15068,original,,一般,
2023-04-11,TX,202304  ,15834,15963,15825,15921,70,0.44%,81532.0,15924,70630,15921,15926,15979,15068,original,,一般,
2023-04-12,TX,202304  ,15957,15960,15866,15926,2,0.01%,57123.0,15925,68379,15925,15927,15979,15068,original,,一般,
2023-04-13,TX,202304  ,15865,15903,15808,15816,-109,-0.68%,79548.0,15816,67674,15817,15819,16003,15068,original,,一般,
2023-04-14,TX,202304  ,15882,15995,15855,15947,131,0.83%,88415.0,15948,69858,15946,15948,16003,15068,original,,一般,
2023-04-17,TX,202304  ,15920,15974,15877,15970,22,0.14%,84803.0,15970,52427,15969,15970,16003,15068,original,,一般,
2023-04-18,TX,202304  ,15931,15963,15862,15890,-80,-0.50%,90958.0,15891,30441,15891,15893,16003,15068,original,,一般,
2023-04-19,TX,202304  ,15893,15923,15750,15775,-116,-0.73%,53512.0,0,14959,15774,15775,16003,15068,original,,一般,
2023-04-20,TX,202305  ,15730,15798,15682,15731,-47,-0.30%,95145.0,15731,67599,15730,15731,15972,15047,original,,一般,
2023-04-21,TX,202305  ,15757,15778,15602,15615,-116,-0.74%,101724.0,15614,72736,15614,15616,15972,15047,original,,一般,
2023-04-24,TX,202305  ,15545,15655,15542,15623,9,0.06%,74865.0,15620,73012,15621,15623,15972,15047,original,,一般,
2023-04-25,TX,202305  ,15641,15662,15369,15388,-232,-1.49%,117880.0,15389,77535,15387,15389,15972,15047,original,,一般,
2023-04-26,TX,202305  ,15390,15409,15312,15375,-14,-0.09%,96433.0,15376,76939,15375,15376,15972,15047,original,,一般,
2023-04-27,TX,202305  ,15342,15461,15305,15427,51,0.33%,85853.0,15426,74772,15425,15427,15972,15047,original,,一般,
2023-04-28,TX,202305  ,15515,15596,15498,15573,147,0.95%,84556.0,15572,73774,15573,15574,15972,15047,original,,一般,
2023-05-02,TX,202305  ,15628,15672,15551,15636,64,0.41%,78993.0,15635,74133,15634,15636,15972,15047,original,,一般,
2023-05-03,TX,202305  ,15559,15595,15523,15552,-83,-0.53%,67779.0,15549,72685,15549,15553,15972,15047,original,,一般,
2023-05-04,TX,202305  ,15496,15619,15490,15609,60,0.39%,70601.0,15607,72300,15608,15609,15972,15047,original,,一般,
2023-05-05,TX,202305  ,15598,15696,15576,15643,36,0.23%,79097.0,15642,71427,15642,15643,15972,15047,original,,一般,
2023-05-08,TX,202305  ,15758,15776,15704,15723,81,0.52%,67383.0,15723,69493,15723,15724,15972,15047,original,,一般,
2023-05-09,TX,202305  ,15706,15744,15652,15739,16,0.10%,73221.0,15736,68982,15735,15738,15972,15047,original,,一般,
2023-05-10,TX,202305  ,15692,15702,15581,15609,-127,-0.81%,79948.0,15610,67625,15609,15614,15972,15047,original,,一般,
2023-05-11,TX,202305  ,15660,15683,15517,15518,-92,-0.59%,92649.0,15519,68946,15518,15520,15972,15047,original,,一般,
2023-05-12,TX,202305  ,15450,15559,15420,15508,-11,-0.07%,89636.0,15506,65350,15506,15508,15972,15047,original,,一般,
2023-05-15,TX,202305  ,15439,15522,15425,15510,4,0.03%,98204.0,15510,50013,15510,15513,15972,15047,original,,一般,
2023-05-16,TX,202305  ,15604,15723,15593,15690,180,1.16%,86477.0,15690,30347,15690,15692,15972,15047,original,,一般,
2023-05-17,TX,202305  ,15720,15973,15713,15954,264,1.68%,67413.0,0,17748,15953,15954,15973,15047,original,,一般,
2023-05-18,TX,202306  ,16026,16085,15960,16070,195,1.23%,86157.0,16069,79705,16070,16071,16085,12496,original,,一般,
2023-05-19,TX,202306  ,16153,16161,16068,16129,60,0.37%,72580.0,16127,79934,16126,16130,16161,12496,original,,一般,
2023-05-22,TX,202306  ,16133,16158,16091,16116,-11,-0.07%,57628.0,16115,81199,16113,16116,16161,12496,original,,一般,
2023-05-23,TX,202306  ,16149,16195,16072,16133,18,0.11%,82150.0,16135,84302,16133,16134,16195,12496,original,,一般,
2023-05-24,TX,202306  ,16055,16091,16005,16072,-63,-0.39%,76889.0,16069,85378,16069,16072,16195,12496,original,,一般,
2023-05-25,TX,202306  ,16132,16232,16125,16207,138,0.86%,98367.0,16205,86787,16206,16207,16232,12496,original,,一般,
2023-05-26,TX,202306  ,16362,16456,16346,16435,230,1.42%,89892.0,16438,87090,16435,16436,16456,12496,original,,一般,
2023-05-29,TX,202306  ,16607,16633,16543,16570,132,0.80%,73815.0,16578,86731,16570,16579,16650,12496,original,,一般,
2023-05-30,TX,202306  ,16550,16607,16515,16576,-2,-0.01%,66386.0,16573,87714,16573,16576,16650,12496,original,,一般,
2023-05-31,TX,202306  ,16576,16598,16455,16489,-84,-0.51%,97967.0,16488,87760,16488,16489,16724,12496,original,,一般,
2023-06-01,TX,202306  ,16440,16518,16422,16470,-18,-0.11%,70078.0,16469,88865,16466,16470,16724,12496,original,,一般,
2023-06-02,TX,202306  ,16577,16738,16566,16710,241,1.46%,81950.0,16711,90130,16711,16713,16738,12496,original,,一般,
2023-06-05,TX,202306  ,16750,16764,16657,16681,-30,-0.18%,67739.0,16683,86451,16681,16685,16800,12496,original,,一般,
2023-06-06,TX,202306  ,16687,16784,16680,16747,64,0.38%,76480.0,16746,87939,16747,16748,16800,12496,original,,一般,
2023-06-07,TX,202306  ,16785,16906,16766,16889,143,0.85%,75944.0,16890,89202,16888,16889,16906,12496,original,,一般,
2023-06-08,TX,202306  ,16852,16867,16667,16719,-171,-1.01%,86320.0,16717,85506,16716,16718,16963,12496,original,,一般,
2023-06-09,TX,202306  ,16802,16888,16785,16888,171,1.02%,68556.0,16886,86276,16887,16888,16963,12496,original,,一般,
2023-06-12,TX,202306  ,16954,16984,16907,16942,56,0.33%,62748.0,16942,85819,16942,16944,16987,12496,original,,一般,
2023-06-13,TX,202306  ,17088,17274,17081,17220,278,1.64%,89364.0,17218,89286,17217,17220,17274,12496,original,,一般,
2023-06-14,TX,202306  ,17199,17230,17133,17203,-15,-0.09%,70092.0,17199,85054,17197,17199,17320,12496,original,,一般,
2023-06-15,TX,202306  ,17250,17348,17230,17337,138,0.80%,73605.0,17336,85928,17335,17337,17348,12496,original,,一般,
2023-06-16,TX,202306  ,17292,17322,17215,17268,-68,-0.39%,89295.0,17269,78723,17268,17270,17366,12496,original,,一般,
2023-06-19,TX,202306  ,17194,17286,17160,17255,-14,-0.08%,89130.0,17253,55889,17252,17255,17366,12496,original,,一般,
2023-06-20,TX,202306  ,17210,17238,17106,17189,-64,-0.37%,99173.0,17189,32453,17189,17190,17366,12496,original,,一般,
2023-06-21,TX,202306  ,17157,17244,17140,17229,40,0.23%,45409.0,0,19345,17229,17230,17366,12496,original,,一般,
2023-06-26,TX,202307  ,16851,16915,16822,16880,-123,-0.72%,72170.0,16880,79977,16876,16880,17128,14990,original,,一般,
2023-06-27,TX,202307  ,16805,16855,16705,16743,-137,-0.81%,94078.0,16742,80289,16743,16744,17128,14990,original,,一般,
2023-06-28,TX,202307  ,16795,16810,16712,16776,34,0.20%,75639.0,16775,80693,16776,16778,17128,14990,original,,一般,
2023-06-29,TX,202307  ,16851,16965,16733,16756,-19,-0.11%,111710.0,16762,82033,16755,16757,17128,14990,original,,一般,
2023-06-30,TX,202307  ,16718,16826,16671,16788,26,0.16%,76943.0,16787,80621,16787,16791,17128,14990,original,,一般,
2023-07-03,TX,202307  ,16901,17038,16897,17035,248,1.48%,75504.0,17035,84331,17033,17037,17128,14990,original,,一般,
2023-07-04,TX,202307  ,17025,17116,16983,17106,71,0.42%,67409.0,17103,84469,17104,17106,17128,14990,original,,一般,
2023-07-05,TX,202307  ,17086,17098,16975,17005,-98,-0.57%,72937.0,17005,83451,17004,17005,17128,14990,original,,一般,
2023-07-06,TX,202307  ,16869,16898,16673,16686,-319,-1.88%,108783.0,16689,83240,16686,16687,17128,14990,original,,一般,
2023-07-07,TX,202307  ,16566,16708,16536,16623,-66,-0.40%,96841.0,16624,80643,16623,16624,17128,14990,original,,一般,
2023-07-10,TX,202307  ,16675,16737,16545,16550,-74,-0.45%,99315.0,16553,78747,16550,16552,17128,14990,original,,一般,
2023-07-11,TX,202307  ,16750,16877,16737,16870,317,1.92%,83593.0,16866,80666,16868,16870,17128,14990,original,,一般,
2023-07-12,TX,202307  ,16880,16929,16824,16925,59,0.35%,78402.0,16922,79093,16922,16926,17128,14990,original,,一般,
2023-07-13,TX,202307  ,17137,17255,17056,17084,162,0.96%,107250.0,17086,78765,17084,17086,17255,14990,original,,一般,
2023-07-14,TX,202307  ,17219,17305,17143,17292,206,1.21%,88668.0,17291,75198,17291,17292,17305,14990,original,,一般,
2023-07-17,TX,202307  ,17234,17345,17229,17291,0,0.00%,94891.0,17287,51033,17288,17292,17357,14990,original,,一般,
2023-07-18,TX,202307  ,17338,17386,17152,17225,-62,-0.36%,119145.0,17220,28080,17220,17225,17386,14990,original,,一般,
2023-07-19,TX,202307  ,17287,17325,17092,17102,-118,-0.69%,67858.0,0,12410,17102,17103,17386,14990,original,,一般,
2023-07-20,TX,202308  ,17020,17150,17018,17126,45,0.26%,88053.0,17126,70219,17127,17129,17327,15631,original,,一般,
2023-07-21,TX,202308  ,16860,16984,16816,16944,-182,-1.06%,99103.0,16947,71475,16944,16945,17327,15631,original,,一般,
2023-07-24,TX,202308  ,16947,17024,16866,16981,34,0.20%,94583.0,16979,71083,16981,16982,17327,15631,original,,一般,
2023-07-25,TX,202308  ,17091,17225,17054,17180,201,1.18%,92668.0,17182,76847,17178,17182,17327,15631,original,,一般,
2023-07-26,TX,202308  ,17206,17208,17078,17102,-80,-0.47%,92561.0,17100,75333,17100,17102,17327,15631,original,,一般,
2023-07-27,TX,202308  ,17183,17263,17168,17221,121,0.71%,91001.0,17223,75049,17220,17222,17327,15631,original,,一般,
2023-07-28,TX,202308  ,17155,17299,17135,17262,39,0.23%,105980.0,17262,75230,17262,17265,17333,15631,original,,一般,
2023-07-31,TX,202308  ,17400,17425,17058,17100,-162,-0.94%,130814.0,17103,75779,17100,17101,17425,15631,original,,一般,
2023-08-01,TX,202308  ,17160,17218,17090,17182,79,0.46%,92003.0,17178,74399,17179,17182,17425,15631,original,,一般,
2023-08-02,TX,202308  ,17093,17162,16806,16814,-364,-2.12%,136576.0,16820,75872,16814,16816,17425,15631,original,,一般,
2023-08-04,TX,202308  ,16720,16863,16715,16824,4,0.02%,96586.0,16823,74523,16824,16826,17425,15631,original,,一般,
2023-08-07,TX,202308  ,16859,17027,16836,17002,179,1.06%,93476.0,17000,73569,17002,17003,17425,15631,original,,一般,
2023-08-08,TX,202308  ,17020,17026,16757,16853,-147,-0.86%,114678.0,16852,71198,16853,16855,17425,15631,original,,一般,
2023-08-09,TX,202308  ,16815,16935,16780,16852,0,0.00%,99083.0,16853,69805,16852,16855,17425,15631,original,,一般,
2023-08-10,TX,202308  ,16788,16797,16584,16660,-193,-1.15%,115276.0,16656,67873,16657,16660,17425,15631,original,,一般,
2023-08-11,TX,202308  ,16711,16754,16574,16625,-31,-0.19%,96858.0,16625,65389,16626,16627,17425,15631,original,,一般,
2023-08-14,TX,202308  ,16567,16570,16306,16378,-247,-1.49%,142754.0,16377,44624,16376,16378,17425,15631,original,,一般,
2023-08-15,TX,202308  ,16471,16540,16422,16422,45,0.27%,89792.0,16423,28854,16422,16424,17425,15631,original,,一般,
2023-08-16,TX,202308  ,16300,16413,16290,16364,-59,-0.36%,58199.0,0,14591,16364,16365,17425,15631,original,,一般,
2023-08-17,TX,202309  ,16261,16493,16205,16454,81,0.49%,124759.0,16456,63340,16454,16459,17386,11969,original,,一般,
2023-08-18,TX,202309  ,16422,16541,16320,16352,-104,-0.63%,118197.0,16353,64407,16352,16356,17386,11969,original,,一般,
2023-08-21,TX,202309  ,16424,16474,16325,16351,-2,-0.01%,91744.0,16348,66185,16349,16352,17386,11969,original,,一般,
2023-08-22,TX,202309  ,16495,16507,16380,16401,53,0.32%,86244.0,16400,64491,16399,16401,17386,11969,original,,一般,
2023-08-23,TX,202309  ,16419,16561,16405,16559,159,0.97%,97878.0,16558,66814,16558,16560,17386,11969,original,,一般,
2023-08-24,TX,202309  ,16788,16798,16670,16759,201,1.21%,108492.0,16756,63099,16758,16761,17386,11969,original,,一般,
2023-08-25,TX,202309  ,16549,16586,16415,16421,-335,-2.00%,99877.0,16426,68389,16421,16422,17386,11969,original,,一般,
2023-08-28,TX,202309  ,16468,16548,16461,16490,64,0.39%,83055.0,16492,67225,16490,16494,17386,11969,original,,一般,
2023-08-29,TX,202309  ,16578,16632,16453,16624,132,0.80%,84833.0,16624,65142,16624,16625,17386,11969,original,,一般,
2023-08-30,TX,202309  ,16738,16778,16695,16724,100,0.60%,69975.0,16723,64022,16724,16726,17386,11969,original,,一般,
2023-08-31,TX,202309  ,16730,16731,16602,16628,-95,-0.57%,89842.0,16620,63416,16621,16625,17386,11969,original,,一般,
2023-09-01,TX,202309  ,16608,16727,16600,16651,31,0.19%,78439.0,16651,64613,16650,16652,17386,11969,original,,一般,
2023-09-04,TX,202309  ,16646,16782,16607,16782,131,0.79%,84928.0,16778,66279,16781,16782,17386,11969,original,,一般,
2023-09-05,TX,202309  ,16736,16765,16707,16754,-24,-0.14%,57012.0,16752,64538,16753,16754,17386,11969,original,,一般,
2023-09-06,TX,202309  ,16758,16801,16702,16711,-41,-0.24%,70796.0,16713,63780,16710,16712,17386,11969,original,,一般,
2023-09-07,TX,202309  ,16604,16660,16560,16564,-149,-0.89%,78366.0,16563,64463,16563,16566,17386,11969,original,,一般,
2023-09-08,TX,202309  ,16490,16579,16467,16563,0,0.00%,74559.0,16562,66603,16561,16563,17386,11969,original,,一般,
2023-09-11,TX,202309  ,16560,16577,16366,16427,-135,-0.82%,104377.0,16425,66816,16427,16429,17386,11969,original,,一般,
2023-09-12,TX,202309  ,16459,16591,16413,16573,148,0.90%,94566.0,16570,65999,16572,16573,17386,11969,original,,一般,
2023-09-13,TX,202309  ,16570,16645,16523,16577,7,0.04%,79200.0,16579,64256,16577,16580,17386,11969,original,,一般,
2023-09-14,TX,202309  ,16676,16842,16675,16838,259,1.56%,83243.0,16836,70502,16838,16839,17386,11969,original,,一般,
2023-09-15,TX,202309  ,16848,16918,16808,16906,70,0.42%,76226.0,16904,66858,16904,16906,17386,11969,original,,一般,
2023-09-18,TX,202309  ,16757,16796,16700,16709,-195,-1.15%,99184.0,16712,43683,16707,16709,17386,11969,original,,一般,
2023-09-19,TX,202309  ,16700,16741,16603,16609,-103,-0.62%,87209.0,16606,26851,16609,16612,17386,11969,original,,一般,
2023-09-20,TX,202309  ,16611,16648,16531,16537,-69,-0.42%,47771.0,0,13366,16537,16538,17386,11969,original,,一般,
2023-09-21,TX,202310  ,16479,16483,16280,16309,-256,-1.55%,104132.0,16311,71304,16308,16309,17360,16205,original,,一般,
2023-09-22,TX,202310  ,16200,16355,16188,16345,34,0.21%,77457.0,16344,68884,16344,16345,17360,16188,original,,一般,
2023-09-25,TX,202310  ,16352,16491,16340,16464,120,0.73%,69416.0,16465,67240,16463,16465,17360,16188,original,,一般,
2023-09-26,TX,202310  ,16400,16408,16273,16308,-157,-0.95%,88022.0,16305,67979,16308,16309,17360,16188,original,,一般,
2023-09-27,TX,202310  ,16246,16334,16230,16311,6,0.04%,76137.0,16311,67498,16310,16311,17360,16188,original,,一般,
2023-09-28,TX,202310  ,16342,16435,16295,16368,57,0.35%,90613.0,16367,66362,16369,16370,17360,16188,original,,一般,
2023-10-02,TX,202310  ,16531,16610,16504,16557,190,1.16%,76695.0,16556,67732,16557,16558,17360,16188,original,,一般,
2023-10-03,TX,202310  ,16497,16553,16408,16412,-144,-0.87%,84437.0,16411,66910,16411,16412,17360,16188,original,,一般,
2023-10-04,TX,202310  ,16285,16286,16164,16245,-166,-1.01%,105815.0,16245,70024,16244,16245,17360,16164,original,,一般,
2023-10-05,TX,202310  ,16300,16486,16288,16456,211,1.30%,88286.0,16457,69086,16456,16457,17360,16164,original,,一般,
2023-10-06,TX,202310  ,16476,16552,16473,16531,74,0.45%,67779.0,16528,66322,16528,16529,17360,16164,original,,一般,
2023-10-11,TX,202310  ,16829,16829,16662,16717,189,1.14%,83064.0,16714,65459,16715,16717,17360,16164,original,,一般,
2023-10-12,TX,202310  ,16768,16857,16725,16848,134,0.80%,76196.0,16848,69586,16848,16849,17360,16164,original,,一般,
2023-10-13,TX,202310  ,16750,16807,16730,16770,-78,-0.46%,67885.0,16771,66652,16768,16770,17360,16164,original,,一般,
2023-10-16,TX,202310  ,16661,16683,16603,16648,-123,-0.73%,101143.0,16649,45084,16648,16649,17360,16164,original,,一般,
2023-10-17,TX,202310  ,16764,16782,16634,16650,1,0.01%,82744.0,16650,25661,16650,16654,17360,16164,original,,一般,
2023-10-18,TX,202310  ,16616,16633,16411,16426,-224,-1.35%,62045.0,0,13634,16425,16426,17360,16164,original,,一般,
2023-10-19,TX,202311  ,16365,16487,16357,16458,-10,-0.06%,83646.0,16461,65117,16456,16458,16917,16178,original,,一般,
2023-10-20,TX,202311  ,16440,16465,16255,16413,-48,-0.29%,115247.0,16414,65407,16413,16417,16917,16178,original,,一般,
2023-10-23,TX,202311  ,16350,16366,16250,16254,-160,-0.97%,79206.0,16256,72601,16254,16257,16917,16178,original,,一般,
2023-10-24,TX,202311  ,16274,16343,16148,16335,79,0.49%,117248.0,16333,70563,16334,16335,16917,16145,original,,一般,
2023-10-25,TX,202311  ,16370,16480,16350,16358,25,0.15%,85062.0,16358,68394,16359,16360,16917,16145,original,,一般,
2023-10-26,TX,202311  ,16144,16176,16039,16069,-289,-1.77%,110234.0,16066,75530,16068,16069,16917,16039,original,,一般,
2023-10-27,TX,202311  ,16137,16217,16120,16151,85,0.53%,84813.0,16152,69690,16150,16152,16917,16033,original,,一般,
2023-10-30,TX,202311  ,16118,16238,16111,16157,5,0.03%,88685.0,16160,70834,16157,16159,16917,16033,original,,一般,
2023-10-31,TX,202311  ,16180,16197,15973,15994,-166,-1.03%,109000.0,15997,76161,15994,15998,16917,15973,original,,一般,
2023-11-01,TX,202311  ,16099,16120,15978,16048,51,0.32%,86885.0,16050,73932,16047,16048,16917,15973,original,,一般,
2023-11-02,TX,202311  ,16256,16399,16250,16390,340,2.12%,80878.0,16389,72942,16390,16395,16917,15973,original,,一般,
2023-11-03,TX,202311  ,16488,16537,16441,16512,123,0.75%,73936.0,16514,70074,16511,16513,16917,15973,original,,一般,
2023-11-06,TX,202311  ,16680,16750,16626,16670,156,0.94%,83172.0,16673,73136,16669,16675,16917,15973,original,,一般,
2023-11-07,TX,202311  ,16632,16712,16613,16709,36,0.22%,65290.0,16708,74875,16709,16710,16917,15973,original,,一般,
2023-11-08,TX,202311  ,16725,16797,16687,16749,41,0.25%,76332.0,16752,75925,16749,16750,16917,15973,original,,一般,
2023-11-09,TX,202311  ,16711,16788,16692,16763,11,0.07%,69823.0,16763,76663,16763,16765,16917,15973,original,,一般,
2023-11-10,TX,202311  ,16664,16738,16627,16736,-27,-0.16%,83384.0,16732,69100,16734,16738,16917,15973,original,,一般,
2023-11-13,TX,202311  ,16969,16985,16836,16876,144,0.86%,100083.0,16874,46143,16873,16877,17041,15973,original,,一般,
2023-11-14,TX,202311  ,16956,16976,16912,16949,75,0.44%,73343.0,16948,31938,16949,16950,17041,15973,original,,一般,
2023-11-15,TX,202311  ,17170,17192,17055,17123,175,1.03%,52992.0,0,14408,17122,17123,17192,15973,original,,一般,
2023-11-16,TX,202312  ,17196,17218,17109,17186,27,0.16%,72693.0,17186,74759,17186,17188,17310,13257,original,,一般,
2023-11-17,TX,202312  ,17152,17252,17151,17222,36,0.21%,72936.0,17219,79700,17219,17222,17310,13257,original,,一般,
2023-11-20,TX,202312  ,17227,17288,17154,17200,-19,-0.11%,72251.0,17201,81888,17196,17200,17310,13257,original,,一般,
2023-11-21,TX,202312  ,17281,17425,17280,17415,214,1.24%,70242.0,17411,89081,17409,17415,17425,13257,original,,一般,
2023-11-22,TX,202312  ,17298,17334,17256,17284,-127,-0.73%,65563.0,17289,87841,17283,17285,17425,13257,original,,一般,
2023-11-23,TX,202312  ,17275,17323,17214,17307,18,0.10%,73777.0,17304,87311,17304,17307,17425,13257,original,,一般,
2023-11-24,TX,202312  ,17330,17350,17265,17293,-11,-0.06%,51647.0,17293,87084,17292,17293,17425,13257,original,,一般,
2023-11-27,TX,202312  ,17257,17361,17145,17173,-120,-0.69%,90354.0,17172,86345,17173,17174,17425,13257,original,,一般,
2023-11-28,TX,202312  ,17215,17402,17195,17364,192,1.12%,87471.0,17360,88448,17361,17364,17425,13257,original,,一般,
2023-11-29,TX,202312  ,17339,17450,17314,17334,-26,-0.15%,79086.0,17339,87554,17337,17340,17450,13257,original,,一般,
2023-11-30,TX,202312  ,17400,17416,17291,17393,54,0.31%,82954.0,17393,87528,17392,17394,17450,13257,original,,一般,
2023-12-01,TX,202312  ,17333,17434,17254,17421,28,0.16%,79764.0,17424,89886,17421,17424,17450,13257,original,,一般,
2023-12-04,TX,202312  ,17465,17491,17376,17419,-5,-0.03%,69262.0,17418,87232,17418,17423,17507,13257,original,,一般,
2023-12-05,TX,202312  ,17285,17330,17231,17309,-109,-0.63%,76784.0,17309,87985,17308,17309,17507,13257,original,,一般,
2023-12-06,TX,202312  ,17367,17453,17346,17381,72,0.42%,79377.0,17377,86773,17378,17381,17507,13257,original,,一般,
2023-12-07,TX,202312  ,17321,17371,17261,17270,-107,-0.62%,77297.0,17271,87864,17268,17270,17507,13257,original,,一般,
2023-12-08,TX,202312  ,17409,17470,17363,17377,106,0.61%,88169.0,17375,87293,17373,17377,17507,13257,original,,一般,
2023-12-11,TX,202312  ,17436,17457,17350,17418,43,0.25%,65150.0,17418,88001,17418,17419,17507,13257,original,,一般,
2023-12-12,TX,202312  ,17518,17545,17427,17464,46,0.26%,67207.0,17462,87797,17464,17465,17545,13257,original,,一般,
2023-12-13,TX,202312  ,17491,17519,17426,17453,-9,-0.05%,65147.0,17457,86680,17452,17455,17545,13257,original,,一般,
2023-12-14,TX,202312  ,17608,17691,17595,17666,209,1.20%,96741.0,17663,87000,17664,17666,17691,13257,original,,一般,
2023-12-15,TX,202312  ,17771,17775,17672,17674,11,0.06%,80686.0,17673,77816,17674,17675,17775,13257,original,,一般,
2023-12-18,TX,202312  ,17672,17673,17583,17655,-18,-0.10%,93527.0,17656,47356,17654,17656,17775,13257,original,,一般,
2023-12-19,TX,202312  ,17596,17621,17505,17574,-82,-0.46%,88844.0,17577,28220,17574,17576,17775,13257,original,,一般,
2023-12-20,TX,202312  ,17605,17655,17596,17636,59,0.34%,41677.0,0,15413,17636,17637,17775,13257,original,,一般,
2023-12-21,TX,202401  ,17442,17544,17414,17529,-134,-0.76%,72886.0,17529,91643,17527,17529,17756,16001,original,,一般,
2023-12-22,TX,202401  ,17563,17597,17542,17558,29,0.17%,52791.0,17560,88621,17558,17563,17756,16001,original,,一般,
2023-12-25,TX,202401  ,17644,17666,17607,17622,62,0.35%,36922.0,17622,90227,17622,17625,17756,16001,original,,一般,
2023-12-26,TX,202401  ,17651,17740,17634,17735,113,0.64%,52770.0,17734,93499,17732,17735,17756,16001,original,,一般,
2023-12-27,TX,202401  ,17755,17874,17737,17857,123,0.69%,64820.0,17859,99464,17856,17860,17874,16001,original,,一般,
2023-12-28,TX,202401  ,17850,17887,17821,17865,6,0.03%,56537.0,17866,100979,17865,17868,17887,16001,original,,一般,
2023-12-29,TX,202401  ,17853,17900,17828,17868,2,0.01%,56505.0,17870,102826,17867,17869,17900,16001,original,,一般,
2024-01-02,TX,202401  ,17838,17920,17751,17798,-72,-0.40%,82827,17800,103404,17798,17800,17920,16001,original,,一般,
2024-01-03,TX,202401  ,17658,17667,17507,17546,-254,-1.43%,97851,17545,106526,17546,17549,17920,16001,original,,一般,
2024-01-04,TX,202401  ,17525,17583,17525,17546,1,0.01%,57402,17550,102022,17545,17547,17920,16001,original,,一般,
2024-01-05,TX,202401  ,17577,17626,17491,17519,-31,-0.18%,77062,17518,101818,17516,17519,17920,16001,original,,一般,
2024-01-08,TX,202401  ,17572,17706,17568,17595,77,0.44%,86585,17595,102591,17595,17596,17920,16001,original,,一般,
2024-01-09,TX,202401  ,17770,17782,17526,17545,-50,-0.28%,96286,17547,103756,17545,17546,17920,16001,original,,一般,
2024-01-10,TX,202401  ,17509,17521,17439,17458,-89,-0.51%,70327,17460,102213,17458,17460,17920,16001,original,,一般,
2024-01-11,TX,202401  ,17490,17606,17481,17575,115,0.66%,86899,17570,100653,17573,17574,17920,16001,original,,一般,
2024-01-12,TX,202401  ,17466,17570,17447,17489,-81,-0.46%,83946,17487,90295,17489,17490,17920,16001,original,,一般,
2024-01-15,TX,202401  ,17580,17655,17527,17559,72,0.41%,137809,17554,59653,17557,17559,17920,16001,original,,一般,
2024-01-16,TX,202401  ,17480,17499,17321,17333,-221,-1.26%,123488,17333,36428,17333,17335,17920,16001,original,,一般,
2024-01-17,TX,202401  ,17313,17344,17159,17167,-166,-0.96%,63464,0,23542,17167,17168,17920,16001,original,,一般,
2024-01-18,TX,202402  ,17240,17326,17215,17280,45,0.26%,90702,17282,79622,17279,17282,17906,17148,original,,一般,
2024-01-19,TX,202402  ,17541,17684,17504,17678,396,2.29%,111839,17674,82596,17676,17678,17906,17148,original,,一般,
2024-01-22,TX,202402  ,17816,17843,17747,17817,143,0.81%,83035,17815,80566,17816,17818,17906,17148,original,,一般,
2024-01-23,TX,202402  ,17799,17877,17790,17870,55,0.31%,77256,17868,81014,17870,17873,17906,17148,original,,一般,
2024-01-24,TX,202402  ,17903,17941,17876,17903,35,0.20%,65654,17896,79857,17899,17903,17941,17148,original,,一般,
2024-01-25,TX,202402  ,18016,18030,17935,17995,99,0.55%,74949,17997,81602,17996,17998,18090,17148,original,,一般,
2024-01-26,TX,202402  ,17951,18023,17936,17999,2,0.01%,65973,17999,81748,17999,18000,18090,17148,original,,一般,
2024-01-29,TX,202402  ,18011,18135,17970,18125,126,0.70%,73311,18123,84626,18124,18125,18135,17148,original,,一般,
2024-01-30,TX,202402  ,18129,18139,18064,18081,-42,-0.23%,63313,18081,80335,18081,18082,18152,17148,original,,一般,
2024-01-31,TX,202402  ,17990,18003,17904,17920,-161,-0.89%,78949,17921,78494,17921,17923,18152,17148,original,,一般,
2024-02-01,TX,202402  ,17956,17994,17882,17986,65,0.36%,82846,17985,79266,17986,17987,18152,17148,original,,一般,
2024-02-02,TX,202402  ,18100,18105,18023,18084,99,0.55%,64193,18084,79503,18084,18086,18152,17148,original,,一般,
2024-02-05,TX,202402  ,18008,18102,17958,18086,2,0.01%,72290,18085,76564,18085,18086,18152,17148,original,,一般,
2024-02-15,TX,202402  ,18590,18696,18531,18667,582,3.22%,112201,18666,76320,18665,18667,18696,17148,original,,一般,
2024-02-16,TX,202402  ,18683,18726,18633,18634,-32,-0.17%,65410,18639,71159,18632,18635,18727,17148,original,,一般,
2024-02-19,TX,202402  ,18680,18692,18619,18671,32,0.17%,80197,18669,51848,18671,18673,18727,17148,original,,一般,
2024-02-20,TX,202402  ,18634,18754,18596,18753,84,0.45%,86334,18751,29534,18752,18754,18754,17148,original,,一般,
2024-02-21,TX,202402  ,18738,18750,18659,18670,-81,-0.43%,41207,0,14640,18670,18671,18817,17148,original,,一般,
2024-02-22,TX,202403  ,18887,18890,18751,18889,196,1.05%,84610,18886,74973,18887,18889,18890,14451,original,,一般,
2024-02-23,TX,202403  ,18990,19000,18898,18913,27,0.14%,80858,18912,75413,18912,18913,19004,14451,original,,一般,
2024-02-26,TX,202403  ,18907,18996,18853,18963,51,0.27%,68087,18964,77674,18963,18965,19004,14451,original,,一般,
2024-02-27,TX,202403  ,18950,19020,18750,18867,-97,-0.51%,120451,18870,76800,18866,18868,19020,14451,original,,一般,
2024-02-29,TX,202403  ,18808,18997,18805,18966,96,0.51%,84818,18961,77669,18963,18967,19020,14451,original,,一般,
2024-03-01,TX,202403  ,18968,19017,18924,18961,0,0.00%,75198,18961,76059,18961,18962,19020,14451,original,,一般,
2024-03-04,TX,202403  ,19144,19340,19137,19314,353,1.86%,97821,19311,78964,19313,19314,19340,14451,original,,一般,
2024-03-05,TX,202403  ,19362,19436,19305,19389,78,0.40%,83640,19390,78397,19389,19390,19437,14451,original,,一般,
2024-03-06,TX,202403  ,19282,19523,19271,19509,119,0.61%,96101,19507,77454,19508,19509,19523,14451,original,,一般,
2024-03-07,TX,202403  ,19688,19770,19584,19709,202,1.04%,122063,19702,75980,19706,19709,19770,14451,original,,一般,
2024-03-08,TX,202403  ,19930,20009,19638,19791,89,0.45%,172140,19794,74424,19791,19793,20009,14451,original,,一般,
2024-03-11,TX,202403  ,19691,19825,19679,19715,-79,-0.40%,97483,19716,72175,19714,19717,20009,14451,original,,一般,
2024-03-12,TX,202403  ,19714,19956,19698,19955,239,1.21%,91498,19954,75208,19955,19956,20009,14451,original,,一般,
2024-03-13,TX,202403  ,19994,20064,19886,19927,-27,-0.14%,111450,19928,74018,19926,19927,20064,14451,original,,一般,
2024-03-14,TX,202403  ,19897,19978,19799,19939,11,0.06%,108905,19940,75728,19940,19941,20064,14451,original,,一般,
2024-03-15,TX,202403  ,19828,19873,19723,19730,-210,-1.05%,109827,19728,74667,19729,19731,20064,14451,original,,一般,
2024-03-18,TX,202403  ,19778,19920,19747,19919,191,0.97%,100312,19914,54819,19914,19919,20064,14451,original,,一般,
2024-03-19,TX,202403  ,19816,19911,19739,19867,-47,-0.24%,106964,19867,33641,19867,19870,20064,14451,original,,一般,
2024-03-20,TX,202403  ,19860,19956,19731,19747,-120,-0.60%,70463,0,21160,19747,19748,20064,14451,original,,一般,
2024-03-21,TX,202404  ,20048,20264,20029,20264,431,2.17%,110169,20260,74326,20263,20264,20264,17220,original,,一般,
2024-03-22,TX,202404  ,20226,20285,20122,20242,-18,-0.09%,94477,20240,69360,20241,20246,20358,17220,original,,一般,
2024-03-25,TX,202404  ,20256,20307,20188,20231,-9,-0.04%,72613,20229,69854,20229,20233,20358,17220,original,,一般,
2024-03-26,TX,202404  ,20280,20459,20038,20187,-42,-0.21%,173550,20185,71018,20183,20187,20459,17220,original,,一般,
2024-03-27,TX,202404  ,20185,20288,20148,20261,76,0.38%,86234,20258,71921,20260,20261,20459,17220,original,,一般,
2024-03-28,TX,202404  ,20238,20250,20081,20203,-55,-0.27%,103798,20202,73979,20202,20204,20459,17220,original,,一般,
2024-03-29,TX,202404  ,20226,20299,20192,20280,78,0.39%,84010,20278,75653,20279,20280,20459,17220,original,,一般,
2024-04-01,TX,202404  ,20393,20400,20259,20288,10,0.05%,83567,20293,75298,20288,20291,20459,17220,original,,一般,
2024-04-02,TX,202404  ,20350,20524,20350,20523,230,1.13%,96508,20521,80556,20522,20523,20524,17220,original,,一般,
2024-04-03,TX,202404  ,20370,20419,20275,20349,-172,-0.84%,111570,20351,75377,20353,20354,20554,17220,original,,一般,
2024-04-08,TX,202404  ,20404,20520,20375,20450,99,0.49%,85815,20447,75084,20449,20450,20554,17220,original,,一般,
2024-04-09,TX,202404  ,20538,20877,20518,20874,427,2.09%,117238,20869,77274,20872,20874,20877,17220,original,,一般,
2024-04-10,TX,202404  ,20822,20892,20804,20851,-18,-0.09%,75731,20848,74809,20850,20852,20893,17220,original,,一般,
2024-04-11,TX,202404  ,20706,20764,20651,20753,-95,-0.46%,88537,20752,74658,20753,20754,20893,17220,original,,一般,
2024-04-12,TX,202404  ,20745,20809,20682,20755,3,0.01%,91615,20753,69576,20754,20755,20893,17220,original,,一般,
2024-04-15,TX,202404  ,20544,20605,20460,20508,-245,-1.18%,114946,20506,52136,20505,20508,20893,17220,original,,一般,
2024-04-16,TX,202404  ,20278,20286,19798,19953,-553,-2.70%,175352,19947,27252,19945,19952,20893,17220,original,,一般,
2024-04-17,TX,202404  ,19942,20289,19927,20238,291,1.46%,73085,0,14384,20237,20238,20893,17220,original,,一般,
2024-04-18,TX,202405  ,20070,20359,20025,20358,169,0.84%,120221,20353,70527,20355,20358,20918,18754,original,,一般,
2024-04-19,TX,202405  ,19840,19924,19265,19546,-807,-3.97%,237961,19559,69324,19547,19549,20918,18754,original,,一般,
2024-04-22,TX,202405  ,19620,19715,19445,19524,-35,-0.18%,135191,19528,64468,19526,19527,20918,18754,original,,一般,
2024-04-23,TX,202405  ,19651,19745,19554,19677,149,0.76%,100612,19680,66999,19677,19681,20918,18754,original,,一般,
2024-04-24,TX,202405  ,19930,20202,19916,20170,490,2.49%,101458,20170,70681,20170,20175,20918,18754,original,,一般,
2024-04-25,TX,202405  ,19940,19979,19834,19885,-285,-1.41%,96972,19880,67785,19877,19884,20918,18754,original,,一般,
2024-04-26,TX,202405  ,20126,20271,20070,20178,298,1.50%,113798,20176,68404,20178,20181,20918,18754,original,,一般,
2024-04-29,TX,202405  ,20350,20560,20310,20552,376,1.86%,97993,20550,73761,20551,20552,20918,18754,original,,一般,
2024-04-30,TX,202405  ,20518,20576,20404,20413,-137,-0.67%,77061,20413,70218,20412,20413,20918,18754,original,,一般,
2024-05-02,TX,202405  ,20250,20380,20215,20291,-122,-0.60%,90193,20292,69380,20291,20292,20918,18754,original,,一般,
2024-05-03,TX,202405  ,20548,20597,20306,20382,90,0.44%,100974,20382,70362,20380,20382,20918,18754,original,,一般,
2024-05-06,TX,202405  ,20685,20714,20562,20602,220,1.08%,83722,20601,73198,20599,20602,20918,18754,original,,一般,
2024-05-07,TX,202405  ,20733,20756,20536,20650,49,0.24%,85595,20648,71409,20640,20650,20918,18754,original,,一般,
2024-05-08,TX,202405  ,20618,20738,20574,20725,77,0.37%,73449,20724,71217,20719,20725,20918,18754,original,,一般,
2024-05-09,TX,202405  ,20707,20763,20605,20612,-112,-0.54%,79443,20612,67471,20612,20615,20918,18754,original,,一般,
2024-05-10,TX,202405  ,20738,20828,20616,20809,197,0.96%,97925,20812,63044,20809,20815,20918,18754,original,,一般,
2024-05-13,TX,202405  ,20942,20965,20833,20883,71,0.34%,98279,20881,42670,20881,20882,20984,18754,original,,一般,
2024-05-14,TX,202405  ,20892,21015,20868,21013,132,0.63%,83853,21006,29010,21008,21013,21015,18754,original,,一般,
2024-05-15,TX,202405  ,21184,21361,21116,21143,137,0.65%,63511,0,13984,21142,21143,21361,18754,original,,一般,
2024-05-16,TX,202406  ,21465,21556,21326,21370,127,0.60%,104856,21372,69086,21370,21371,21556,16016,original,,一般,
2024-05-17,TX,202406  ,21303,21407,21288,21336,-36,-0.17%,71837,21335,69083,21335,21336,21556,16016,original,,一般,
2024-05-20,TX,202406  ,21435,21485,21153,21302,-33,-0.15%,109398,21299,70697,21297,21302,21556,16016,original,,一般,
2024-05-21,TX,202406  ,21324,21350,21165,21277,-22,-0.10%,74973,21282,71764,21277,21278,21556,16016,original,,一般,
2024-05-22,TX,202406  ,21293,21613,21283,21583,301,1.41%,95352,21581,78353,21582,21584,21613,16016,original,,一般,
2024-05-23,TX,202406  ,21630,21661,21492,21604,23,0.11%,85458,21605,76142,21603,21605,21661,16016,original,,一般,
2024-05-24,TX,202406  ,21448,21617,21414,21565,-40,-0.19%,74314,21568,76945,21565,21567,21691,16016,original,,一般,
2024-05-27,TX,202406  ,21670,21917,21655,21875,307,1.42%,88063,21870,78958,21872,21875,21917,16016,original,,一般,
2024-05-28,TX,202406  ,21892,21994,21845,21954,84,0.38%,71888,21951,79564,21953,21954,21994,16016,original,,一般,
2024-05-29,TX,202406  ,21865,21907,21720,21722,-229,-1.04%,85938,21730,79859,21726,21727,21994,16016,original,,一般,
2024-05-30,TX,202406  ,21512,21553,21368,21391,-339,-1.56%,100242,21395,79612,21390,21392,21994,16016,original,,一般,
2024-05-31,TX,202406  ,21505,21583,21253,21285,-110,-0.51%,130856,21288,83655,21283,21288,21994,16016,original,,一般,
2024-06-03,TX,202406  ,21469,21698,21424,21654,366,1.72%,116258,21655,86389,21651,21654,21994,16016,original,,一般,
2024-06-04,TX,202406  ,21560,21574,21284,21320,-335,-1.55%,111097,21327,83092,21320,21324,21994,16016,original,,一般,
2024-06-05,TX,202406  ,21350,21493,21226,21463,136,0.64%,108838,21460,82316,21463,21467,21994,16016,original,,一般,
2024-06-06,TX,202406  ,21825,21962,21791,21875,415,1.93%,109836,21873,82862,21872,21875,21994,16016,original,,一般,
2024-06-07,TX,202406  ,21839,21908,21781,21897,24,0.11%,69801,21894,80182,21894,21897,21994,16016,original,,一般,
2024-06-11,TX,202406  ,21920,21970,21783,21798,-96,-0.44%,94289,21801,75320,21798,21802,21994,16016,original,,一般,
2024-06-12,TX,202406  ,21829,22063,21790,22046,245,1.12%,95615,22046,78963,22045,22047,22063,16016,original,,一般,
2024-06-13,TX,202406  ,22308,22473,22207,22323,277,1.26%,114828,22325,75421,22323,22326,22473,16016,original,,一般,
2024-06-14,TX,202406  ,22274,22514,22270,22511,186,0.83%,86467,22510,71619,22511,22513,22514,16016,original,,一般,
2024-06-17,TX,202406  ,22430,22554,22420,22477,-33,-0.15%,91913,22477,45429,22475,22477,22554,16016,original,,一般,
2024-06-18,TX,202406  ,22726,22812,22666,22786,309,1.37%,98310,22786,29985,22783,22784,22812,16016,original,,一般,
2024-06-19,TX,202406  ,22956,23291,22940,23225,439,1.93%,79725,0,15948,23225,23226,23291,16016,original,,一般,
2024-06-20,TX,202407  ,23153,23380,23106,23378,243,1.05%,90192,23377,79838,23378,23379,23380,19165,original,,一般,
2024-06-21,TX,202407  ,23034,23291,23025,23210,-167,-0.71%,98199,23207,79392,23207,23210,23400,19165,original,,一般,
2024-06-24,TX,202407  ,23050,23073,22708,22746,-461,-1.99%,125022,22754,77031,22746,22750,23400,19165,original,,一般,
2024-06-25,TX,202407  ,22608,22776,22410,22743,-11,-0.05%,126047,22747,76265,22741,22743,23400,19165,original,,一般,
2024-06-26,TX,202407  ,22806,23005,22744,22872,125,0.55%,113347,22876,80383,22870,22872,23400,19165,original,,一般,
2024-06-27,TX,202407  ,22614,22822,22555,22793,-83,-0.36%,83796,22797,78201,22793,22794,23400,19165,original,,一般,
2024-06-28,TX,202407  ,22908,23117,22793,22983,186,0.82%,103428,22980,81762,22983,22984,23400,19165,original,,一般,
2024-07-01,TX,202407  ,22960,23166,22938,22991,11,0.05%,83651,22993,82025,22990,22991,23400,19165,original,,一般,
2024-07-02,TX,202407  ,22838,22993,22717,22831,-162,-0.70%,104985,22835,80084,22830,22832,23400,19165,original,,一般,
2024-07-03,TX,202407  ,23073,23188,22981,23185,350,1.53%,83985,23183,82758,23185,23186,23400,19165,original,,一般,
2024-07-04,TX,202407  ,23487,23626,23461,23624,441,1.90%,88198,23621,83790,23624,23625,23626,19165,original,,一般,
2024-07-05,TX,202407  ,23659,23677,23526,23570,-51,-0.22%,60596,23571,82017,23569,23572,23697,19165,original,,一般,
2024-07-08,TX,202407  ,23545,23994,23512,23913,342,1.45%,107009,23909,85253,23911,23913,23994,19165,original,,一般,
2024-07-09,TX,202407  ,23945,24092,23624,23878,-31,-0.13%,130797,23881,83035,23879,23882,24092,19165,original,,一般,
2024-07-10,TX,202407  ,23759,24014,23702,24000,119,0.50%,106474,24002,83357,24001,24004,24092,19165,original,,一般,
2024-07-11,TX,202407  ,24251,24405,24160,24367,365,1.52%,93552,24371,82254,24367,24370,24405,19165,original,,一般,
2024-07-12,TX,202407  ,24038,24070,23784,23808,-563,-2.31%,115064,23814,76346,23807,23810,24449,19165,original,,一般,
2024-07-15,TX,202407  ,24091,24112,23756,23853,39,0.16%,128376,23851,51912,23850,23853,24449,19165,original,,一般,
2024-07-16,TX,202407  ,23830,24182,23824,24002,151,0.63%,129269,23994,31964,23998,24002,24449,19165,original,,一般,
2024-07-17,TX,202407  ,23980,24000,23647,23679,-315,-1.31%,82666,0,16600,23677,23679,24449,19165,original,,一般,
2024-07-18,TX,202408  ,23294,23444,23154,23383,-396,-1.67%,126201,23387,84604,23382,23386,24442,20959,original,,一般,
2024-07-19,TX,202408  ,23148,23185,22853,22909,-478,-2.04%,126482,22907,81798,22907,22909,24442,20959,original,,一般,
2024-07-22,TX,202408  ,22859,22906,22184,22379,-528,-2.30%,177941,22374,85117,22373,22380,24442,20959,original,,一般,
2024-07-23,TX,202408  ,22600,22871,22571,22830,456,2.04%,95310,22835,81335,22829,22830,24442,20959,original,,一般,
2024-07-26,TX,202408  ,22028,22156,21918,22095,-740,-3.24%,121567,22096,80936,22087,22095,24442,20959,original,,一般,
2024-07-29,TX,202408  ,22430,22519,22146,22261,165,0.75%,99245,22256,80737,22261,22262,24442,20959,original,,一般,
2024-07-30,TX,202408  ,21933,22299,21809,22246,-10,-0.04%,126029,22252,81657,22246,22248,24442,20959,original,,一般,
2024-07-31,TX,202408  ,22050,22348,22013,22290,38,0.17%,109982,22284,80444,22287,22290,24442,20959,original,,一般,
2024-08-01,TX,202408  ,22721,22728,22460,22653,369,1.66%,102459,22660,83214,22650,22655,24442,20959,original,,一般,
2024-08-02,TX,202408  ,22000,22099,21508,21533,-1127,-4.97%,139674,21526,87386,21532,21537,24442,20959,original,,一般,
2024-08-05,TX,202408  ,20712,20742,19374,19374,-2152,-10.00%,211207,19374,77869,-,19374,24442,19374,original,,一般,
2024-08-06,TX,202408  ,20395,20790,19589,20420,1046,5.40%,190100,20455,75639,20411,20425,24442,18836,original,,一般,
2024-08-07,TX,202408  ,20500,21335,20494,21131,676,3.30%,155051,21142,78081,21132,21135,24442,18836,original,,一般,
2024-08-08,TX,202408  ,20680,21082,20545,20696,-446,-2.11%,121331,20698,76723,20691,20700,24442,18836,original,,一般,
2024-08-09,TX,202408  ,21305,21593,21032,21481,783,3.78%,136829,21483,79384,21478,21480,24442,18836,original,,一般,
2024-08-12,TX,202408  ,21650,21895,21600,21677,194,0.90%,89347,21676,78486,21673,21677,24442,18836,original,,一般,
2024-08-13,TX,202408  ,21848,21898,21662,21769,93,0.43%,68585,21771,78430,21764,21769,24442,18836,original,,一般,
2024-08-14,TX,202408  ,22104,22158,21908,21978,207,0.95%,85768,21996,80441,21978,21984,24442,18836,original,,一般,
2024-08-15,TX,202408  ,21993,22114,21836,21840,-156,-0.71%,71553,21840,78839,21837,21840,24442,18836,original,,一般,
2024-08-16,TX,202408  ,22324,22447,22277,22367,527,2.41%,83257,22365,73203,22366,22367,24442,18836,original,,一般,
2024-08-19,TX,202408  ,22400,22521,22320,22361,-4,-0.02%,103565,22361,48532,22359,22361,24442,18836,original,,一般,
2024-08-20,TX,202408  ,22555,22574,22389,22436,75,0.34%,84420,22435,27430,22436,22441,24442,18836,original,,一般,
2024-08-21,TX,202408  ,22311,22344,22151,22200,-235,-1.05%,47368,0,13630,22200,22201,24442,18836,original,,一般,
2024-08-22,TX,202409  ,22229,22277,22026,22100,-102,-0.46%,72407,22100,80840,22100,22104,24441,15810,original,,一般,
2024-08-23,TX,202409  ,21942,22170,21865,22129,29,0.13%,67429,22123,80092,22125,22128,24441,15810,original,,一般,
2024-08-26,TX,202409  ,22230,22450,22131,22206,83,0.38%,82518,22210,83602,22204,22206,24441,15810,original,,一般,
2024-08-27,TX,202409  ,22112,22210,21998,22146,-64,-0.29%,64037,22152,81648,22146,22159,24441,15810,original,,一般,
2024-08-28,TX,202409  ,22181,22414,22048,22401,249,1.12%,77112,22405,82358,22400,22404,24441,15810,original,,一般,
2024-08-29,TX,202409  ,21938,22245,21900,22176,-229,-1.02%,80378,22167,79788,22174,22176,24441,15810,original,,一般,
2024-08-30,TX,202409  ,22320,22366,22213,22323,156,0.70%,62747,22318,82251,22321,22323,24441,15810,original,,一般,
2024-09-02,TX,202409  ,22318,22448,22172,22227,-91,-0.41%,72350,22212,84141,22224,22232,24441,15810,original,,一般,
2024-09-03,TX,202409  ,22205,22314,22000,22070,-142,-0.64%,72699,22051,82306,22065,22072,24441,15810,original,,一般,
2024-09-04,TX,202409  ,21246,21347,20828,20947,-1104,-5.01%,139676,20940,75158,20938,20944,24441,15810,original,,一般,
2024-09-05,TX,202409  ,21310,21454,21056,21183,243,1.16%,85120,21183,73170,21179,21185,24441,15810,original,,一般,
2024-09-06,TX,202409  ,21211,21435,21013,21319,136,0.64%,92055,21316,72351,21316,21320,24441,15810,original,,一般,
2024-09-09,TX,202409  ,20734,21125,20616,21073,-243,-1.14%,95274,21083,71092,21076,21078,24441,15810,original,,一般,
2024-09-10,TX,202409  ,21233,21281,20905,21000,-83,-0.39%,96570,21005,69425,20998,21000,24441,15810,original,,一般,
2024-09-11,TX,202409  ,21100,21130,20950,21005,0,0.00%,74321,21006,70009,21005,21009,24441,15810,original,,一般,
2024-09-12,TX,202409  ,21597,21780,21461,21711,705,3.36%,91690,21703,67746,21707,21711,24441,15810,original,,一般,
2024-09-13,TX,202409  ,21800,21833,21657,21820,117,0.54%,74408,21815,53424,21820,21824,24441,15810,original,,一般,
2024-09-16,TX,202409  ,21807,21871,21735,21813,-2,-0.01%,72650,21815,28744,21813,21816,24441,15810,original,,一般,
2024-09-18,TX,202409  ,21730,21872,21560,21619,-196,-0.90%,46802,0,17137,21618,21619,24441,15810,original,,一般,
2024-09-19,TX,202410  ,21763,22082,21661,22074,380,1.75%,82818,22075,73946,22072,22074,23578,18900,original,,一般,
2024-09-20,TX,202410  ,22345,22425,22186,22220,145,0.66%,69559,22216,77252,22218,22220,23578,18900,original,,一般,
2024-09-23,TX,202410  ,22291,22392,22258,22338,122,0.55%,52925,22338,79093,22335,22344,23578,18900,original,,一般,
2024-09-24,TX,202410  ,22298,22508,22152,22491,153,0.68%,77440,22493,76019,22490,22492,23578,18900,original,,一般,
2024-09-25,TX,202410  ,22835,22860,22739,22792,299,1.33%,63897,22792,79930,22788,22794,23578,18900,original,,一般,
2024-09-26,TX,202410  ,23034,23078,22892,22957,165,0.72%,65948,22957,81470,22955,22957,23578,18900,original,,一般,
2024-09-27,TX,202410  ,23190,23195,22878,22884,-73,-0.32%,75657,22892,82677,22882,22884,23578,18900,original,,一般,
2024-09-30,TX,202410  ,22699,22755,22316,22326,-566,-2.47%,87164,22326,80080,22326,22328,23578,18900,original,,一般,
2024-10-01,TX,202410  ,22246,22463,22228,22391,65,0.29%,57504,22391,80872,22390,22398,23578,18900,original,,一般,
2024-10-04,TX,202410  ,22331,22507,22250,22284,-107,-0.48%,83107,22288,79065,22281,22288,23578,18900,original,,一般,
2024-10-07,TX,202410  ,22570,22808,22539,22779,491,2.20%,76667,22767,82989,22776,22780,23578,18900,original,,一般,
2024-10-08,TX,202410  ,22606,22634,22392,22575,-192,-0.84%,73369,22578,77985,22575,22582,23578,18900,original,,一般,
2024-10-09,TX,202410  ,22770,22888,22666,22702,124,0.55%,66303,22699,78346,22700,22702,23578,18900,original,,一般,
2024-10-11,TX,202410  ,22829,23047,22794,22912,213,0.94%,69251,22911,77427,22912,22915,23578,18900,original,,一般,
2024-10-14,TX,202410  ,22987,23049,22818,23008,97,0.42%,85874,23005,51580,23008,23012,23578,18900,original,,一般,
2024-10-15,TX,202410  ,23168,23386,23101,23225,220,0.96%,79192,23228,32192,23224,23226,23578,18900,original,,一般,
2024-10-16,TX,202410  ,22897,23203,22855,22986,-242,-1.04%,47339,0,17616,22986,22987,23578,18900,original,,一般,
2024-10-17,TX,202411  ,23142,23277,23005,23256,195,0.85%,75826,23256,71693,23256,23258,23441,20599,original,,一般,
2024-10-18,TX,202411  ,23820,23840,23527,23657,401,1.72%,90326,23657,74956,23658,23659,23988,20599,original,,一般,
2024-10-21,TX,202411  ,23810,23836,23566,23567,-90,-0.38%,53481,23574,74766,23570,23575,23988,20599,original,,一般,
2024-10-22,TX,202411  ,23560,23637,23332,23633,59,0.25%,70377,23621,72949,23629,23633,23988,20599,original,,一般,
2024-10-23,TX,202411  ,23498,23511,23336,23406,-215,-0.91%,65409,23409,72810,23403,23407,23988,20599,original,,一般,
2024-10-24,TX,202411  ,23383,23449,23203,23304,-105,-0.45%,73038,23290,71208,23301,23304,23988,20599,original,,一般,
2024-10-25,TX,202411  ,23270,23487,23252,23481,191,0.82%,57307,23476,74207,23479,23481,23988,20599,original,,一般,
2024-10-28,TX,202411  ,23650,23657,23216,23326,-150,-0.64%,84796,23322,74614,23320,23327,23988,20599,original,,一般,
2024-10-29,TX,202411  ,23137,23148,22693,22976,-346,-1.48%,107580,22979,74625,22975,22976,23988,20599,original,,一般,
2024-10-30,TX,202411  ,23072,23145,22845,22904,-75,-0.33%,63255,22901,73683,22901,22904,23988,20599,original,,一般,
2024-11-01,TX,202411  ,22397,22822,22232,22753,-148,-0.65%,87411,22767,71644,22753,22756,23988,20599,original,,一般,
2024-11-04,TX,202411  ,22767,23046,22700,23041,274,1.20%,65879,23036,72446,23037,23040,23988,20599,original,,一般,
2024-11-05,TX,202411  ,22808,23239,22782,23135,99,0.43%,73010,23137,72684,23136,23142,23988,20599,original,,一般,
2024-11-06,TX,202411  ,23250,23448,23051,23324,187,0.81%,102643,23319,74000,23324,23327,23988,20599,original,,一般,
2024-11-07,TX,202411  ,23183,23576,23085,23532,213,0.91%,78519,23525,75116,23533,23534,23988,20599,original,,一般,
2024-11-08,TX,202411  ,23772,23794,23528,23781,256,1.09%,71139,23774,73378,23779,23781,23988,20599,original,,一般,
2024-11-11,TX,202411  ,23555,23632,23309,23573,-201,-0.85%,71558,23572,74767,23573,23575,23988,20599,original,,一般,
2024-11-12,TX,202411  ,23013,23242,22863,22869,-703,-2.98%,84421,22875,73649,22868,22870,23988,20599,original,,一般,
2024-11-13,TX,202411  ,22755,23015,22730,22783,-92,-0.40%,73177,22786,70949,22779,22783,23988,20599,original,,一般,
2024-11-14,TX,202411  ,22786,22880,22576,22684,-102,-0.45%,86815,22692,70720,22680,22685,23988,20599,original,,一般,
2024-11-15,TX,202411  ,22710,22930,22684,22759,67,0.30%,71504,22762,68388,22758,22760,23988,20599,original,,一般,
2024-11-18,TX,202411  ,22654,22789,22544,22574,-188,-0.83%,93348,22573,45523,22572,22577,23988,20599,original,,一般,
2024-11-19,TX,202411  ,22641,22995,22592,22850,277,1.23%,90975,22848,22530,22849,22850,23988,20599,original,,一般,
2024-11-20,TX,202411  ,22906,22956,22668,22686,-162,-0.71%,40197,0,12357,22686,22687,23988,20599,original,,一般,
2024-11-21,TX,202412  ,22647,22733,22514,22573,-206,-0.90%,74026,22575,76311,22571,22578,24463,16885,original,,一般,
2024-11-22,TX,202412  ,22811,23066,22780,23038,463,2.05%,71376,23032,75719,23035,23038,24463,16885,original,,一般,
2024-11-25,TX,202412  ,23254,23287,23014,23066,34,0.15%,61805,23062,81318,23063,23066,24463,16885,original,,一般,
2024-11-26,TX,202412  ,22710,22845,22615,22636,-426,-1.85%,68259,22634,81107,22636,22638,24463,16885,original,,一般,
2024-11-27,TX,202412  ,22600,22690,22341,22347,-287,-1.27%,67320,22352,81400,22343,22348,24463,16885,original,,一般,
2024-11-28,TX,202412  ,22302,22385,22117,22337,-15,-0.07%,75167,22330,81045,22335,22337,24463,16885,original,,一般,
2024-11-29,TX,202412  ,22210,22438,22004,22313,-17,-0.08%,84632,22307,79496,22309,22311,24463,16885,original,,一般,
2024-12-02,TX,202412  ,22530,22828,22498,22827,520,2.33%,61921,22822,78718,22825,22828,24463,16885,original,,一般,
2024-12-03,TX,202412  ,23152,23191,22999,23112,290,1.27%,64384,23111,77052,23110,23112,24463,16885,original,,一般,
2024-12-04,TX,202412  ,23200,23296,23071,23294,183,0.79%,52064,23286,75381,23294,23295,24463,16885,original,,一般,
2024-12-05,TX,202412  ,23260,23328,23211,23251,-35,-0.15%,45283,23252,74237,23251,23259,24463,16885,original,,一般,
2024-12-06,TX,202412  ,23321,23360,23134,23179,-73,-0.31%,60688,23180,73146,23175,23179,24463,16885,original,,一般,
2024-12-09,TX,202412  ,23193,23287,23170,23249,69,0.30%,47014,23250,73376,23249,23254,24463,16885,original,,一般,
2024-12-10,TX,202412  ,23228,23337,23026,23090,-160,-0.69%,70540,23078,74389,23087,23091,24463,16885,original,,一般,
2024-12-11,TX,202412  ,22887,23055,22824,22848,-230,-1.00%,60252,22847,76378,22847,22849,24463,16885,original,,一般,
2024-12-12,TX,202412  ,23004,23211,23003,23107,260,1.14%,59344,23107,77376,23106,23109,24463,16885,original,,一般,
2024-12-13,TX,202412  ,22996,23092,22888,22986,-121,-0.52%,64309,22984,73029,22985,22988,24463,16885,original,,一般,
2024-12-16,TX,202412  ,23220,23270,22946,22961,-23,-0.10%,95042,22966,44146,22960,22961,24463,16885,original,,一般,
2024-12-17,TX,202412  ,23105,23215,23024,23031,65,0.28%,77090,23030,27667,23030,23033,24463,16885,original,,一般,
2024-12-18,TX,202412  ,22937,23200,22902,23105,75,0.33%,44222,0,12952,23104,23105,24463,16885,original,,一般,
2024-12-19,TX,202501  ,22747,22906,22718,22849,-330,-1.42%,72523,22852,72346,22849,22853,23996,22039,original,,一般,
2024-12-20,TX,202501  ,22767,22793,22590,22635,-217,-0.95%,75535,22631,71133,22633,22635,23996,22039,original,,一般,
2024-12-23,TX,202501  ,22904,23245,22899,23242,611,2.70%,67589,23233,73230,23240,23242,23996,22039,original,,一般,
2024-12-24,TX,202501  ,23430,23459,23187,23216,-17,-0.07%,47581,23201,72189,23213,23215,23996,22039,original,,一般,
2024-12-25,TX,202501  ,23340,23349,23240,23329,128,0.55%,32836,23326,72934,23327,23330,23996,22039,original,,一般,
2024-12-26,TX,202501  ,23358,23380,23285,23326,0,0.00%,27231,23326,74328,23326,23329,23996,22039,original,,一般,
2024-12-27,TX,202501  ,23194,23378,23148,23372,46,0.20%,43009,23372,73146,23372,23377,23996,22039,original,,一般,
2024-12-30,TX,202501  ,23202,23324,23154,23177,-195,-0.83%,37022,23171,73059,23174,23177,23996,22039,original,,一般,
2024-12-31,TX,202501  ,22998,23110,22955,23041,-130,-0.56%,48455,23044,72625,23041,23046,23996,22039,original,,一般,
